ID понятия;Слово / понятие;Описание — до 20 слов;Категория;Другие названия / начертания;Статус;Полнота проверки, %;Ошибочных принятых ответов;Файлы для обучения;Файлы для регрессии;SHA модели;Отчёт проверки;Ограничения / примечания;Медиа — разбиение не назначено
vc0001;красный;Название цвета: красный. Цвет изображения зависит от освещения и отображения.;Цвет;;Проверено на синтетике;;;;;a4a168a362f6afb20b9dc579ad91c47ca725ab0cbadb6a556a3d6e257e6c1fae;W:\toolbox_IDEA\programs\IdeaProjects\ai-brain\artifacts\m33-primary-relations-20261008-v5\report.json;Только ограниченный процедурный курс. Метрики по этому понятию отдельно не внесены.;D:\ai-brain-data\visual-lexicon\belarus-primary-20261009\reviews\world_language\OBJ_2kl_Abroskina_rus_2024\crop-0091.png
vc0002;синий;Название цвета: синий. Цвет изображения зависит от освещения и отображения.;Цвет;;Проверено на синтетике;;;;;a4a168a362f6afb20b9dc579ad91c47ca725ab0cbadb6a556a3d6e257e6c1fae;W:\toolbox_IDEA\programs\IdeaProjects\ai-brain\artifacts\m33-primary-relations-20261008-v5\report.json;Только ограниченный процедурный курс. Метрики по этому понятию отдельно не внесены.;
vc0003;зелёный;Название цвета: зелёный. Цвет изображения зависит от освещения и отображения.;Цвет;;Проверено на синтетике;;;;;a4a168a362f6afb20b9dc579ad91c47ca725ab0cbadb6a556a3d6e257e6c1fae;W:\toolbox_IDEA\programs\IdeaProjects\ai-brain\artifacts\m33-primary-relations-20261008-v5\report.json;Только ограниченный процедурный курс. Метрики по этому понятию отдельно не внесены.;D:\ai-brain-data\visual-lexicon\belarus-primary-20261009\reviews\world_language\OBJ_2kl_Abroskina_rus_2024\crop-0093.png
vc0004;жёлтый;Название цвета: жёлтый. Цвет изображения зависит от освещения и отображения.;Цвет;;Проверено на синтетике;;;;;a4a168a362f6afb20b9dc579ad91c47ca725ab0cbadb6a556a3d6e257e6c1fae;W:\toolbox_IDEA\programs\IdeaProjects\ai-brain\artifacts\m33-primary-relations-20261008-v5\report.json;Только ограниченный процедурный курс. Метрики по этому понятию отдельно не внесены.;D:\ai-brain-data\visual-lexicon\belarus-primary-20261009\reviews\world_language\OBJ_2kl_Abroskina_rus_2024\crop-0092.png
vc0005;оранжевый;Название цвета: оранжевый. Цвет изображения зависит от освещения и отображения.;Цвет;;Проверено на синтетике;;;;;a4a168a362f6afb20b9dc579ad91c47ca725ab0cbadb6a556a3d6e257e6c1fae;W:\toolbox_IDEA\programs\IdeaProjects\ai-brain\artifacts\m33-primary-relations-20261008-v5\report.json;Только ограниченный процедурный курс. Метрики по этому понятию отдельно не внесены.;
vc0006;фиолетовый;Название цвета: фиолетовый. Цвет изображения зависит от освещения и отображения.;Цвет;;Проверено на синтетике;;;;;a4a168a362f6afb20b9dc579ad91c47ca725ab0cbadb6a556a3d6e257e6c1fae;W:\toolbox_IDEA\programs\IdeaProjects\ai-brain\artifacts\m33-primary-relations-20261008-v5\report.json;Только ограниченный процедурный курс. Метрики по этому понятию отдельно не внесены.;
vc0007;круг;Плоская область внутри окружности.;Плоская форма;;Проверено на синтетике;;;;;a4a168a362f6afb20b9dc579ad91c47ca725ab0cbadb6a556a3d6e257e6c1fae;W:\toolbox_IDEA\programs\IdeaProjects\ai-brain\artifacts\m33-primary-relations-20261008-v5\report.json;Обучено наиболее конкретное прототипное название. Иерархия форм пока не проверена.;
vc0008;овал;"Плоская округлая вытянутая форма; в первом курсе представлен эллипсом.";Плоская форма;;Проверено на синтетике;;;;;a4a168a362f6afb20b9dc579ad91c47ca725ab0cbadb6a556a3d6e257e6c1fae;W:\toolbox_IDEA\programs\IdeaProjects\ai-brain\artifacts\m33-primary-relations-20261008-v5\report.json;Обучено наиболее конкретное прототипное название. Иерархия форм пока не проверена.;
vc0009;квадрат;Прямоугольник с четырьмя равными сторонами.;Плоская форма;;Проверено на синтетике;;;;;a4a168a362f6afb20b9dc579ad91c47ca725ab0cbadb6a556a3d6e257e6c1fae;W:\toolbox_IDEA\programs\IdeaProjects\ai-brain\artifacts\m33-primary-relations-20261008-v5\report.json;Обучено наиболее конкретное прототипное название. Иерархия форм пока не проверена.;
vc0010;прямоугольник;Четырёхугольник с четырьмя прямыми углами.;Плоская форма;;Проверено на синтетике;;;;;a4a168a362f6afb20b9dc579ad91c47ca725ab0cbadb6a556a3d6e257e6c1fae;W:\toolbox_IDEA\programs\IdeaProjects\ai-brain\artifacts\m33-primary-relations-20261008-v5\report.json;Обучено наиболее конкретное прототипное название. Иерархия форм пока не проверена.;D:\ai-brain-data\visual-lexicon\belarus-primary-20261009\reviews\math\crops\math-076-book4-page0064.png
vc0011;треугольник;Многоугольник с тремя сторонами.;Плоская форма;;Проверено на синтетике;;;;;a4a168a362f6afb20b9dc579ad91c47ca725ab0cbadb6a556a3d6e257e6c1fae;W:\toolbox_IDEA\programs\IdeaProjects\ai-brain\artifacts\m33-primary-relations-20261008-v5\report.json;Обучено наиболее конкретное прототипное название. Иерархия форм пока не проверена.;D:\ai-brain-data\visual-lexicon\belarus-primary-20261009\reviews\math\crops\math-077-book4-page0064.png
vc0012;пятиконечная звезда;Графическая фигура с пятью внешними лучами. Не астрономический объект.;Плоская форма;звезда — в прототипном курсе;Проверено на синтетике;;;;;a4a168a362f6afb20b9dc579ad91c47ca725ab0cbadb6a556a3d6e257e6c1fae;W:\toolbox_IDEA\programs\IdeaProjects\ai-brain\artifacts\m33-primary-relations-20261008-v5\report.json;Обучено наиболее конкретное прототипное название. Иерархия форм пока не проверена.;
vc0013;количество 0;Количество видимых предметов: 0. Не изображение написанной цифры.;Количество;;Проверено на синтетике;;;;;a4a168a362f6afb20b9dc579ad91c47ca725ab0cbadb6a556a3d6e257e6c1fae;W:\toolbox_IDEA\programs\IdeaProjects\ai-brain\artifacts\m33-primary-relations-20261008-v5\report.json;Проверен числовой ответ. Понимание русского названия числа отдельно не подтверждено.;
vc0014;количество 1;Количество видимых предметов: 1. Не изображение написанной цифры.;Количество;;Проверено на синтетике;;;;;a4a168a362f6afb20b9dc579ad91c47ca725ab0cbadb6a556a3d6e257e6c1fae;W:\toolbox_IDEA\programs\IdeaProjects\ai-brain\artifacts\m33-primary-relations-20261008-v5\report.json;Проверен числовой ответ. Понимание русского названия числа отдельно не подтверждено.;
vc0015;количество 2;Количество видимых предметов: 2. Не изображение написанной цифры.;Количество;;Проверено на синтетике;;;;;a4a168a362f6afb20b9dc579ad91c47ca725ab0cbadb6a556a3d6e257e6c1fae;W:\toolbox_IDEA\programs\IdeaProjects\ai-brain\artifacts\m33-primary-relations-20261008-v5\report.json;Проверен числовой ответ. Понимание русского названия числа отдельно не подтверждено.;
vc0016;количество 3;Количество видимых предметов: 3. Не изображение написанной цифры.;Количество;;Проверено на синтетике;;;;;a4a168a362f6afb20b9dc579ad91c47ca725ab0cbadb6a556a3d6e257e6c1fae;W:\toolbox_IDEA\programs\IdeaProjects\ai-brain\artifacts\m33-primary-relations-20261008-v5\report.json;Проверен числовой ответ. Понимание русского названия числа отдельно не подтверждено.;
vc0017;количество 4;Количество видимых предметов: 4. Не изображение написанной цифры.;Количество;;Проверено на синтетике;;;;;a4a168a362f6afb20b9dc579ad91c47ca725ab0cbadb6a556a3d6e257e6c1fae;W:\toolbox_IDEA\programs\IdeaProjects\ai-brain\artifacts\m33-primary-relations-20261008-v5\report.json;Проверен числовой ответ. Понимание русского названия числа отдельно не подтверждено.;
vc0018;количество 5;Количество видимых предметов: 5. Не изображение написанной цифры.;Количество;;Проверено на синтетике;;;;;a4a168a362f6afb20b9dc579ad91c47ca725ab0cbadb6a556a3d6e257e6c1fae;W:\toolbox_IDEA\programs\IdeaProjects\ai-brain\artifacts\m33-primary-relations-20261008-v5\report.json;Проверен числовой ответ. Понимание русского названия числа отдельно не подтверждено.;
vc0019;одинаковый цвет;Два предмета имеют одну общую цветовую метку.;Отношение;;Проверено на синтетике;;;;;a4a168a362f6afb20b9dc579ad91c47ca725ab0cbadb6a556a3d6e257e6c1fae;W:\toolbox_IDEA\programs\IdeaProjects\ai-brain\artifacts\m33-primary-relations-20261008-v5\report.json;Для расположения: уникальные цветовые ссылки и неперекрывающиеся проекции. Остальные случаи — UNKNOWN.;
vc0020;разный цвет;Цветовые метки двух предметов различаются.;Отношение;;Проверено на синтетике;;;;;a4a168a362f6afb20b9dc579ad91c47ca725ab0cbadb6a556a3d6e257e6c1fae;W:\toolbox_IDEA\programs\IdeaProjects\ai-brain\artifacts\m33-primary-relations-20261008-v5\report.json;Для расположения: уникальные цветовые ссылки и неперекрывающиеся проекции. Остальные случаи — UNKNOWN.;
vc0021;одинаковая форма;Два предмета имеют одно конкретное прототипное название формы.;Отношение;;Проверено на синтетике;;;;;a4a168a362f6afb20b9dc579ad91c47ca725ab0cbadb6a556a3d6e257e6c1fae;W:\toolbox_IDEA\programs\IdeaProjects\ai-brain\artifacts\m33-primary-relations-20261008-v5\report.json;Для расположения: уникальные цветовые ссылки и неперекрывающиеся проекции. Остальные случаи — UNKNOWN.;
vc0022;разная форма;Конкретные прототипные названия форм двух предметов различаются.;Отношение;;Проверено на синтетике;;;;;a4a168a362f6afb20b9dc579ad91c47ca725ab0cbadb6a556a3d6e257e6c1fae;W:\toolbox_IDEA\programs\IdeaProjects\ai-brain\artifacts\m33-primary-relations-20261008-v5\report.json;Для расположения: уникальные цветовые ссылки и неперекрывающиеся проекции. Остальные случаи — UNKNOWN.;
vc0023;левее;Предмет расположен левее другого по горизонтали.;Отношение;;Проверено на синтетике;;;;;a4a168a362f6afb20b9dc579ad91c47ca725ab0cbadb6a556a3d6e257e6c1fae;W:\toolbox_IDEA\programs\IdeaProjects\ai-brain\artifacts\m33-primary-relations-20261008-v5\report.json;Для расположения: уникальные цветовые ссылки и неперекрывающиеся проекции. Остальные случаи — UNKNOWN.;
vc0024;правее;Предмет расположен правее другого по горизонтали.;Отношение;;Проверено на синтетике;;;;;a4a168a362f6afb20b9dc579ad91c47ca725ab0cbadb6a556a3d6e257e6c1fae;W:\toolbox_IDEA\programs\IdeaProjects\ai-brain\artifacts\m33-primary-relations-20261008-v5\report.json;Для расположения: уникальные цветовые ссылки и неперекрывающиеся проекции. Остальные случаи — UNKNOWN.;
vc0025;выше;Предмет расположен выше другого на изображении.;Отношение;;Проверено на синтетике;;;;;a4a168a362f6afb20b9dc579ad91c47ca725ab0cbadb6a556a3d6e257e6c1fae;W:\toolbox_IDEA\programs\IdeaProjects\ai-brain\artifacts\m33-primary-relations-20261008-v5\report.json;Для расположения: уникальные цветовые ссылки и неперекрывающиеся проекции. Остальные случаи — UNKNOWN.;
vc0026;ниже;Предмет расположен ниже другого на изображении.;Отношение;;Проверено на синтетике;;;;;a4a168a362f6afb20b9dc579ad91c47ca725ab0cbadb6a556a3d6e257e6c1fae;W:\toolbox_IDEA\programs\IdeaProjects\ai-brain\artifacts\m33-primary-relations-20261008-v5\report.json;Для расположения: уникальные цветовые ссылки и неперекрывающиеся проекции. Остальные случаи — UNKNOWN.;
vc0027;да;Ответ, подтверждающий проверяемое утверждение при достаточных данных.;Ответ;;Проверено на синтетике;;;;;a4a168a362f6afb20b9dc579ad91c47ca725ab0cbadb6a556a3d6e257e6c1fae;W:\toolbox_IDEA\programs\IdeaProjects\ai-brain\artifacts\m33-primary-relations-20261008-v5\report.json;Стратегия ответа на ограниченные задачи, не распознаваемый предмет и не свободный диалог.;
vc0028;нет;Ответ, опровергающий проверяемое утверждение при достаточных данных.;Ответ;;Проверено на синтетике;;;;;a4a168a362f6afb20b9dc579ad91c47ca725ab0cbadb6a556a3d6e257e6c1fae;W:\toolbox_IDEA\programs\IdeaProjects\ai-brain\artifacts\m33-primary-relations-20261008-v5\report.json;Стратегия ответа на ограниченные задачи, не распознаваемый предмет и не свободный диалог.;
vc0029;не знаю;Отказ от утверждения при недостаточных или неоднозначных данных.;Ответ;UNKNOWN;Проверено на синтетике;;;;;a4a168a362f6afb20b9dc579ad91c47ca725ab0cbadb6a556a3d6e257e6c1fae;W:\toolbox_IDEA\programs\IdeaProjects\ai-brain\artifacts\m33-primary-relations-20261008-v5\report.json;Стратегия ответа на ограниченные задачи, не распознаваемый предмет и не свободный диалог.;
vc0030;белый;Название белого цвета. Освещение может менять видимый оттенок.;Цвет;;Запланировано;;;;;;;;
vc0031;чёрный;Название чёрного цвета. Тень сама по себе не определяет цвет предмета.;Цвет;;Запланировано;;;;;;;;
vc0032;серый;Ахроматический цвет между белым и чёрным.;Цвет;;Запланировано;;;;;;;;
vc0033;коричневый;Название группы коричневых оттенков.;Цвет;;Запланировано;;;;;;;;
vc0034;розовый;Название группы розовых оттенков.;Цвет;;Запланировано;;;;;;;;
vc0035;голубой;Название светлой группы синих оттенков.;Цвет;;Запланировано;;;;;;;;
vc0036;светлый оттенок;Оттенок выглядит светлее сравниваемого в заданных условиях.;Свойство;;Запланировано;;;;;;;;
vc0037;тёмный оттенок;Оттенок выглядит темнее сравниваемого в заданных условиях.;Свойство;;Запланировано;;;;;;;;
vc0038;светло;В сцене достаточно видимого освещения. Проверяется по сцене, не отдельному цвету.;Свойство;;Запланировано;;;;;;;;
vc0039;темно;В сцене мало видимого освещения. Проверяется по сцене, не отдельному цвету.;Свойство;;Запланировано;;;;;;;;
vc0040;большой;Больший по выбранному размеру относительно другого предмета.;Свойство;;Запланировано;;;;;;;;
vc0041;маленький;Меньший по выбранному размеру относительно другого предмета.;Свойство;;Запланировано;;;;;;;;
vc0042;длинный;Имеющий большую длину относительно сравниваемого предмета.;Свойство;;Запланировано;;;;;;;;
vc0043;короткий;Имеющий меньшую длину относительно сравниваемого предмета.;Свойство;;Запланировано;;;;;;;;
vc0044;высокий;Имеющий большую высоту относительно сравниваемого предмета.;Свойство;;Запланировано;;;;;;;;
vc0045;низкий;Имеющий меньшую высоту относительно сравниваемого предмета.;Свойство;;Запланировано;;;;;;;;
vc0046;широкий;Имеющий большую ширину относительно сравниваемого предмета.;Свойство;;Запланировано;;;;;;;;
vc0047;узкий;Имеющий меньшую ширину относительно сравниваемого предмета.;Свойство;;Запланировано;;;;;;;;
vc0048;зачёркнутый предмет;Предмет, помеченный перечёркивающей линией в условии задания.;Свойство;;Запланировано;;;;;;;;
vc0049;незачёркнутый предмет;Предмет без перечёркивающей отметки в условии задания.;Свойство;;Запланировано;;;;;;;;
vc0050;ромб;Четырёхугольник с четырьмя равными сторонами. Квадрат является частным случаем.;Плоская форма;;Запланировано;;;;;;;;D:\ai-brain-data\visual-lexicon\belarus-primary-20261009\reviews\math\crops\math-083-book4-page0140.png
vc0051;трапеция;Четырёхугольник с парой параллельных сторон. Определение согласуется с выбранной учебной конвенцией.;Плоская форма;;Запланировано;;;;;;;;
vc0052;полукруг;Половина круга, ограниченная диаметром и дугой.;Плоская форма;;Запланировано;;;;;;;;
vc0053;точка;Графическая отметка, обозначающая положение.;Графический элемент;;Запланировано;;;;;;;;
vc0054;прямая линия;"Линия без изгибов; на рисунке виден её ограниченный участок.";Графический элемент;;Запланировано;;;;;;;;
vc0055;кривая линия;Линия с изгибом, не являющаяся прямой.;Графический элемент;;Запланировано;;;;;;;;
vc0056;угол;Фигура из двух лучей с общей начальной точкой.;Графический элемент;;Запланировано;;;;;;;;D:\ai-brain-data\visual-lexicon\belarus-primary-20261009\reviews\math\crops\math-081-book4-page0140.png
vc0057;шар;Объёмное тело, ограниченное сферой. Не плоский круг.;Объёмная форма;;Запланировано;;;;;;;;
vc0058;куб;Объёмное тело с шестью квадратными гранями.;Объёмная форма;;Запланировано;;;;;;;;
vc0059;цилиндр;В начальном курсе: тело с двумя одинаковыми круглыми основаниями и боковой поверхностью.;Объёмная форма;;Запланировано;;;;;;;;
vc0060;конус;В начальном курсе: тело с круглым основанием и вершиной.;Объёмная форма;;Запланировано;;;;;;;;
vc0061;количество 6;Количество видимых предметов: 6. Не написанная цифра.;Количество;;Запланировано;;;;;;;;
vc0062;количество 7;Количество видимых предметов: 7. Не написанная цифра.;Количество;;Запланировано;;;;;;;;
vc0063;количество 8;Количество видимых предметов: 8. Не написанная цифра.;Количество;;Запланировано;;;;;;;;
vc0064;количество 9;Количество видимых предметов: 9. Не написанная цифра.;Количество;;Запланировано;;;;;;;;
vc0065;количество 10;Количество видимых предметов: 10. Не написанная цифра.;Количество;;Запланировано;;;;;;;;
vc0066;больше;Количество в одной группе превышает количество в другой.;Отношение;;Запланировано;;;;;;;;
vc0067;меньше;Количество в одной группе меньше количества в другой.;Отношение;;Запланировано;;;;;;;;
vc0068;поровну;Две группы содержат одинаковое количество предметов.;Отношение;;Запланировано;;;;;;;;
vc0069;внутри;Предмет находится в пределах обозначенной области или вместилища.;Отношение;;Запланировано;;;;;;;;
vc0070;снаружи;Предмет находится вне обозначенной области или вместилища.;Отношение;;Запланировано;;;;;;;;
vc0071;над;Предмет расположен над другим в заданной сцене.;Отношение;;Запланировано;;;;;;;;
vc0072;под;Предмет расположен под другим в заданной сцене.;Отношение;;Запланировано;;;;;;;;
vc0073;между;Предмет расположен между указанными другими предметами.;Отношение;;Запланировано;;;;;;;;
vc0074;рядом;Предметы расположены близко друг к другу в заданном контексте.;Отношение;;Запланировано;;;;;;;;
vc0075;принадлежит;Предмет связан с указанным владельцем по условию или проверенным данным.;Отношение;;Запланировано;;;;;;;;
vc0076;кот;Домашняя кошка. Пол по обычному рисунку может быть неразличим.;Животное;"кошка; котик";Запланировано;;;;;;;;D:\ai-brain-data\visual-lexicon\belarus-primary-20261009\reviews\math\crops\math-012-book1-page0018.png
vc0077;собака;Домашнее животное семейства псовых.;Животное;собачка;Запланировано;;;;;;;;D:\ai-brain-data\visual-lexicon\belarus-primary-20261009\reviews\math\crops\math-011-book1-page0018.png
vc0078;мышь;Небольшой грызун. Не компьютерное устройство.;Животное;;Запланировано;;;;;;;;D:\ai-brain-data\visual-lexicon\belarus-primary-20261009\reviews\math\crops\math-013-book1-page0018.png
vc0079;хомяк;Небольшой грызун с защёчными мешками.;Животное;;Запланировано;;;;;;;;
vc0080;кролик;Длинноухое млекопитающее. Не то же понятие, что заяц.;Животное;;Запланировано;;;;;;;;
vc0081;корова;Самка крупного рогатого скота.;Животное;;Запланировано;;;;;;;;
vc0082;лошадь;Копытное млекопитающее, часто используемое человеком для езды.;Животное;;Запланировано;;;;;;;;"D:\ai-brain-data\visual-lexicon\belarus-primary-20261009\reviews\world_language\izo_Sokolova_2kl_rus_2019\crop-0063.png
D:\ai-brain-data\visual-lexicon\belarus-primary-20261009\reviews\world_language\izo_Sokolova_2kl_rus_2019\crop-0064.png"
vc0083;свинья;Млекопитающее с характерным рылом.;Животное;;Запланировано;;;;;;;;
vc0084;овца;Домашнее копытное животное, часто разводимое ради шерсти.;Животное;;Запланировано;;;;;;;;
vc0085;коза;"Копытное животное; рога и борода присутствуют не у всех особей.";Животное;;Запланировано;;;;;;;;
vc0086;курица;"Самка домашней курицы; пол не всегда различим на условном рисунке.";Животное;;Запланировано;;;;;;;;D:\ai-brain-data\visual-lexicon\belarus-primary-20261009\reviews\world_language\Rus_yaz_2kl_ch1_Guleckaya_rus_2022\crop-0104.png
vc0087;петух;Самец домашней курицы.;Животное;;Запланировано;;;;;;;;D:\ai-brain-data\visual-lexicon\belarus-primary-20261009\reviews\world_language\izo_Sokolova_2kl_rus_2019\crop-0060.png
vc0088;утка;Водоплавающая птица с широким клювом.;Животное;;Запланировано;;;;;;;;"D:\ai-brain-data\visual-lexicon\belarus-primary-20261009\reviews\world_language\Chel_i_mir_1kl_Trafimova_rus_2023\crop-0003.png
D:\ai-brain-data\visual-lexicon\belarus-primary-20261009\reviews\world_language\Chel_i_mir_1kl_Trafimova_rus_2023\crop-0031.png"
vc0089;гусь;Водоплавающая птица, обычно с длинной шеей.;Животное;;Запланировано;;;;;;;;D:\ai-brain-data\visual-lexicon\belarus-primary-20261009\reviews\math\crops\math-059-book2-page0068.png
vc0090;воробей;Небольшая птица, часто встречающаяся рядом с человеком.;Животное;;Запланировано;;;;;;;;
vc0091;медведь;Крупное млекопитающее семейства медвежьих.;Животное;;Запланировано;;;;;;;;
vc0092;лиса;Млекопитающее семейства псовых, обычно с длинным пушистым хвостом.;Животное;;Запланировано;;;;;;;;"D:\ai-brain-data\visual-lexicon\belarus-primary-20261009\reviews\world_language\Chel_i_mir_1kl_Trafimova_rus_2023\crop-0035.png
D:\ai-brain-data\visual-lexicon\belarus-primary-20261009\reviews\world_language\lit_chtenie_2k_ch1_Voropaeva_rus_2022\crop-0068.png"
vc0093;волк;Млекопитающее семейства псовых. Отличие от собаки бывает визуально неоднозначным.;Животное;;Запланировано;;;;;;;;
vc0094;заяц;Длинноухое млекопитающее. Не то же понятие, что кролик.;Животное;;Запланировано;;;;;;;;"D:\ai-brain-data\visual-lexicon\belarus-primary-20261009\reviews\math\crops\math-020-book1-page0028.png
D:\ai-brain-data\visual-lexicon\belarus-primary-20261009\reviews\world_language\Rus_yaz_2kl_ch1_Guleckaya_rus_2022\crop-0109.png"
vc0095;белка;Грызун, часто изображаемый с пушистым хвостом на дереве.;Животное;;Запланировано;;;;;;;;
vc0096;ёж;Небольшое млекопитающее с иглами на спине.;Животное;;Запланировано;;;;;;;;
vc0097;слон;Крупное млекопитающее с хоботом.;Животное;;Запланировано;;;;;;;;
vc0098;жираф;Копытное млекопитающее с длинной шеей.;Животное;;Запланировано;;;;;;;;
vc0099;лев;"Крупная кошка; грива обычно характерна для взрослых самцов.";Животное;;Запланировано;;;;;;;;
vc0100;тигр;Крупная кошка, обычно с полосатой окраской.;Животное;;Запланировано;;;;;;;;
vc0101;рыба;Водное позвоночное животное, обычно с жабрами и плавниками.;Животное;рыбка;Запланировано;;;;;;;;"D:\ai-brain-data\visual-lexicon\belarus-primary-20261009\reviews\math\crops\math-041-book1-page0076.png
D:\ai-brain-data\visual-lexicon\belarus-primary-20261009\reviews\world_language\Chel_i_mir_1kl_Trafimova_rus_2023\crop-0005.png"
vc0102;бабочка;Насекомое с двумя парами покрытых чешуйками крыльев.;Животное;;Запланировано;;;;;;;;D:\ai-brain-data\visual-lexicon\belarus-primary-20261009\reviews\math\crops\math-022-book1-page0028.png
vc0103;пчела;"Насекомое; многие виды собирают нектар и пыльцу.";Животное;;Запланировано;;;;;;;;
vc0104;муравей;Небольшое общественное насекомое.;Животное;;Запланировано;;;;;;;;
vc0105;лягушка;Земноводное, взрослые особи обычно имеют длинные задние ноги.;Животное;;Запланировано;;;;;;;;
vc0106;вода;Жидкая вода. По одному изображению прозрачную жидкость нельзя всегда определить.;Природа;;Запланировано;;;;;;;;"D:\ai-brain-data\visual-lexicon\belarus-primary-20261009\reviews\world_language\Chel_i_mir_1kl_Trafimova_rus_2023\crop-0001.png
D:\ai-brain-data\visual-lexicon\belarus-primary-20261009\reviews\world_language\Chel_i_mir_Trafimova_2kl_rus_2024\crop-0038.png
D:\ai-brain-data\visual-lexicon\belarus-primary-20261009\reviews\world_language\lit_chtenie_2k_ch2_Voropaeva_rus_2022\crop-0082.png"
vc0107;земля — почва;Поверхностный слой грунта. Не планета Земля.;Природа;"почва; грунт";Запланировано;;;;;;;;
vc0108;песок;Рыхлый материал из мелких минеральных частиц.;Природа;;Запланировано;;;;;;;;
vc0109;трава;Травянистая растительность, часто покрывающая землю.;Природа;;Запланировано;;;;;;;;
vc0110;цветок;"Цветок растения; в бытовом употреблении также цветущее растение.";Природа;;Запланировано;;;;;;;;"D:\ai-brain-data\visual-lexicon\belarus-primary-20261009\reviews\world_language\izo_Sokolova_2kl_rus_2019\crop-0062.png
D:\ai-brain-data\visual-lexicon\belarus-primary-20261009\reviews\world_language\Внеклассное чтение. II класс. Хрестоматия (рус)\crop-0123.png"
vc0111;одуванчик;Растение с жёлтыми соцветиями и белыми семенными головками на разных стадиях.;Природа;;Запланировано;;;;;;;Жёлтое соцветие и семенная головка — разные состояния одного растения.;D:\ai-brain-data\visual-lexicon\belarus-primary-20261009\reviews\world_language\Chel_i_mir_1kl_Trafimova_rus_2023\crop-0018.png
vc0112;ромашка;Растение, часто изображаемое с белыми краевыми цветками и жёлтой серединой.;Природа;;Запланировано;;;;;;;;D:\ai-brain-data\visual-lexicon\belarus-primary-20261009\reviews\math\crops\math-023-book1-page0028.png
vc0113;роза;Растение рода роза и его цветок. Цвет и форма разнообразны.;Природа;;Запланировано;;;;;;;;
vc0114;дерево;Древесное растение с выраженным стволом. Родовое понятие для ели и берёзы.;Природа;;Запланировано;;;;;;;;"D:\ai-brain-data\visual-lexicon\belarus-primary-20261009\reviews\math\crops\math-002-book1-page0010.png
D:\ai-brain-data\visual-lexicon\belarus-primary-20261009\reviews\world_language\Chel_i_mir_1kl_Trafimova_rus_2023\crop-0002.png
D:\ai-brain-data\visual-lexicon\belarus-primary-20261009\reviews\world_language\OBJ_2kl_Abroskina_rus_2024\crop-0089.png"
vc0115;ель;Хвойное дерево, обычно с короткими одиночными хвоинками и свисающими шишками.;Природа;;Запланировано;;;;;;;;"D:\ai-brain-data\visual-lexicon\belarus-primary-20261009\reviews\math\crops\math-024-book1-page0028.png
D:\ai-brain-data\visual-lexicon\belarus-primary-20261009\reviews\world_language\Chel_i_mir_1kl_Trafimova_rus_2023\crop-0007.png
D:\ai-brain-data\visual-lexicon\belarus-primary-20261009\reviews\world_language\lit_chtenie_2k_ch1_Voropaeva_rus_2022\crop-0075.png
D:\ai-brain-data\visual-lexicon\belarus-primary-20261009\reviews\world_language\Внеклассное чтение. II класс. Хрестоматия (рус)\crop-0117.png"
vc0116;берёза;"Лиственное дерево; у многих видов светлая кора с тёмными отметинами.";Природа;;Запланировано;;;;;;;;"D:\ai-brain-data\visual-lexicon\belarus-primary-20261009\reviews\world_language\Chel_i_mir_1kl_Trafimova_rus_2023\crop-0022.png
D:\ai-brain-data\visual-lexicon\belarus-primary-20261009\reviews\world_language\Rus_yaz_2kl_ch1_Guleckaya_rus_2022\crop-0103.png"
vc0117;куст;Древесное растение, обычно с несколькими стволиками от основания.;Природа;кустарник;Запланировано;;;;;;;;
vc0118;небо;Видимое пространство над земной поверхностью.;Природа;;Запланировано;;;;;;;;
vc0119;облако;Видимое скопление капель воды или кристаллов льда в атмосфере.;Природа;;Запланировано;;;;;;;;D:\ai-brain-data\visual-lexicon\belarus-primary-20261009\reviews\world_language\Chel_i_mir_1kl_Trafimova_rus_2023\crop-0013.png
vc0120;туча;Бытовое название плотного, обычно тёмного облака. Не всегда доказательство грозы.;Природа;;Запланировано;;;;;;;;
vc0121;солнце;Солнце как небесный объект или его условное изображение.;Природа;;Запланировано;;;;;;;Хранить роль изображения: условный значок или изображение небесного объекта.;
vc0122;звезда — небесный объект;Звезда на небе или её условное изображение. Не геометрическая пятиконечная фигура.;Природа;звёзды;Запланировано;;;;;;;;
vc0123;молния;Видимый электрический разряд в атмосфере или его условное изображение.;Природа;;Запланировано;;;;;;;;D:\ai-brain-data\visual-lexicon\belarus-primary-20261009\reviews\world_language\Chel_i_mir_1kl_Trafimova_rus_2023\crop-0011.png
vc0124;дождь;Осадки в виде капель жидкой воды.;Природа;;Запланировано;;;;;;;;D:\ai-brain-data\visual-lexicon\belarus-primary-20261009\reviews\world_language\Chel_i_mir_1kl_Trafimova_rus_2023\crop-0010.png
vc0125;снег;Осадки или покров из ледяных кристаллов.;Природа;;Запланировано;;;;;;;;"D:\ai-brain-data\visual-lexicon\belarus-primary-20261009\reviews\math\crops\math-025-book1-page0028.png
D:\ai-brain-data\visual-lexicon\belarus-primary-20261009\reviews\world_language\Chel_i_mir_1kl_Trafimova_rus_2023\crop-0012.png
D:\ai-brain-data\visual-lexicon\belarus-primary-20261009\reviews\world_language\Chel_i_mir_1kl_Trafimova_rus_2023\crop-0026.png
D:\ai-brain-data\visual-lexicon\belarus-primary-20261009\reviews\world_language\lit_chtenie_2k_ch1_Voropaeva_rus_2022\crop-0077.png
D:\ai-brain-data\visual-lexicon\belarus-primary-20261009\reviews\world_language\lit_chtenie_2k_ch2_Voropaeva_rus_2022\crop-0081.png
D:\ai-brain-data\visual-lexicon\belarus-primary-20261009\reviews\world_language\Внеклассное чтение. II класс. Хрестоматия (рус)\crop-0118.png"
vc0126;лёд;Вода в твёрдом состоянии.;Природа;;Запланировано;;;;;;;;
vc0127;град;Осадки в виде ледяных частиц.;Природа;;Запланировано;;;;;;;;
vc0128;снежинка;Отдельный снежный кристалл или его условный рисунок.;Природа;;Запланировано;;;;;;;;
vc0129;радуга;Цветная дуга, возникающая при взаимодействии света с каплями воды.;Природа;;Запланировано;;;;;;;;
vc0130;лист растения;Орган растения. Не лист бумаги.;Природа;лист;Запланировано;;;;;;;;D:\ai-brain-data\visual-lexicon\belarus-primary-20261009\reviews\world_language\izo_Sokolova_2kl_rus_2019\crop-0059.png
vc0131;шишка;Репродуктивная структура хвойного растения.;Природа;;Запланировано;;;;;;;;
vc0132;каштан — плод;Плод или семя каштана в бытовом употреблении. Не название дерева.;Природа;;Запланировано;;;;;;;Не выводить съедобность по картинке. Конский и съедобный каштаны различаются.;
vc0133;палка;Удлинённый кусок древесины или ветки.;Природа;;Запланировано;;;;;;;;
vc0134;камень;Отдельный твёрдый кусок горной породы.;Природа;;Запланировано;;;;;;;;
vc0135;река;Естественный водный поток в русле.;Природа;;Запланировано;;;;;;;;D:\ai-brain-data\visual-lexicon\belarus-primary-20261009\reviews\world_language\Chel_i_mir_1kl_Trafimova_rus_2023\crop-0024.png
vc0136;озеро;Водоём, расположенный в углублении суши.;Природа;;Запланировано;;;;;;;;
vc0137;машина;В этом значении: автомобиль. Не любое техническое устройство.;Транспорт и окружение;автомобиль;Запланировано;;;;;;;;"D:\ai-brain-data\visual-lexicon\belarus-primary-20261009\reviews\math\crops\math-027-book1-page0040.png
D:\ai-brain-data\visual-lexicon\belarus-primary-20261009\reviews\math\crops\math-058-book2-page0026.png"
vc0138;автобус;Автомобиль для перевозки нескольких пассажиров.;Транспорт и окружение;;Запланировано;;;;;;;;D:\ai-brain-data\visual-lexicon\belarus-primary-20261009\reviews\math\crops\math-018-book1-page0028.png
vc0139;велосипед;Колёсное транспортное средство, обычно приводимое в движение педалями.;Транспорт и окружение;;Запланировано;;;;;;;;D:\ai-brain-data\visual-lexicon\belarus-primary-20261009\reviews\math\crops\math-062-book2-page0068.png
vc0140;самокат;Транспортное средство с площадкой для ног и рулём.;Транспорт и окружение;;Запланировано;;;;;;;;
vc0141;самолёт;Летательный аппарат с крыльями.;Транспорт и окружение;;Запланировано;;;;;;;;
vc0142;корабль;"Водное судно; конкретный тип не всегда различим на рисунке.";Транспорт и окружение;судно;Запланировано;;;;;;;;
vc0143;поезд;Состав железнодорожных вагонов, движущийся по рельсам.;Транспорт и окружение;;Запланировано;;;;;;;;D:\ai-brain-data\visual-lexicon\belarus-primary-20261009\reviews\math\crops\math-009-book1-page0018.png
vc0144;дорога;Путь, предназначенный для движения.;Транспорт и окружение;;Запланировано;;;;;;;;
vc0145;футболка;Одежда для верхней части тела, обычно с короткими рукавами.;Одежда и обувь;;Запланировано;;;;;;;;
vc0146;рубашка;Одежда для верхней части тела, часто с воротником и застёжкой.;Одежда и обувь;;Запланировано;;;;;;;;
vc0147;свитер;Вязаная одежда для верхней части тела.;Одежда и обувь;;Запланировано;;;;;;;;
vc0148;платье;Одежда, объединяющая верхнюю часть и юбку.;Одежда и обувь;;Запланировано;;;;;;;;
vc0149;брюки;Одежда для нижней части тела с двумя штанинами.;Одежда и обувь;штаны;Запланировано;;;;;;;;
vc0150;куртка;Верхняя одежда для туловища и рук.;Одежда и обувь;;Запланировано;;;;;;;;
vc0151;шапка;Головной убор.;Одежда и обувь;;Запланировано;;;;;;;;
vc0152;шарф;Полоса ткани или вязаного материала, обычно носимая на шее.;Одежда и обувь;;Запланировано;;;;;;;;
vc0153;варежки;Одежда для кистей с общим отделением для четырёх пальцев.;Одежда и обувь;варежка;Запланировано;;;;;;;;D:\ai-brain-data\visual-lexicon\belarus-primary-20261009\reviews\math\crops\math-063-book2-page0086.png
vc0154;носки;Одежда для стоп и нижней части голеней.;Одежда и обувь;носок;Запланировано;;;;;;;;
vc0155;ботинки;Обувь, закрывающая стопу и обычно область щиколотки.;Одежда и обувь;ботинок;Запланировано;;;;;;;;
vc0156;сапоги;Обувь с высоким голенищем.;Одежда и обувь;сапог;Запланировано;;;;;;;;
vc0157;стол;Предмет мебели с горизонтальной поверхностью для разных занятий.;Дом и мебель;;Запланировано;;;;;;;;D:\ai-brain-data\visual-lexicon\belarus-primary-20261009\reviews\world_language\lit_chtenie_2k_ch1_Voropaeva_rus_2022\crop-0071.png
vc0158;стул;Предмет мебели для сидения одного человека, обычно со спинкой.;Дом и мебель;;Запланировано;;;;;;;;D:\ai-brain-data\visual-lexicon\belarus-primary-20261009\reviews\world_language\lit_chtenie_2k_ch1_Voropaeva_rus_2022\crop-0072.png
vc0159;кровать;Предмет мебели для сна.;Дом и мебель;;Запланировано;;;;;;;;
vc0160;шкаф;Предмет мебели для хранения вещей.;Дом и мебель;;Запланировано;;;;;;;;
vc0161;диван;Мягкая мебель для сидения нескольких человек.;Дом и мебель;;Запланировано;;;;;;;;
vc0162;ковёр;Текстильное покрытие, часто размещаемое на полу.;Дом и мебель;;Запланировано;;;;;;;;
vc0163;дверь;Подвижная конструкция, закрывающая проход.;Дом и мебель;;Запланировано;;;;;;;;
vc0164;окно;Проём для света и его конструкция в стене или крыше.;Дом и мебель;;Запланировано;;;;;;;;
vc0165;часы;Прибор для измерения или отображения времени.;Дом и мебель;;Запланировано;;;;;;;;"D:\ai-brain-data\visual-lexicon\belarus-primary-20261009\reviews\math\crops\math-019-book1-page0028.png
D:\ai-brain-data\visual-lexicon\belarus-primary-20261009\reviews\math\crops\math-071-book3-page0116.png"
vc0166;лампа;В этом значении: устройство для освещения.;Дом и мебель;;Запланировано;;;;;;;;
vc0167;тарелка;Посуда с относительно широким дном для подачи еды.;Посуда;;Запланировано;;;;;;;;D:\ai-brain-data\visual-lexicon\belarus-primary-20261009\reviews\world_language\lit_chtenie_2k_ch1_Voropaeva_rus_2022\crop-0073.png
vc0168;чашка;Небольшая посуда для питья, обычно с ручкой.;Посуда;;Запланировано;;;;;;;;D:\ai-brain-data\visual-lexicon\belarus-primary-20261009\reviews\world_language\lit_chtenie_2k_ch1_Voropaeva_rus_2022\crop-0074.png
vc0169;стакан;Посуда для питья, обычно без ручки.;Посуда;;Запланировано;;;;;;;;D:\ai-brain-data\visual-lexicon\belarus-primary-20261009\reviews\world_language\Chel_i_mir_Trafimova_2kl_rus_2024\crop-0037.png
vc0170;ложка;Прибор с углублением для еды или перемешивания.;Посуда;;Запланировано;;;;;;;;
vc0171;вилка;Прибор с зубцами для еды.;Посуда;;Запланировано;;;;;;;;
vc0172;нож;Инструмент с лезвием для резания.;Посуда;;Запланировано;;;;;;;;
vc0173;кастрюля;Посуда для приготовления еды, обычно с высокими стенками.;Посуда;;Запланировано;;;;;;;;
vc0174;чайник;Сосуд для нагревания воды или заваривания чая.;Посуда;;Запланировано;;;;;;;;
vc0175;яблоко;Плод яблони. Цвет, размер и форма различаются.;Еда;;Запланировано;;;;;;;;
vc0176;груша;Плод груши. Не все разновидности имеют одинаковую форму.;Еда;;Запланировано;;;;;;;;
vc0177;арбуз;Крупный плод бахчевого растения. Целый плод и разрез выглядят по-разному.;Еда;;Запланировано;;;;;;;;
vc0178;дыня;Плод бахчевого растения, разнообразный по форме и окраске.;Еда;;Запланировано;;;;;;;;
vc0179;банан;Плод банана, часто продолговатый и изогнутый.;Еда;;Запланировано;;;;;;;;
vc0180;апельсин;Цитрусовый плод, обычно с оранжевой кожурой.;Еда;;Запланировано;;;;;;;;
vc0181;лимон;Цитрусовый плод, обычно с жёлтой кожурой.;Еда;;Запланировано;;;;;;;;
vc0182;виноград;Плоды винограда, часто собранные в гроздь.;Еда;;Запланировано;;;;;;;;
vc0183;клубника;В бытовом значении: ягоды садовой земляники.;Еда;садовая земляника;Запланировано;;;;;;;;D:\ai-brain-data\visual-lexicon\belarus-primary-20261009\reviews\math\crops\math-050-book1-page0110.png
vc0184;вишня;Плод вишни, обычно с косточкой внутри.;Еда;;Запланировано;;;;;;;;
vc0185;картофель;В этом значении: клубень картофеля как продукт питания.;Еда;картошка;Запланировано;;;;;;;;
vc0186;морковь;В этом значении: корнеплод моркови как продукт питания.;Еда;;Запланировано;;;;;;;;D:\ai-brain-data\visual-lexicon\belarus-primary-20261009\reviews\math\crops\math-021-book1-page0028.png
vc0187;огурец;Плод огурца как продукт питания.;Еда;;Запланировано;;;;;;;;
vc0188;помидор;Плод томата как продукт питания.;Еда;томат;Запланировано;;;;;;;;D:\ai-brain-data\visual-lexicon\belarus-primary-20261009\reviews\world_language\Rus_yaz_2kl_ch1_Guleckaya_rus_2022\crop-0108.png
vc0189;капуста;В начальном наборе: кочан белокочанной капусты.;Еда;;Запланировано;;;;;;;;
vc0190;лук;В этом значении: репчатая луковица как продукт питания.;Еда;;Запланировано;;;;;;;;
vc0191;белый хлеб;Светлый хлеб. Состав нельзя надёжно определить только по изображению.;Еда;;Запланировано;;;;;;;;
vc0192;тёмный хлеб;Тёмный хлеб. Цвет сам по себе не доказывает, что хлеб ржаной.;Еда;чёрный хлеб;Запланировано;;;;;;;;
vc0193;суп;Жидкое блюдо с разнообразным составом.;Еда;;Запланировано;;;;;;;;
vc0194;макароны;Пищевые изделия из теста, разных форм.;Еда;;Запланировано;;;;;;;;
vc0195;котлета;Блюдо, часто сформированное из измельчённых продуктов. Состав визуально неоднозначен.;Еда;;Запланировано;;;;;;;;
vc0196;каша;Блюдо из крупы или других подходящих продуктов, приготовленных в жидкости.;Еда;;Запланировано;;;;;;;;
vc0197;молоко;Пищевой продукт. Белая жидкость на изображении не обязательно является молоком.;Еда;;Запланировано;;;;;;;;
vc0198;сыр;Пищевой продукт с разнообразными формами, цветами и текстурой.;Еда;;Запланировано;;;;;;;;
vc0199;яйцо;В начальном наборе: птичье яйцо как продукт питания.;Еда;;Запланировано;;;;;;;;
vc0200;сливочное масло;Жировой пищевой продукт из молочных сливок. Состав требует подтверждения.;Еда;;Запланировано;;;;;;;;
vc0201;сметана;Кисломолочный продукт. По одному внешнему виду может быть неотличим от похожих продуктов.;Еда;;Запланировано;;;;;;;;
vc0202;йогурт;Кисломолочный продукт. Упаковка и внешний вид не всегда определяют содержимое.;Еда;;Запланировано;;;;;;;;
vc0203;печенье;Небольшое выпечное изделие, разных форм и состава.;Еда;;Запланировано;;;;;;;;
vc0204;сок;Напиток из сока плодов или других растений. Содержимое требует подтверждения.;Еда;;Запланировано;;;;;;;;
vc0205;книга;Издание с последовательностью страниц. Возможны разные переплёты и форматы.;Школьные принадлежности;;Запланировано;;;;;;;;"D:\ai-brain-data\visual-lexicon\belarus-primary-20261009\reviews\world_language\lit_chtenie_2k_ch2_Voropaeva_rus_2022\crop-0083.png
D:\ai-brain-data\visual-lexicon\belarus-primary-20261009\reviews\world_language\Rus_yaz_2kl_ch1_Guleckaya_rus_2022\crop-0094.png"
vc0206;тетрадь;Скреплённые листы для записей или упражнений.;Школьные принадлежности;;Запланировано;;;;;;;;D:\ai-brain-data\visual-lexicon\belarus-primary-20261009\reviews\math\crops\math-067-book3-page0018.png
vc0207;карандаш;Инструмент для письма и рисования со стержнем.;Школьные принадлежности;;Запланировано;;;;;;;;D:\ai-brain-data\visual-lexicon\belarus-primary-20261009\reviews\math\crops\math-014-book1-page0018.png
vc0208;ручка;В этом значении: инструмент для письма чернилами.;Школьные принадлежности;;Запланировано;;;;;;;;
vc0209;ластик;Предмет для стирания карандашных следов.;Школьные принадлежности;резинка — для стирания;Запланировано;;;;;;;;
vc0210;линейка;Инструмент для измерения длины и проведения прямых линий.;Школьные принадлежности;;Запланировано;;;;;;;;
vc0211;рюкзак;Сумка, обычно носимая на спине.;Школьные принадлежности;;Запланировано;;;;;;;;
vc0212;ножницы;Инструмент с двумя взаимодействующими лезвиями для резания.;Школьные принадлежности;;Запланировано;;;;;;;;
vc0213;клей;Вещество для соединения поверхностей. Тюбик не доказывает содержимое.;Школьные принадлежности;;Запланировано;;;;;;;;
vc0214;краски;Материалы для нанесения цвета. Упаковка и содержимое учитываются отдельно.;Школьные принадлежности;;Запланировано;;;;;;;;
vc0215;мяч;Предмет для игр, обычно округлый.;Игрушка;;Запланировано;;;;;;;;D:\ai-brain-data\visual-lexicon\belarus-primary-20261009\reviews\math\crops\math-029-book1-page0040.png
vc0216;кукла;Игрушка, изображающая человека или персонажа.;Игрушка;;Запланировано;;;;;;;;D:\ai-brain-data\visual-lexicon\belarus-primary-20261009\reviews\math\crops\math-030-book1-page0040.png
vc0217;игрушечная машинка;Игрушка в виде автомобиля. Не настоящий автомобиль.;Игрушка;;Запланировано;;;;;;;;D:\ai-brain-data\visual-lexicon\belarus-primary-20261009\reviews\math\crops\math-032-book1-page0040.png
vc0218;игрушечный кубик;Игрушечный предмет кубической формы.;Игрушка;;Запланировано;;;;;;;;
vc0219;плюшевый медведь;Мягкая игрушка в виде медведя. Не животное.;Игрушка;;Запланировано;;;;;;;;D:\ai-brain-data\visual-lexicon\belarus-primary-20261009\reviews\math\crops\math-031-book1-page0040.png
vc0220;человек;Человек как участник сцены. Не выводить личность по условному рисунку.;Человек и тело;;Запланировано;;;;;;;;
vc0221;ребёнок;Человек детского возраста. Возраст по изображению может быть неоднозначен.;Человек и тело;;Запланировано;;;;;;;;"D:\ai-brain-data\visual-lexicon\belarus-primary-20261009\reviews\math\crops\math-003-book1-page0010.png
D:\ai-brain-data\visual-lexicon\belarus-primary-20261009\reviews\world_language\lit_chtenie_2k_ch1_Voropaeva_rus_2022\crop-0066.png
D:\ai-brain-data\visual-lexicon\belarus-primary-20261009\reviews\world_language\lit_chtenie_2k_ch2_Voropaeva_rus_2022\crop-0079.png
D:\ai-brain-data\visual-lexicon\belarus-primary-20261009\reviews\world_language\Rus_yaz_2kl_ch2_Guleckaya_rus_2022\crop-0112.png"
vc0222;взрослый;Человек взрослого возраста. Точный возраст по изображению не определяется.;Человек и тело;;Запланировано;;;;;;;;"D:\ai-brain-data\visual-lexicon\belarus-primary-20261009\reviews\world_language\lit_chtenie_2k_ch1_Voropaeva_rus_2022\crop-0067.png
D:\ai-brain-data\visual-lexicon\belarus-primary-20261009\reviews\world_language\lit_chtenie_2k_ch2_Voropaeva_rus_2022\crop-0078.png"
vc0223;голова;Часть тела человека, содержащая мозг и органы чувств.;Человек и тело;;Запланировано;;;;;;;;
vc0224;лицо;Передняя часть головы человека.;Человек и тело;;Запланировано;;;;;;;;
vc0225;глаз;Орган зрения человека.;Человек и тело;глаза;Запланировано;;;;;;;;
vc0226;ухо;Орган слуха человека и его видимая наружная часть.;Человек и тело;уши;Запланировано;;;;;;;;
vc0227;нос;Часть лица, связанная с дыханием и обонянием.;Человек и тело;;Запланировано;;;;;;;;
vc0228;рот;Отверстие на лице и окружающая область.;Человек и тело;;Запланировано;;;;;;;;
vc0229;рука;Верхняя конечность человека. Значение кисти уточняется контекстом.;Человек и тело;руки;Запланировано;;;;;;;;
vc0230;ладонь;Внутренняя поверхность кисти руки.;Человек и тело;;Запланировано;;;;;;;;
vc0231;палец;Одна из подвижных частей кисти или стопы.;Человек и тело;пальцы;Запланировано;;;;;;;;
vc0232;нога;Нижняя конечность человека.;Человек и тело;ноги;Запланировано;;;;;;;;
vc0233;стопа;Нижняя часть ноги, опирающаяся на поверхность.;Человек и тело;;Запланировано;;;;;;;;
vc0234;цифра 0;Написанный символ цифры 0. Не количество предметов на изображении.;Цифра;;Запланировано;;;;;;;;
vc0235;цифра 1;Написанный символ цифры 1. Не количество предметов на изображении.;Цифра;;Запланировано;;;;;;;;
vc0236;цифра 2;Написанный символ цифры 2. Не количество предметов на изображении.;Цифра;;Запланировано;;;;;;;;D:\ai-brain-data\visual-lexicon\belarus-primary-20261009\reviews\math\crops\math-015-book1-page0028.png
vc0237;цифра 3;Написанный символ цифры 3. Не количество предметов на изображении.;Цифра;;Запланировано;;;;;;;;
vc0238;цифра 4;Написанный символ цифры 4. Не количество предметов на изображении.;Цифра;;Запланировано;;;;;;;;
vc0239;цифра 5;Написанный символ цифры 5. Не количество предметов на изображении.;Цифра;;Запланировано;;;;;;;;
vc0240;цифра 6;Написанный символ цифры 6. Не количество предметов на изображении.;Цифра;;Запланировано;;;;;;;;
vc0241;цифра 7;Написанный символ цифры 7. Не количество предметов на изображении.;Цифра;;Запланировано;;;;;;;;
vc0242;цифра 8;Написанный символ цифры 8. Не количество предметов на изображении.;Цифра;;Запланировано;;;;;;;;
vc0243;цифра 9;Написанный символ цифры 9. Не количество предметов на изображении.;Цифра;;Запланировано;;;;;;;;
vc0244;запись числа 10;Написанная десятичная запись числа 10. Проверяется отдельно от счёта предметов.;Запись числа;;Запланировано;;;;;;;;
vc0245;запись числа 11;Написанная десятичная запись числа 11. Проверяется отдельно от счёта предметов.;Запись числа;;Запланировано;;;;;;;;
vc0246;запись числа 12;Написанная десятичная запись числа 12. Проверяется отдельно от счёта предметов.;Запись числа;;Запланировано;;;;;;;;D:\ai-brain-data\visual-lexicon\belarus-primary-20261009\reviews\math\crops\math-053-book2-page0014.png
vc0247;запись числа 13;Написанная десятичная запись числа 13. Проверяется отдельно от счёта предметов.;Запись числа;;Запланировано;;;;;;;;D:\ai-brain-data\visual-lexicon\belarus-primary-20261009\reviews\math\crops\math-054-book2-page0014.png
vc0248;запись числа 14;Написанная десятичная запись числа 14. Проверяется отдельно от счёта предметов.;Запись числа;;Запланировано;;;;;;;;D:\ai-brain-data\visual-lexicon\belarus-primary-20261009\reviews\math\crops\math-055-book2-page0014.png
vc0249;запись числа 15;Написанная десятичная запись числа 15. Проверяется отдельно от счёта предметов.;Запись числа;;Запланировано;;;;;;;;D:\ai-brain-data\visual-lexicon\belarus-primary-20261009\reviews\math\crops\math-056-book2-page0014.png
vc0250;запись числа 16;Написанная десятичная запись числа 16. Проверяется отдельно от счёта предметов.;Запись числа;;Запланировано;;;;;;;;
vc0251;запись числа 17;Написанная десятичная запись числа 17. Проверяется отдельно от счёта предметов.;Запись числа;;Запланировано;;;;;;;;
vc0252;запись числа 18;Написанная десятичная запись числа 18. Проверяется отдельно от счёта предметов.;Запись числа;;Запланировано;;;;;;;;
vc0253;запись числа 19;Написанная десятичная запись числа 19. Проверяется отдельно от счёта предметов.;Запись числа;;Запланировано;;;;;;;;
vc0254;запись числа 20;Написанная десятичная запись числа 20. Проверяется отдельно от счёта предметов.;Запись числа;;Запланировано;;;;;;;;
vc0255;буква А;Русская буква А и её строчное начертание. Разные шрифты проверяются отдельно.;Русская буква;а;Запланировано;;;;;;;Сходное английское начертание без языкового контекста может быть неоднозначным. Рукопись — отдельное расширение.;
vc0256;буква Б;Русская буква Б и её строчное начертание. Разные шрифты проверяются отдельно.;Русская буква;б;Запланировано;;;;;;;Сходное английское начертание без языкового контекста может быть неоднозначным. Рукопись — отдельное расширение.;
vc0257;буква В;Русская буква В и её строчное начертание. Разные шрифты проверяются отдельно.;Русская буква;в;Запланировано;;;;;;;Сходное английское начертание без языкового контекста может быть неоднозначным. Рукопись — отдельное расширение.;
vc0258;буква Г;Русская буква Г и её строчное начертание. Разные шрифты проверяются отдельно.;Русская буква;г;Запланировано;;;;;;;Сходное английское начертание без языкового контекста может быть неоднозначным. Рукопись — отдельное расширение.;
vc0259;буква Д;Русская буква Д и её строчное начертание. Разные шрифты проверяются отдельно.;Русская буква;д;Запланировано;;;;;;;Сходное английское начертание без языкового контекста может быть неоднозначным. Рукопись — отдельное расширение.;
vc0260;буква Е;Русская буква Е и её строчное начертание. Разные шрифты проверяются отдельно.;Русская буква;е;Запланировано;;;;;;;Сходное английское начертание без языкового контекста может быть неоднозначным. Рукопись — отдельное расширение.;
vc0261;буква Ё;Русская буква Ё и её строчное начертание. Разные шрифты проверяются отдельно.;Русская буква;ё;Запланировано;;;;;;;Сходное английское начертание без языкового контекста может быть неоднозначным. Рукопись — отдельное расширение.;
vc0262;буква Ж;Русская буква Ж и её строчное начертание. Разные шрифты проверяются отдельно.;Русская буква;ж;Запланировано;;;;;;;Сходное английское начертание без языкового контекста может быть неоднозначным. Рукопись — отдельное расширение.;
vc0263;буква З;Русская буква З и её строчное начертание. Разные шрифты проверяются отдельно.;Русская буква;з;Запланировано;;;;;;;Сходное английское начертание без языкового контекста может быть неоднозначным. Рукопись — отдельное расширение.;
vc0264;буква И;Русская буква И и её строчное начертание. Разные шрифты проверяются отдельно.;Русская буква;и;Запланировано;;;;;;;Сходное английское начертание без языкового контекста может быть неоднозначным. Рукопись — отдельное расширение.;
vc0265;буква Й;Русская буква Й и её строчное начертание. Разные шрифты проверяются отдельно.;Русская буква;й;Запланировано;;;;;;;Сходное английское начертание без языкового контекста может быть неоднозначным. Рукопись — отдельное расширение.;
vc0266;буква К;Русская буква К и её строчное начертание. Разные шрифты проверяются отдельно.;Русская буква;к;Запланировано;;;;;;;Сходное английское начертание без языкового контекста может быть неоднозначным. Рукопись — отдельное расширение.;
vc0267;буква Л;Русская буква Л и её строчное начертание. Разные шрифты проверяются отдельно.;Русская буква;л;Запланировано;;;;;;;Сходное английское начертание без языкового контекста может быть неоднозначным. Рукопись — отдельное расширение.;
vc0268;буква М;Русская буква М и её строчное начертание. Разные шрифты проверяются отдельно.;Русская буква;м;Запланировано;;;;;;;Сходное английское начертание без языкового контекста может быть неоднозначным. Рукопись — отдельное расширение.;
vc0269;буква Н;Русская буква Н и её строчное начертание. Разные шрифты проверяются отдельно.;Русская буква;н;Запланировано;;;;;;;Сходное английское начертание без языкового контекста может быть неоднозначным. Рукопись — отдельное расширение.;
vc0270;буква О;Русская буква О и её строчное начертание. Разные шрифты проверяются отдельно.;Русская буква;о;Запланировано;;;;;;;Сходное английское начертание без языкового контекста может быть неоднозначным. Рукопись — отдельное расширение.;
vc0271;буква П;Русская буква П и её строчное начертание. Разные шрифты проверяются отдельно.;Русская буква;п;Запланировано;;;;;;;Сходное английское начертание без языкового контекста может быть неоднозначным. Рукопись — отдельное расширение.;D:\ai-brain-data\visual-lexicon\belarus-primary-20261009\reviews\world_language\Rus_yaz_2kl_ch1_Guleckaya_rus_2022\crop-0099.png
vc0272;буква Р;Русская буква Р и её строчное начертание. Разные шрифты проверяются отдельно.;Русская буква;р;Запланировано;;;;;;;Сходное английское начертание без языкового контекста может быть неоднозначным. Рукопись — отдельное расширение.;
vc0273;буква С;Русская буква С и её строчное начертание. Разные шрифты проверяются отдельно.;Русская буква;с;Запланировано;;;;;;;Сходное английское начертание без языкового контекста может быть неоднозначным. Рукопись — отдельное расширение.;
vc0274;буква Т;Русская буква Т и её строчное начертание. Разные шрифты проверяются отдельно.;Русская буква;т;Запланировано;;;;;;;Сходное английское начертание без языкового контекста может быть неоднозначным. Рукопись — отдельное расширение.;
vc0275;буква У;Русская буква У и её строчное начертание. Разные шрифты проверяются отдельно.;Русская буква;у;Запланировано;;;;;;;Сходное английское начертание без языкового контекста может быть неоднозначным. Рукопись — отдельное расширение.;D:\ai-brain-data\visual-lexicon\belarus-primary-20261009\reviews\world_language\Rus_yaz_2kl_ch1_Guleckaya_rus_2022\crop-0100.png
vc0276;буква Ф;Русская буква Ф и её строчное начертание. Разные шрифты проверяются отдельно.;Русская буква;ф;Запланировано;;;;;;;Сходное английское начертание без языкового контекста может быть неоднозначным. Рукопись — отдельное расширение.;
vc0277;буква Х;Русская буква Х и её строчное начертание. Разные шрифты проверяются отдельно.;Русская буква;х;Запланировано;;;;;;;Сходное английское начертание без языкового контекста может быть неоднозначным. Рукопись — отдельное расширение.;
vc0278;буква Ц;Русская буква Ц и её строчное начертание. Разные шрифты проверяются отдельно.;Русская буква;ц;Запланировано;;;;;;;Сходное английское начертание без языкового контекста может быть неоднозначным. Рукопись — отдельное расширение.;
vc0279;буква Ч;Русская буква Ч и её строчное начертание. Разные шрифты проверяются отдельно.;Русская буква;ч;Запланировано;;;;;;;Сходное английское начертание без языкового контекста может быть неоднозначным. Рукопись — отдельное расширение.;
vc0280;буква Ш;Русская буква Ш и её строчное начертание. Разные шрифты проверяются отдельно.;Русская буква;ш;Запланировано;;;;;;;Сходное английское начертание без языкового контекста может быть неоднозначным. Рукопись — отдельное расширение.;
vc0281;буква Щ;Русская буква Щ и её строчное начертание. Разные шрифты проверяются отдельно.;Русская буква;щ;Запланировано;;;;;;;Сходное английское начертание без языкового контекста может быть неоднозначным. Рукопись — отдельное расширение.;
vc0282;буква Ъ;Русская буква Ъ и её строчное начертание. Разные шрифты проверяются отдельно.;Русская буква;ъ;Запланировано;;;;;;;Сходное английское начертание без языкового контекста может быть неоднозначным. Рукопись — отдельное расширение.;
vc0283;буква Ы;Русская буква Ы и её строчное начертание. Разные шрифты проверяются отдельно.;Русская буква;ы;Запланировано;;;;;;;Сходное английское начертание без языкового контекста может быть неоднозначным. Рукопись — отдельное расширение.;
vc0284;буква Ь;Русская буква Ь и её строчное начертание. Разные шрифты проверяются отдельно.;Русская буква;ь;Запланировано;;;;;;;Сходное английское начертание без языкового контекста может быть неоднозначным. Рукопись — отдельное расширение.;
vc0285;буква Э;Русская буква Э и её строчное начертание. Разные шрифты проверяются отдельно.;Русская буква;э;Запланировано;;;;;;;Сходное английское начертание без языкового контекста может быть неоднозначным. Рукопись — отдельное расширение.;
vc0286;буква Ю;Русская буква Ю и её строчное начертание. Разные шрифты проверяются отдельно.;Русская буква;ю;Запланировано;;;;;;;Сходное английское начертание без языкового контекста может быть неоднозначным. Рукопись — отдельное расширение.;
vc0287;буква Я;Русская буква Я и её строчное начертание. Разные шрифты проверяются отдельно.;Русская буква;я;Запланировано;;;;;;;Сходное английское начертание без языкового контекста может быть неоднозначным. Рукопись — отдельное расширение.;
vc0288;letter A;Английская буква A и её строчное начертание. Разные шрифты проверяются отдельно.;Английская буква;a;Запланировано;;;;;;;Сходное русское начертание без языкового контекста может быть неоднозначным. Рукопись — отдельное расширение.;
vc0289;letter B;Английская буква B и её строчное начертание. Разные шрифты проверяются отдельно.;Английская буква;b;Запланировано;;;;;;;Сходное русское начертание без языкового контекста может быть неоднозначным. Рукопись — отдельное расширение.;
vc0290;letter C;Английская буква C и её строчное начертание. Разные шрифты проверяются отдельно.;Английская буква;c;Запланировано;;;;;;;Сходное русское начертание без языкового контекста может быть неоднозначным. Рукопись — отдельное расширение.;
vc0291;letter D;Английская буква D и её строчное начертание. Разные шрифты проверяются отдельно.;Английская буква;d;Запланировано;;;;;;;Сходное русское начертание без языкового контекста может быть неоднозначным. Рукопись — отдельное расширение.;
vc0292;letter E;Английская буква E и её строчное начертание. Разные шрифты проверяются отдельно.;Английская буква;e;Запланировано;;;;;;;Сходное русское начертание без языкового контекста может быть неоднозначным. Рукопись — отдельное расширение.;
vc0293;letter F;Английская буква F и её строчное начертание. Разные шрифты проверяются отдельно.;Английская буква;f;Запланировано;;;;;;;Сходное русское начертание без языкового контекста может быть неоднозначным. Рукопись — отдельное расширение.;
vc0294;letter G;Английская буква G и её строчное начертание. Разные шрифты проверяются отдельно.;Английская буква;g;Запланировано;;;;;;;Сходное русское начертание без языкового контекста может быть неоднозначным. Рукопись — отдельное расширение.;
vc0295;letter H;Английская буква H и её строчное начертание. Разные шрифты проверяются отдельно.;Английская буква;h;Запланировано;;;;;;;Сходное русское начертание без языкового контекста может быть неоднозначным. Рукопись — отдельное расширение.;
vc0296;letter I;Английская буква I и её строчное начертание. Разные шрифты проверяются отдельно.;Английская буква;i;Запланировано;;;;;;;Сходное русское начертание без языкового контекста может быть неоднозначным. Рукопись — отдельное расширение.;
vc0297;letter J;Английская буква J и её строчное начертание. Разные шрифты проверяются отдельно.;Английская буква;j;Запланировано;;;;;;;Сходное русское начертание без языкового контекста может быть неоднозначным. Рукопись — отдельное расширение.;
vc0298;letter K;Английская буква K и её строчное начертание. Разные шрифты проверяются отдельно.;Английская буква;k;Запланировано;;;;;;;Сходное русское начертание без языкового контекста может быть неоднозначным. Рукопись — отдельное расширение.;
vc0299;letter L;Английская буква L и её строчное начертание. Разные шрифты проверяются отдельно.;Английская буква;l;Запланировано;;;;;;;Сходное русское начертание без языкового контекста может быть неоднозначным. Рукопись — отдельное расширение.;
vc0300;letter M;Английская буква M и её строчное начертание. Разные шрифты проверяются отдельно.;Английская буква;m;Запланировано;;;;;;;Сходное русское начертание без языкового контекста может быть неоднозначным. Рукопись — отдельное расширение.;
vc0301;letter N;Английская буква N и её строчное начертание. Разные шрифты проверяются отдельно.;Английская буква;n;Запланировано;;;;;;;Сходное русское начертание без языкового контекста может быть неоднозначным. Рукопись — отдельное расширение.;
vc0302;letter O;Английская буква O и её строчное начертание. Разные шрифты проверяются отдельно.;Английская буква;o;Запланировано;;;;;;;Сходное русское начертание без языкового контекста может быть неоднозначным. Рукопись — отдельное расширение.;
vc0303;letter P;Английская буква P и её строчное начертание. Разные шрифты проверяются отдельно.;Английская буква;p;Запланировано;;;;;;;Сходное русское начертание без языкового контекста может быть неоднозначным. Рукопись — отдельное расширение.;
vc0304;letter Q;Английская буква Q и её строчное начертание. Разные шрифты проверяются отдельно.;Английская буква;q;Запланировано;;;;;;;Сходное русское начертание без языкового контекста может быть неоднозначным. Рукопись — отдельное расширение.;
vc0305;letter R;Английская буква R и её строчное начертание. Разные шрифты проверяются отдельно.;Английская буква;r;Запланировано;;;;;;;Сходное русское начертание без языкового контекста может быть неоднозначным. Рукопись — отдельное расширение.;
vc0306;letter S;Английская буква S и её строчное начертание. Разные шрифты проверяются отдельно.;Английская буква;s;Запланировано;;;;;;;Сходное русское начертание без языкового контекста может быть неоднозначным. Рукопись — отдельное расширение.;
vc0307;letter T;Английская буква T и её строчное начертание. Разные шрифты проверяются отдельно.;Английская буква;t;Запланировано;;;;;;;Сходное русское начертание без языкового контекста может быть неоднозначным. Рукопись — отдельное расширение.;
vc0308;letter U;Английская буква U и её строчное начертание. Разные шрифты проверяются отдельно.;Английская буква;u;Запланировано;;;;;;;Сходное русское начертание без языкового контекста может быть неоднозначным. Рукопись — отдельное расширение.;
vc0309;letter V;Английская буква V и её строчное начертание. Разные шрифты проверяются отдельно.;Английская буква;v;Запланировано;;;;;;;Сходное русское начертание без языкового контекста может быть неоднозначным. Рукопись — отдельное расширение.;
vc0310;letter W;Английская буква W и её строчное начертание. Разные шрифты проверяются отдельно.;Английская буква;w;Запланировано;;;;;;;Сходное русское начертание без языкового контекста может быть неоднозначным. Рукопись — отдельное расширение.;
vc0311;letter X;Английская буква X и её строчное начертание. Разные шрифты проверяются отдельно.;Английская буква;x;Запланировано;;;;;;;Сходное русское начертание без языкового контекста может быть неоднозначным. Рукопись — отдельное расширение.;
vc0312;letter Y;Английская буква Y и её строчное начертание. Разные шрифты проверяются отдельно.;Английская буква;y;Запланировано;;;;;;;Сходное русское начертание без языкового контекста может быть неоднозначным. Рукопись — отдельное расширение.;
vc0313;letter Z;Английская буква Z и её строчное начертание. Разные шрифты проверяются отдельно.;Английская буква;z;Запланировано;;;;;;;Сходное русское начертание без языкового контекста может быть неоднозначным. Рукопись — отдельное расширение.;
vc0314;знак плюс;Знак сложения или положительного числа. Значение зависит от записи.;Математический знак;'+;Запланировано;;;;;;;;D:\ai-brain-data\visual-lexicon\belarus-primary-20261009\reviews\math\crops\math-037-book1-page0056.png
vc0315;знак минус;Знак вычитания или отрицательного числа. Не автоматически дефис.;Математический знак;"−; -";Запланировано;;;;;;;;D:\ai-brain-data\visual-lexicon\belarus-primary-20261009\reviews\math\crops\math-038-book1-page0056.png
vc0316;знак равенства;Знак равенства между выражениями.;Математический знак;'=;Запланировано;;;;;;;;D:\ai-brain-data\visual-lexicon\belarus-primary-20261009\reviews\math\crops\math-039-book1-page0056.png
vc0317;знак меньше;Знак строгого сравнения: левая величина меньше правой.;Математический знак;<;Запланировано;;;;;;;;
vc0318;знак больше;Знак строгого сравнения: левая величина больше правой.;Математический знак;>;Запланировано;;;;;;;;
vc0319;знак умножения;Знак операции умножения. Графический крест вне записи может иметь другую роль.;Математический знак;×;Запланировано;;;;;;;;D:\ai-brain-data\visual-lexicon\belarus-primary-20261009\reviews\math\crops\math-078-book4-page0100.png
vc0320;знак деления;Знак операции деления.;Математический знак;÷;Запланировано;;;;;;;;
vc0321;двоеточие — деление;Двоеточие, обозначающее деление в математической записи.;Математический знак;:;Запланировано;;;;;;;Не объединять автоматически с пунктуационным двоеточием.;
vc0322;точка — пунктуация;Знак завершения предложения или другой пунктуационной функции.;Пунктуация;.;Запланировано;;;;;;;;
vc0323;запятая;Пунктуационный знак разделения частей записи.;Пунктуация;,;Запланировано;;;;;;;;
vc0324;вопросительный знак;Пунктуационный знак вопроса.;Пунктуация;?;Запланировано;;;;;;;;"D:\ai-brain-data\visual-lexicon\belarus-primary-20261009\reviews\math\crops\math-040-book1-page0056.png
D:\ai-brain-data\visual-lexicon\belarus-primary-20261009\reviews\world_language\Rus_yaz_2kl_ch2_Guleckaya_rus_2022\crop-0115.png"
vc0325;восклицательный знак;Пунктуационный знак восклицания.;Пунктуация;!;Запланировано;;;;;;;;D:\ai-brain-data\visual-lexicon\belarus-primary-20261009\reviews\world_language\Rus_yaz_2kl_ch2_Guleckaya_rus_2022\crop-0116.png
vc0326;двоеточие — пунктуация;Пунктуационный знак. Не автоматически знак деления.;Пунктуация;:;Запланировано;;;;;;;;
vc0327;точка с запятой;Пунктуационный знак разделения частей текста.;Пунктуация;";";Запланировано;;;;;;;;
vc0328;открывающая скобка;Знак начала заключённой в скобки части записи.;Пунктуация;(;Запланировано;;;;;;;;
vc0329;закрывающая скобка;Знак окончания заключённой в скобки части записи.;Пунктуация;);Запланировано;;;;;;;;
vc0330;кавычки;Парные знаки выделения цитаты, названия или другого фрагмента.;Пунктуация;"« »; “ ”; """;Запланировано;;;;;;;;
vc0331;дефис;Знак внутри слова или иной условной записи. Не автоматически минус.;Пунктуация;'-;Запланировано;;;;;;;;
vc0332;тире;Пунктуационный знак в виде горизонтальной черты.;Пунктуация;"—; –";Запланировано;;;;;;;;
vc0333;стрелка влево;Графический указатель направления влево.;Указатель;←;Запланировано;;;;;;;;D:\ai-brain-data\visual-lexicon\belarus-primary-20261009\reviews\math\crops\math-065-book2-page0130.png
vc0334;стрелка вправо;Графический указатель направления вправо.;Указатель;→;Запланировано;;;;;;;;D:\ai-brain-data\visual-lexicon\belarus-primary-20261009\reviews\world_language\Chel_i_mir_Trafimova_2kl_rus_2024\crop-0039.png
vc0335;стрелка вверх;Графический указатель направления вверх.;Указатель;↑;Запланировано;;;;;;;;
vc0336;стрелка вниз;Графический указатель направления вниз.;Указатель;↓;Запланировано;;;;;;;;
vc0337;галочка;Графическая отметка. Её значение определяется условием.;Указатель;✓;Запланировано;;;;;;;;
vc0338;крестик;Пересекающиеся штрихи. Значение зависит от задания, не всегда отрицание.;Указатель;"✗; ✕";Запланировано;;;;;;;;
vc0339;школа;Здание, где дети учатся.;Предметы и сцены;;Сбор материалов;;;;;;;"Подпись предложена агентом по изображению; требуется пользовательское подтверждение. Обучение не запускалось.";D:\ai-brain-data\visual-lexicon\belarus-primary-20261009\reviews\math\crops\math-001-book1-page0010.png
vc0340;учитель;Человек, который обучает учеников.;Предметы и сцены;;Сбор материалов;;;;;;;"Подпись предложена агентом по изображению; требуется пользовательское подтверждение. Обучение не запускалось.";D:\ai-brain-data\visual-lexicon\belarus-primary-20261009\reviews\math\crops\math-004-book1-page0010.png
vc0341;барабан;Ударный музыкальный инструмент с натянутой мембраной.;Предметы и сцены;;Сбор материалов;;;;;;;"Подпись предложена агентом по изображению; требуется пользовательское подтверждение. Обучение не запускалось.";D:\ai-brain-data\visual-lexicon\belarus-primary-20261009\reviews\math\crops\math-005-book1-page0010.png
vc0342;бубен;Ударный инструмент с ободом и звенящими пластинками.;Предметы и сцены;;Сбор материалов;;;;;;;"Подпись предложена агентом по изображению; требуется пользовательское подтверждение. Обучение не запускалось.";D:\ai-brain-data\visual-lexicon\belarus-primary-20261009\reviews\math\crops\math-006-book1-page0010.png
vc0343;маракас;Музыкальный инструмент, издающий звук при встряхивании.;Предметы и сцены;;Сбор материалов;;;;;;;"Подпись предложена агентом по изображению; требуется пользовательское подтверждение. Обучение не запускалось.";D:\ai-brain-data\visual-lexicon\belarus-primary-20261009\reviews\math\crops\math-007-book1-page0010.png
vc0344;треугольник музыкальный;Металлический ударный инструмент в форме треугольника.;Предметы и сцены;;Сбор материалов;;;;;;;"Подпись предложена агентом по изображению; требуется пользовательское подтверждение. Обучение не запускалось.";D:\ai-brain-data\visual-lexicon\belarus-primary-20261009\reviews\math\crops\math-008-book1-page0010.png
vc0345;вагон;Часть железнодорожного состава для перевозки людей или грузов.;Предметы и сцены;;Сбор материалов;;;;;;;"Подпись предложена агентом по изображению; требуется пользовательское подтверждение. Обучение не запускалось.";D:\ai-brain-data\visual-lexicon\belarus-primary-20261009\reviews\math\crops\math-010-book1-page0018.png
vc0346;календарь;Средство отображения дней, месяцев и дат.;Предметы и сцены;;Сбор материалов;;;;;;;"Подпись предложена агентом по изображению; требуется пользовательское подтверждение. Обучение не запускалось.";D:\ai-brain-data\visual-lexicon\belarus-primary-20261009\reviews\math\crops\math-016-book1-page0028.png
vc0347;монета;Металлический денежный знак.;Предметы и сцены;;Сбор материалов;;;;;;;"Подпись предложена агентом по изображению; требуется пользовательское подтверждение. Обучение не запускалось.";"D:\ai-brain-data\visual-lexicon\belarus-primary-20261009\reviews\math\crops\math-017-book1-page0028.png
D:\ai-brain-data\visual-lexicon\belarus-primary-20261009\reviews\world_language\Chel_i_mir_Trafimova_2kl_rus_2024\crop-0055.png"
vc0348;светофор;Устройство со световыми сигналами для регулирования движения.;Предметы и сцены;;Сбор материалов;;;;;;;"Подпись предложена агентом по изображению; требуется пользовательское подтверждение. Обучение не запускалось.";"D:\ai-brain-data\visual-lexicon\belarus-primary-20261009\reviews\math\crops\math-026-book1-page0040.png
D:\ai-brain-data\visual-lexicon\belarus-primary-20261009\reviews\world_language\OBJ_2kl_Abroskina_rus_2024\crop-0090.png"
vc0349;воздушный шар;Надутый газом лёгкий шар с оболочкой.;Предметы и сцены;;Сбор материалов;;;;;;;"Подпись предложена агентом по изображению; требуется пользовательское подтверждение. Обучение не запускалось.";D:\ai-brain-data\visual-lexicon\belarus-primary-20261009\reviews\math\crops\math-028-book1-page0040.png
vc0350;колос;Соцветие некоторых злаков с расположенными вдоль оси зерновками.;Предметы и сцены;;Сбор материалов;;;;;;;"Подпись предложена агентом по изображению; требуется пользовательское подтверждение. Обучение не запускалось.";D:\ai-brain-data\visual-lexicon\belarus-primary-20261009\reviews\math\crops\math-033-book1-page0040.png
vc0351;хлеб;Выпеченное пищевое изделие из теста.;Предметы и сцены;;Сбор материалов;;;;;;;"Подпись предложена агентом по изображению; требуется пользовательское подтверждение. Обучение не запускалось.";D:\ai-brain-data\visual-lexicon\belarus-primary-20261009\reviews\math\crops\math-034-book1-page0040.png
vc0352;костяшка домино;Прямоугольная игровая пластинка с двумя полями отметок.;Предметы и сцены;;Сбор материалов;;;;;;;"Подпись предложена агентом по изображению; требуется пользовательское подтверждение. Обучение не запускалось.";D:\ai-brain-data\visual-lexicon\belarus-primary-20261009\reviews\math\crops\math-035-book1-page0056.png
vc0353;счёты;Счётный прибор с перемещаемыми косточками на стержнях.;Предметы и сцены;;Сбор материалов;;;;;;;"Подпись предложена агентом по изображению; требуется пользовательское подтверждение. Обучение не запускалось.";D:\ai-brain-data\visual-lexicon\belarus-primary-20261009\reviews\math\crops\math-036-book1-page0056.png
vc0354;аквариум;Ёмкость с водой для содержания водных организмов.;Предметы и сцены;;Сбор материалов;;;;;;;"Подпись предложена агентом по изображению; требуется пользовательское подтверждение. Обучение не запускалось.";D:\ai-brain-data\visual-lexicon\belarus-primary-20261009\reviews\math\crops\math-042-book1-page0076.png
vc0355;гриб;Организм, многие виды которого имеют плодовое тело со шляпкой и ножкой.;Предметы и сцены;;Сбор материалов;;;;;;;"Подпись предложена агентом по изображению; требуется пользовательское подтверждение. Обучение не запускалось.";D:\ai-brain-data\visual-lexicon\belarus-primary-20261009\reviews\math\crops\math-043-book1-page0076.png
vc0356;котёнок;Детёныш домашней кошки.;Предметы и сцены;;Сбор материалов;;;;;;;"Подпись предложена агентом по изображению; требуется пользовательское подтверждение. Обучение не запускалось.";"D:\ai-brain-data\visual-lexicon\belarus-primary-20261009\reviews\math\crops\math-044-book1-page0076.png
D:\ai-brain-data\visual-lexicon\belarus-primary-20261009\reviews\math\crops\math-070-book3-page0100.png"
vc0357;ёлочный шар;Подвесное украшение шарообразной формы для новогодней ёлки.;Предметы и сцены;;Сбор материалов;;;;;;;"Подпись предложена агентом по изображению; требуется пользовательское подтверждение. Обучение не запускалось.";D:\ai-brain-data\visual-lexicon\belarus-primary-20261009\reviews\math\crops\math-045-book1-page0100.png
vc0358;клубок;Нитка или пряжа, смотанная в округлый комок.;Предметы и сцены;;Сбор материалов;;;;;;;"Подпись предложена агентом по изображению; требуется пользовательское подтверждение. Обучение не запускалось.";D:\ai-brain-data\visual-lexicon\belarus-primary-20261009\reviews\math\crops\math-046-book1-page0100.png
vc0359;снегирь;"Птица; самец часто изображается с красной грудью и чёрной головой.";Предметы и сцены;;Сбор материалов;;;;;;;"Подпись предложена агентом по изображению; требуется пользовательское подтверждение. Обучение не запускалось.";D:\ai-brain-data\visual-lexicon\belarus-primary-20261009\reviews\math\crops\math-047-book1-page0100.png
vc0360;синица;"Небольшая птица; некоторые виды имеют жёлтую грудь.";Предметы и сцены;;Сбор материалов;;;;;;;"Подпись предложена агентом по изображению; требуется пользовательское подтверждение. Обучение не запускалось.";D:\ai-brain-data\visual-lexicon\belarus-primary-20261009\reviews\math\crops\math-048-book1-page0100.png
vc0361;слива;Плод сливового дерева с косточкой.;Предметы и сцены;;Сбор материалов;;;;;;;"Подпись предложена агентом по изображению; требуется пользовательское подтверждение. Обучение не запускалось.";D:\ai-brain-data\visual-lexicon\belarus-primary-20261009\reviews\math\crops\math-049-book1-page0110.png
vc0362;бумажный кораблик;Сложенная из бумаги модель лодки.;Предметы и сцены;;Сбор материалов;;;;;;;"Подпись предложена агентом по изображению; требуется пользовательское подтверждение. Обучение не запускалось.";D:\ai-brain-data\visual-lexicon\belarus-primary-20261009\reviews\math\crops\math-051-book1-page0110.png
vc0363;счётная палочка;Палочка, используемая для наглядного счёта.;Предметы и сцены;;Сбор материалов;;;;;;;"Подпись предложена агентом по изображению; требуется пользовательское подтверждение. Обучение не запускалось.";D:\ai-brain-data\visual-lexicon\belarus-primary-20261009\reviews\math\crops\math-052-book2-page0014.png
vc0364;пирожок;Небольшое выпечное изделие, часто с начинкой.;Предметы и сцены;;Сбор материалов;;;;;;;"Подпись предложена агентом по изображению; требуется пользовательское подтверждение. Обучение не запускалось.";D:\ai-brain-data\visual-lexicon\belarus-primary-20261009\reviews\math\crops\math-057-book2-page0026.png
vc0365;бревно;Отрезок древесного ствола без ветвей.;Предметы и сцены;;Сбор материалов;;;;;;;"Подпись предложена агентом по изображению; требуется пользовательское подтверждение. Обучение не запускалось.";D:\ai-brain-data\visual-lexicon\belarus-primary-20261009\reviews\math\crops\math-060-book2-page0068.png
vc0366;грузовик;Автомобиль, предназначенный для перевозки грузов.;Предметы и сцены;;Сбор материалов;;;;;;;"Подпись предложена агентом по изображению; требуется пользовательское подтверждение. Обучение не запускалось.";"D:\ai-brain-data\visual-lexicon\belarus-primary-20261009\reviews\math\crops\math-061-book2-page0068.png
D:\ai-brain-data\visual-lexicon\belarus-primary-20261009\reviews\math\crops\math-085-book4-page0140.png"
vc0367;отрезок;Часть прямой, ограниченная двумя концами.;Математические обозначения;;Сбор материалов;;;;;;;"Подпись предложена агентом по изображению; требуется пользовательское подтверждение. Обучение не запускалось.";D:\ai-brain-data\visual-lexicon\belarus-primary-20261009\reviews\math\crops\math-064-book2-page0104.png
vc0368;блокнот;Небольшая книжка из листов для записей.;Предметы и сцены;;Сбор материалов;;;;;;;"Подпись предложена агентом по изображению; требуется пользовательское подтверждение. Обучение не запускалось.";D:\ai-brain-data\visual-lexicon\belarus-primary-20261009\reviews\math\crops\math-066-book3-page0018.png
vc0369;кружка;Сосуд для питья, обычно с ручкой.;Предметы и сцены;;Сбор материалов;;;;;;;"Подпись предложена агентом по изображению; требуется пользовательское подтверждение. Обучение не запускалось.";D:\ai-brain-data\visual-lexicon\belarus-primary-20261009\reviews\math\crops\math-068-book3-page0080.png
vc0370;сумка;Предмет с ручками или ремнями для переноски вещей.;Предметы и сцены;;Сбор материалов;;;;;;;"Подпись предложена агентом по изображению; требуется пользовательское подтверждение. Обучение не запускалось.";D:\ai-brain-data\visual-lexicon\belarus-primary-20261009\reviews\math\crops\math-069-book3-page0100.png
vc0371;сноуборд;Доска для спуска по снегу.;Предметы и сцены;;Сбор материалов;;;;;;;"Подпись предложена агентом по изображению; требуется пользовательское подтверждение. Обучение не запускалось.";D:\ai-brain-data\visual-lexicon\belarus-primary-20261009\reviews\math\crops\math-072-book3-page0140.png
vc0372;лыжи;Парные длинные приспособления для передвижения по снегу.;Предметы и сцены;;Сбор материалов;;;;;;;"Подпись предложена агентом по изображению; требуется пользовательское подтверждение. Обучение не запускалось.";D:\ai-brain-data\visual-lexicon\belarus-primary-20261009\reviews\math\crops\math-073-book3-page0140.png
vc0373;лыжник;Человек, передвигающийся на лыжах.;Предметы и сцены;;Сбор материалов;;;;;;;"Подпись предложена агентом по изображению; требуется пользовательское подтверждение. Обучение не запускалось.";D:\ai-brain-data\visual-lexicon\belarus-primary-20261009\reviews\math\crops\math-074-book3-page0140.png
vc0374;стадион;Сооружение с площадкой для спортивных соревнований и местами зрителей.;Предметы и сцены;;Сбор материалов;;;;;;;"Подпись предложена агентом по изображению; требуется пользовательское подтверждение. Обучение не запускалось.";D:\ai-brain-data\visual-lexicon\belarus-primary-20261009\reviews\math\crops\math-075-book4-page0032.png
vc0375;аист;Крупная длинноногая птица с длинным клювом.;Предметы и сцены;;Сбор материалов;;;;;;;"Подпись предложена агентом по изображению; требуется пользовательское подтверждение. Обучение не запускалось.";"D:\ai-brain-data\visual-lexicon\belarus-primary-20261009\reviews\math\crops\math-079-book4-page0100.png
D:\ai-brain-data\visual-lexicon\belarus-primary-20261009\reviews\world_language\Chel_i_mir_1kl_Trafimova_rus_2023\crop-0028.png"
vc0376;сова;Птица с крупной головой и направленными вперёд глазами.;Предметы и сцены;;Сбор материалов;;;;;;;"Подпись предложена агентом по изображению; требуется пользовательское подтверждение. Обучение не запускалось.";D:\ai-brain-data\visual-lexicon\belarus-primary-20261009\reviews\math\crops\math-080-book4-page0100.png
vc0377;прямой угол;Угол величиной девяносто градусов.;Математические обозначения;;Сбор материалов;;;;;;;"Подпись предложена агентом по изображению; требуется пользовательское подтверждение. Обучение не запускалось.";D:\ai-brain-data\visual-lexicon\belarus-primary-20261009\reviews\math\crops\math-082-book4-page0140.png
vc0378;параллелограмм;Четырёхугольник с попарно параллельными противоположными сторонами.;Математические обозначения;;Сбор материалов;;;;;;;"Подпись предложена агентом по изображению; требуется пользовательское подтверждение. Обучение не запускалось.";D:\ai-brain-data\visual-lexicon\belarus-primary-20261009\reviews\math\crops\math-084-book4-page0140.png
vc0379;кабан;Дикое животное, похожее на крупную свинью.;Учебные иллюстрации;;Сбор материалов;;;;;;;"Подпись предложена агентом по изображению; требуется пользовательское подтверждение. Обучение не запускалось.";"D:\ai-brain-data\visual-lexicon\belarus-primary-20261009\reviews\world_language\Chel_i_mir_1kl_Trafimova_rus_2023\crop-0004.png
D:\ai-brain-data\visual-lexicon\belarus-primary-20261009\reviews\world_language\Chel_i_mir_1kl_Trafimova_rus_2023\crop-0027.png"
vc0380;бобр;Животное с широким плоским хвостом, живущее возле воды.;Учебные иллюстрации;;Сбор материалов;;;;;;;"Подпись предложена агентом по изображению; требуется пользовательское подтверждение. Обучение не запускалось.";"D:\ai-brain-data\visual-lexicon\belarus-primary-20261009\reviews\world_language\Chel_i_mir_1kl_Trafimova_rus_2023\crop-0006.png
D:\ai-brain-data\visual-lexicon\belarus-primary-20261009\reviews\world_language\Chel_i_mir_1kl_Trafimova_rus_2023\crop-0034.png"
vc0381;рогоз;Прибрежное растение с длинными листьями и плотными тёмными соцветиями.;Учебные иллюстрации;;Сбор материалов;;;;;;;"Подпись предложена агентом по изображению; требуется пользовательское подтверждение. Обучение не запускалось.";D:\ai-brain-data\visual-lexicon\belarus-primary-20261009\reviews\world_language\Chel_i_mir_1kl_Trafimova_rus_2023\crop-0008.png
vc0382;птица;"Животное с перьями; вид не всегда можно определить по рисунку.";Учебные иллюстрации;;Сбор материалов;;;;;;;"Подпись предложена агентом по изображению; требуется пользовательское подтверждение. Обучение не запускалось.";"D:\ai-brain-data\visual-lexicon\belarus-primary-20261009\reviews\world_language\Chel_i_mir_1kl_Trafimova_rus_2023\crop-0009.png
D:\ai-brain-data\visual-lexicon\belarus-primary-20261009\reviews\world_language\Rus_yaz_2kl_ch2_Guleckaya_rus_2022\crop-0113.png
D:\ai-brain-data\visual-lexicon\belarus-primary-20261009\reviews\world_language\Внеклассное чтение. II класс. Хрестоматия (рус)\crop-0124.png"
vc0383;крыжовник;"Кустарник с ягодами; здесь показана его ветка с почками.";Учебные иллюстрации;;Сбор материалов;;;;;;;"Подпись предложена агентом по изображению; требуется пользовательское подтверждение. Обучение не запускалось.";D:\ai-brain-data\visual-lexicon\belarus-primary-20261009\reviews\world_language\Chel_i_mir_1kl_Trafimova_rus_2023\crop-0014.png
vc0384;осина;"Лиственное дерево; здесь показана ветка с почками.";Учебные иллюстрации;;Сбор материалов;;;;;;;"Подпись предложена агентом по изображению; требуется пользовательское подтверждение. Обучение не запускалось.";D:\ai-brain-data\visual-lexicon\belarus-primary-20261009\reviews\world_language\Chel_i_mir_1kl_Trafimova_rus_2023\crop-0015.png
vc0385;калина;"Растение с ягодами; здесь показана ветка с почками.";Учебные иллюстрации;;Сбор материалов;;;;;;;"Подпись предложена агентом по изображению; требуется пользовательское подтверждение. Обучение не запускалось.";D:\ai-brain-data\visual-lexicon\belarus-primary-20261009\reviews\world_language\Chel_i_mir_1kl_Trafimova_rus_2023\crop-0016.png
vc0386;тополь;"Лиственное дерево; здесь показана ветка с почками.";Учебные иллюстрации;;Сбор материалов;;;;;;;"Подпись предложена агентом по изображению; требуется пользовательское подтверждение. Обучение не запускалось.";D:\ai-brain-data\visual-lexicon\belarus-primary-20261009\reviews\world_language\Chel_i_mir_1kl_Trafimova_rus_2023\crop-0017.png
vc0387;кислица;Небольшое растение с тройчатыми листьями.;Учебные иллюстрации;;Сбор материалов;;;;;;;"Подпись предложена агентом по изображению; требуется пользовательское подтверждение. Обучение не запускалось.";D:\ai-brain-data\visual-lexicon\belarus-primary-20261009\reviews\world_language\Chel_i_mir_1kl_Trafimova_rus_2023\crop-0019.png
vc0388;земляника;"Ягодное растение; здесь показаны листья под снегом.";Учебные иллюстрации;;Сбор материалов;;;;;;;"Подпись предложена агентом по изображению; требуется пользовательское подтверждение. Обучение не запускалось.";D:\ai-brain-data\visual-lexicon\belarus-primary-20261009\reviews\world_language\Chel_i_mir_1kl_Trafimova_rus_2023\crop-0020.png
vc0389;брусника;Растение с небольшими листьями и красными ягодами.;Учебные иллюстрации;;Сбор материалов;;;;;;;"Подпись предложена агентом по изображению; требуется пользовательское подтверждение. Обучение не запускалось.";D:\ai-brain-data\visual-lexicon\belarus-primary-20261009\reviews\world_language\Chel_i_mir_1kl_Trafimova_rus_2023\crop-0021.png
vc0390;дом;Здание, в котором живут люди.;Учебные иллюстрации;;Сбор материалов;;;;;;;"Подпись предложена агентом по изображению; требуется пользовательское подтверждение. Обучение не запускалось.";"D:\ai-brain-data\visual-lexicon\belarus-primary-20261009\reviews\world_language\Chel_i_mir_1kl_Trafimova_rus_2023\crop-0023.png
D:\ai-brain-data\visual-lexicon\belarus-primary-20261009\reviews\world_language\Rus_yaz_2kl_ch1_Guleckaya_rus_2022\crop-0102.png
D:\ai-brain-data\visual-lexicon\belarus-primary-20261009\reviews\world_language\Rus_yaz_2kl_ch1_Guleckaya_rus_2022\crop-0107.png"
vc0391;лодка;Небольшое судно для передвижения по воде.;Учебные иллюстрации;;Сбор материалов;;;;;;;"Подпись предложена агентом по изображению; требуется пользовательское подтверждение. Обучение не запускалось.";D:\ai-brain-data\visual-lexicon\belarus-primary-20261009\reviews\world_language\Chel_i_mir_1kl_Trafimova_rus_2023\crop-0025.png
vc0392;птенец;Детёныш птицы.;Учебные иллюстрации;;Сбор материалов;;;;;;;"Подпись предложена агентом по изображению; требуется пользовательское подтверждение. Обучение не запускалось.";D:\ai-brain-data\visual-lexicon\belarus-primary-20261009\reviews\world_language\Chel_i_mir_1kl_Trafimova_rus_2023\crop-0029.png
vc0393;гнездо;Сооружение, в котором птицы размещают яйца и птенцов.;Учебные иллюстрации;;Сбор материалов;;;;;;;"Подпись предложена агентом по изображению; требуется пользовательское подтверждение. Обучение не запускалось.";"D:\ai-brain-data\visual-lexicon\belarus-primary-20261009\reviews\world_language\Chel_i_mir_1kl_Trafimova_rus_2023\crop-0030.png
D:\ai-brain-data\visual-lexicon\belarus-primary-20261009\reviews\world_language\Rus_yaz_2kl_ch2_Guleckaya_rus_2022\crop-0111.png"
vc0394;утёнок;Птенец утки.;Учебные иллюстрации;;Сбор материалов;;;;;;;"Подпись предложена агентом по изображению; требуется пользовательское подтверждение. Обучение не запускалось.";D:\ai-brain-data\visual-lexicon\belarus-primary-20261009\reviews\world_language\Chel_i_mir_1kl_Trafimova_rus_2023\crop-0032.png
vc0395;барсук;Животное с вытянутой мордой и контрастными полосами на голове.;Учебные иллюстрации;;Сбор материалов;;;;;;;"Подпись предложена агентом по изображению; требуется пользовательское подтверждение. Обучение не запускалось.";D:\ai-brain-data\visual-lexicon\belarus-primary-20261009\reviews\world_language\Chel_i_mir_1kl_Trafimova_rus_2023\crop-0033.png
vc0396;лисенок;Детёныш лисы.;Учебные иллюстрации;;Сбор материалов;;;;;;;"Подпись предложена агентом по изображению; требуется пользовательское подтверждение. Обучение не запускалось.";"D:\ai-brain-data\visual-lexicon\belarus-primary-20261009\reviews\world_language\Chel_i_mir_1kl_Trafimova_rus_2023\crop-0036.png
D:\ai-brain-data\visual-lexicon\belarus-primary-20261009\reviews\world_language\Внеклассное чтение. II класс. Хрестоматия (рус)\crop-0120.png"
vc0397;дождевой червь;Червь с длинным мягким телом, живущий в почве.;Учебные иллюстрации;;Сбор материалов;;;;;;;"Подпись предложена агентом по изображению; требуется пользовательское подтверждение. Обучение не запускалось.";D:\ai-brain-data\visual-lexicon\belarus-primary-20261009\reviews\world_language\Chel_i_mir_Trafimova_2kl_rus_2024\crop-0040.png
vc0398;медведка;Насекомое с передними ногами, приспособленными для рытья.;Учебные иллюстрации;;Сбор материалов;;;;;;;"Подпись предложена агентом по изображению; требуется пользовательское подтверждение. Обучение не запускалось.";D:\ai-brain-data\visual-lexicon\belarus-primary-20261009\reviews\world_language\Chel_i_mir_Trafimova_2kl_rus_2024\crop-0041.png
vc0399;крот;Небольшое млекопитающее, приспособленное к жизни под землёй.;Учебные иллюстрации;;Сбор материалов;;;;;;;"Подпись предложена агентом по изображению; требуется пользовательское подтверждение. Обучение не запускалось.";D:\ai-brain-data\visual-lexicon\belarus-primary-20261009\reviews\world_language\Chel_i_mir_Trafimova_2kl_rus_2024\crop-0042.png
vc0400;личинка майского жука;"Молодая стадия майского жука; здесь показана изогнутая светлая личинка.";Учебные иллюстрации;;Сбор материалов;;;;;;;"Подпись предложена агентом по изображению; требуется пользовательское подтверждение. Обучение не запускалось.";D:\ai-brain-data\visual-lexicon\belarus-primary-20261009\reviews\world_language\Chel_i_mir_Trafimova_2kl_rus_2024\crop-0043.png
vc0401;полёвка;Небольшой мышевидный грызун.;Учебные иллюстрации;;Сбор материалов;;;;;;;"Подпись предложена агентом по изображению; требуется пользовательское подтверждение. Обучение не запускалось.";D:\ai-brain-data\visual-lexicon\belarus-primary-20261009\reviews\world_language\Chel_i_mir_Trafimova_2kl_rus_2024\crop-0044.png
vc0402;многоножка;Членистоногое с удлинённым телом и множеством ног.;Учебные иллюстрации;;Сбор материалов;;;;;;;"Подпись предложена агентом по изображению; требуется пользовательское подтверждение. Обучение не запускалось.";D:\ai-brain-data\visual-lexicon\belarus-primary-20261009\reviews\world_language\Chel_i_mir_Trafimova_2kl_rus_2024\crop-0045.png
vc0403;земля/почва;"Понятие «земля/почва»; описание требует проверки перед использованием.";Учебные иллюстрации;;Сбор материалов;;;;;;;"Подпись предложена агентом по изображению; требуется пользовательское подтверждение. Обучение не запускалось.";D:\ai-brain-data\visual-lexicon\belarus-primary-20261009\reviews\world_language\Chel_i_mir_Trafimova_2kl_rus_2024\crop-0046.png
vc0404;нарцисс;"Цветочное растение; здесь изображён жёлтый цветок с длинными листьями.";Учебные иллюстрации;;Сбор материалов;;;;;;;"Подпись предложена агентом по изображению; требуется пользовательское подтверждение. Обучение не запускалось.";D:\ai-brain-data\visual-lexicon\belarus-primary-20261009\reviews\world_language\Chel_i_mir_Trafimova_2kl_rus_2024\crop-0047.png
vc0405;пион;"Цветочное растение; здесь изображён крупный розовый цветок.";Учебные иллюстрации;;Сбор материалов;;;;;;;"Подпись предложена агентом по изображению; требуется пользовательское подтверждение. Обучение не запускалось.";D:\ai-brain-data\visual-lexicon\belarus-primary-20261009\reviews\world_language\Chel_i_mir_Trafimova_2kl_rus_2024\crop-0048.png
vc0406;календула;"Цветочное растение; здесь изображены жёлтые соцветия.";Учебные иллюстрации;;Сбор материалов;;;;;;;"Подпись предложена агентом по изображению; требуется пользовательское подтверждение. Обучение не запускалось.";D:\ai-brain-data\visual-lexicon\belarus-primary-20261009\reviews\world_language\Chel_i_mir_Trafimova_2kl_rus_2024\crop-0049.png
vc0407;бархатцы;"Цветочные растения; здесь изображены оранжевые соцветия.";Учебные иллюстрации;;Сбор материалов;;;;;;;"Подпись предложена агентом по изображению; требуется пользовательское подтверждение. Обучение не запускалось.";D:\ai-brain-data\visual-lexicon\belarus-primary-20261009\reviews\world_language\Chel_i_mir_Trafimova_2kl_rus_2024\crop-0050.png
vc0408;астра;"Цветочное растение; здесь изображено фиолетовое соцветие.";Учебные иллюстрации;;Сбор материалов;;;;;;;"Подпись предложена агентом по изображению; требуется пользовательское подтверждение. Обучение не запускалось.";D:\ai-brain-data\visual-lexicon\belarus-primary-20261009\reviews\world_language\Chel_i_mir_Trafimova_2kl_rus_2024\crop-0051.png
vc0409;хризантема;"Цветочное растение; здесь изображено розовое соцветие.";Учебные иллюстрации;;Сбор материалов;;;;;;;"Подпись предложена агентом по изображению; требуется пользовательское подтверждение. Обучение не запускалось.";D:\ai-brain-data\visual-lexicon\belarus-primary-20261009\reviews\world_language\Chel_i_mir_Trafimova_2kl_rus_2024\crop-0052.png
vc0410;паук;Членистоногое с восемью ногами.;Учебные иллюстрации;;Сбор материалов;;;;;;;"Подпись предложена агентом по изображению; требуется пользовательское подтверждение. Обучение не запускалось.";D:\ai-brain-data\visual-lexicon\belarus-primary-20261009\reviews\world_language\Chel_i_mir_Trafimova_2kl_rus_2024\crop-0053.png
vc0411;кошелёк;Предмет для хранения денег.;Учебные иллюстрации;;Сбор материалов;;;;;;;"Подпись предложена агентом по изображению; требуется пользовательское подтверждение. Обучение не запускалось.";D:\ai-brain-data\visual-lexicon\belarus-primary-20261009\reviews\world_language\Chel_i_mir_Trafimova_2kl_rus_2024\crop-0054.png
vc0412;скульптура;Объёмное произведение изобразительного искусства.;Учебные иллюстрации;;Сбор материалов;;;;;;;"Подпись предложена агентом по изображению; требуется пользовательское подтверждение. Обучение не запускалось.";D:\ai-brain-data\visual-lexicon\belarus-primary-20261009\reviews\world_language\izo_Sokolova_2kl_rus_2019\crop-0056.png
vc0413;картина;Изображение, созданное художником.;Учебные иллюстрации;;Сбор материалов;;;;;;;"Подпись предложена агентом по изображению; требуется пользовательское подтверждение. Обучение не запускалось.";D:\ai-brain-data\visual-lexicon\belarus-primary-20261009\reviews\world_language\izo_Sokolova_2kl_rus_2019\crop-0057.png
vc0414;аппликация;Изображение, составленное из прикреплённых к основе деталей.;Учебные иллюстрации;;Сбор материалов;;;;;;;"Подпись предложена агентом по изображению; требуется пользовательское подтверждение. Обучение не запускалось.";D:\ai-brain-data\visual-lexicon\belarus-primary-20261009\reviews\world_language\izo_Sokolova_2kl_rus_2019\crop-0058.png
vc0415;ваза;Сосуд, в который можно поставить цветы.;Учебные иллюстрации;;Сбор материалов;;;;;;;"Подпись предложена агентом по изображению; требуется пользовательское подтверждение. Обучение не запускалось.";D:\ai-brain-data\visual-lexicon\belarus-primary-20261009\reviews\world_language\izo_Sokolova_2kl_rus_2019\crop-0061.png
vc0416;жар-птица;"Сказочная птица; это не название реального вида.";Учебные иллюстрации;;Сбор материалов;;;;;;;"Подпись предложена агентом по изображению; требуется пользовательское подтверждение. Обучение не запускалось.";D:\ai-brain-data\visual-lexicon\belarus-primary-20261009\reviews\world_language\izo_Sokolova_2kl_rus_2019\crop-0065.png
vc0417;журавль;Крупная птица с длинными ногами, шеей и клювом.;Учебные иллюстрации;;Сбор материалов;;;;;;;"Подпись предложена агентом по изображению; требуется пользовательское подтверждение. Обучение не запускалось.";D:\ai-brain-data\visual-lexicon\belarus-primary-20261009\reviews\world_language\lit_chtenie_2k_ch1_Voropaeva_rus_2022\crop-0069.png
vc0418;кувшин;Сосуд с горлышком для жидкости.;Учебные иллюстрации;;Сбор материалов;;;;;;;"Подпись предложена агентом по изображению; требуется пользовательское подтверждение. Обучение не запускалось.";D:\ai-brain-data\visual-lexicon\belarus-primary-20261009\reviews\world_language\lit_chtenie_2k_ch1_Voropaeva_rus_2022\crop-0070.png
vc0419;луна;"Естественный спутник Земли; на рисунке может быть показана серпом.";Учебные иллюстрации;;Сбор материалов;;;;;;;"Подпись предложена агентом по изображению; требуется пользовательское подтверждение. Обучение не запускалось.";"D:\ai-brain-data\visual-lexicon\belarus-primary-20261009\reviews\world_language\lit_chtenie_2k_ch1_Voropaeva_rus_2022\crop-0076.png
D:\ai-brain-data\visual-lexicon\belarus-primary-20261009\reviews\world_language\Внеклассное чтение. II класс. Хрестоматия (рус)\crop-0119.png"
vc0420;подснежник;Растение с поникающими белыми цветками.;Учебные иллюстрации;;Сбор материалов;;;;;;;"Подпись предложена агентом по изображению; требуется пользовательское подтверждение. Обучение не запускалось.";D:\ai-brain-data\visual-lexicon\belarus-primary-20261009\reviews\world_language\lit_chtenie_2k_ch2_Voropaeva_rus_2022\crop-0080.png
vc0421;дорожный знак;Обозначение, передающее участникам движения информацию.;Учебные иллюстрации;;Сбор материалов;;;;;;;"Подпись предложена агентом по изображению; требуется пользовательское подтверждение. Обучение не запускалось.";D:\ai-brain-data\visual-lexicon\belarus-primary-20261009\reviews\world_language\OBJ_2kl_Abroskina_rus_2024\crop-0084.png
vc0422;пешеходный переход;"Место пересечения дороги пешеходами; может обозначаться разметкой и знаками.";Учебные иллюстрации;;Сбор материалов;;;;;;;"Подпись предложена агентом по изображению; требуется пользовательское подтверждение. Обучение не запускалось.";D:\ai-brain-data\visual-lexicon\belarus-primary-20261009\reviews\world_language\OBJ_2kl_Abroskina_rus_2024\crop-0085.png
vc0423;экскаватор;Строительная машина с ковшом для перемещения грунта.;Учебные иллюстрации;;Сбор материалов;;;;;;;"Подпись предложена агентом по изображению; требуется пользовательское подтверждение. Обучение не запускалось.";D:\ai-brain-data\visual-lexicon\belarus-primary-20261009\reviews\world_language\OBJ_2kl_Abroskina_rus_2024\crop-0086.png
vc0424;строительный кран;Машина для подъёма и перемещения тяжёлых грузов.;Учебные иллюстрации;;Сбор материалов;;;;;;;"Подпись предложена агентом по изображению; требуется пользовательское подтверждение. Обучение не запускалось.";D:\ai-brain-data\visual-lexicon\belarus-primary-20261009\reviews\world_language\OBJ_2kl_Abroskina_rus_2024\crop-0087.png
vc0425;мост;Сооружение для перехода или проезда над препятствием.;Учебные иллюстрации;;Сбор материалов;;;;;;;"Подпись предложена агентом по изображению; требуется пользовательское подтверждение. Обучение не запускалось.";D:\ai-brain-data\visual-lexicon\belarus-primary-20261009\reviews\world_language\OBJ_2kl_Abroskina_rus_2024\crop-0088.png
vc0426;наушники;Устройство для прослушивания звука, размещаемое возле ушей.;Учебные иллюстрации;;Сбор материалов;;;;;;;"Подпись предложена агентом по изображению; требуется пользовательское подтверждение. Обучение не запускалось.";D:\ai-brain-data\visual-lexicon\belarus-primary-20261009\reviews\world_language\Rus_yaz_2kl_ch1_Guleckaya_rus_2022\crop-0095.png
vc0427;телефон;"Устройство для связи; здесь показан смартфон.";Учебные иллюстрации;;Сбор материалов;;;;;;;"Подпись предложена агентом по изображению; требуется пользовательское подтверждение. Обучение не запускалось.";D:\ai-brain-data\visual-lexicon\belarus-primary-20261009\reviews\world_language\Rus_yaz_2kl_ch1_Guleckaya_rus_2022\crop-0096.png
vc0428;экран;Поверхность устройства, на которой отображается изображение.;Учебные иллюстрации;;Сбор материалов;;;;;;;"Подпись предложена агентом по изображению; требуется пользовательское подтверждение. Обучение не запускалось.";D:\ai-brain-data\visual-lexicon\belarus-primary-20261009\reviews\world_language\Rus_yaz_2kl_ch1_Guleckaya_rus_2022\crop-0097.png
vc0429;рекламный щит;Большая наружная конструкция с рекламным изображением или текстом.;Учебные иллюстрации;;Сбор материалов;;;;;;;"Подпись предложена агентом по изображению; требуется пользовательское подтверждение. Обучение не запускалось.";D:\ai-brain-data\visual-lexicon\belarus-primary-20261009\reviews\world_language\Rus_yaz_2kl_ch1_Guleckaya_rus_2022\crop-0098.png
vc0430;дятел;Птица, часто изображаемая на стволе дерева с направленным к нему клювом.;Учебные иллюстрации;;Сбор материалов;;;;;;;"Подпись предложена агентом по изображению; требуется пользовательское подтверждение. Обучение не запускалось.";D:\ai-brain-data\visual-lexicon\belarus-primary-20261009\reviews\world_language\Rus_yaz_2kl_ch1_Guleckaya_rus_2022\crop-0101.png
vc0431;лейка;Сосуд с ручкой и носиком для полива.;Учебные иллюстрации;;Сбор материалов;;;;;;;"Подпись предложена агентом по изображению; требуется пользовательское подтверждение. Обучение не запускалось.";D:\ai-brain-data\visual-lexicon\belarus-primary-20261009\reviews\world_language\Rus_yaz_2kl_ch1_Guleckaya_rus_2022\crop-0105.png
vc0432;теплица;Сооружение с прозрачным покрытием для выращивания растений.;Учебные иллюстрации;;Сбор материалов;;;;;;;"Подпись предложена агентом по изображению; требуется пользовательское подтверждение. Обучение не запускалось.";D:\ai-brain-data\visual-lexicon\belarus-primary-20261009\reviews\world_language\Rus_yaz_2kl_ch1_Guleckaya_rus_2022\crop-0106.png
vc0433;ворона;"Птица; здесь показана тёмная взрослая птица у гнезда.";Учебные иллюстрации;;Сбор материалов;;;;;;;"Подпись предложена агентом по изображению; требуется пользовательское подтверждение. Обучение не запускалось.";D:\ai-brain-data\visual-lexicon\belarus-primary-20261009\reviews\world_language\Rus_yaz_2kl_ch2_Guleckaya_rus_2022\crop-0110.png
vc0434;сом;Рыба с усиками возле рта.;Учебные иллюстрации;;Сбор материалов;;;;;;;"Подпись предложена агентом по изображению; требуется пользовательское подтверждение. Обучение не запускалось.";D:\ai-brain-data\visual-lexicon\belarus-primary-20261009\reviews\world_language\Rus_yaz_2kl_ch2_Guleckaya_rus_2022\crop-0114.png
vc0435;нора;Углубление или подземный ход, используемый животным.;Учебные иллюстрации;;Сбор материалов;;;;;;;"Подпись предложена агентом по изображению; требуется пользовательское подтверждение. Обучение не запускалось.";D:\ai-brain-data\visual-lexicon\belarus-primary-20261009\reviews\world_language\Внеклассное чтение. II класс. Хрестоматия (рус)\crop-0121.png
vc0436;лес;Местность, на которой растёт много деревьев.;Учебные иллюстрации;;Сбор материалов;;;;;;;"Подпись предложена агентом по изображению; требуется пользовательское подтверждение. Обучение не запускалось.";D:\ai-brain-data\visual-lexicon\belarus-primary-20261009\reviews\world_language\Внеклассное чтение. II класс. Хрестоматия (рус)\crop-0122.png
vc0437;ветреница лесная;"Растение, подписанное в учебнике «ветреница лесная»; точное распознавание вида по другим изображениям ещё не проверено.";Растение;;Сбор материалов;;;;;;;"Подпись предложена агентом по изображению; требуется пользовательское подтверждение. Обучение не запускалось.";D:\ai-brain-data\visual-lexicon\belarus-primary-20261009\reviews\world_language\supplement-object-001.png
vc0438;прострел луговой;"Растение, подписанное в учебнике «прострел луговой»; точное распознавание вида по другим изображениям ещё не проверено.";Растение;;Сбор материалов;;;;;;;"Подпись предложена агентом по изображению; требуется пользовательское подтверждение. Обучение не запускалось.";D:\ai-brain-data\visual-lexicon\belarus-primary-20261009\reviews\world_language\supplement-object-002.png
vc0439;лук медвежий;"Растение, подписанное в учебнике «лук медвежий»; точное распознавание вида по другим изображениям ещё не проверено.";Растение;черемша;Сбор материалов;;;;;;;"Подпись предложена агентом по изображению; требуется пользовательское подтверждение. Обучение не запускалось.";D:\ai-brain-data\visual-lexicon\belarus-primary-20261009\reviews\world_language\supplement-object-003.png
vc0440;кубышка малая;"Растение, подписанное в учебнике «кубышка малая»; точное распознавание вида по другим изображениям ещё не проверено.";Растение;;Сбор материалов;;;;;;;"Подпись предложена агентом по изображению; требуется пользовательское подтверждение. Обучение не запускалось.";D:\ai-brain-data\visual-lexicon\belarus-primary-20261009\reviews\world_language\supplement-object-004.png
vc0441;шалфей луговой;"Растение, подписанное в учебнике «шалфей луговой»; точное распознавание вида по другим изображениям ещё не проверено.";Растение;;Сбор материалов;;;;;;;"Подпись предложена агентом по изображению; требуется пользовательское подтверждение. Обучение не запускалось.";D:\ai-brain-data\visual-lexicon\belarus-primary-20261009\reviews\world_language\supplement-object-005.png
vc0442;касатик безлистный;"Растение, подписанное в учебнике «касатик безлистный»; точное распознавание вида по другим изображениям ещё не проверено.";Растение;;Сбор материалов;;;;;;;"Подпись предложена агентом по изображению; требуется пользовательское подтверждение. Обучение не запускалось.";D:\ai-brain-data\visual-lexicon\belarus-primary-20261009\reviews\world_language\supplement-object-006.png
vc0443;астра степная;"Растение, подписанное в учебнике «астра степная»; точное распознавание вида по другим изображениям ещё не проверено.";Растение;;Сбор материалов;;;;;;;"Подпись предложена агентом по изображению; требуется пользовательское подтверждение. Обучение не запускалось.";D:\ai-brain-data\visual-lexicon\belarus-primary-20261009\reviews\world_language\supplement-object-007.png
vc0444;меч-трава обыкновенная;"Растение, подписанное в учебнике «меч-трава обыкновенная»; точное распознавание вида по другим изображениям ещё не проверено.";Растение;;Сбор материалов;;;;;;;"Подпись предложена агентом по изображению; требуется пользовательское подтверждение. Обучение не запускалось.";D:\ai-brain-data\visual-lexicon\belarus-primary-20261009\reviews\world_language\supplement-object-008.png
vc0445;купальница европейская;"Растение, подписанное в учебнике «купальница европейская»; точное распознавание вида по другим изображениям ещё не проверено.";Растение;;Сбор материалов;;;;;;;"Подпись предложена агентом по изображению; требуется пользовательское подтверждение. Обучение не запускалось.";D:\ai-brain-data\visual-lexicon\belarus-primary-20261009\reviews\world_language\supplement-object-009.png
vc0446;гриб-зонтик девичий;"Гриб, подписанное в учебнике «гриб-зонтик девичий»; точное распознавание вида по другим изображениям ещё не проверено.";Гриб;;Сбор материалов;;;;;;;"Подпись предложена агентом по изображению; требуется пользовательское подтверждение. Обучение не запускалось.";D:\ai-brain-data\visual-lexicon\belarus-primary-20261009\reviews\world_language\supplement-object-010.png
vc0447;спарассис курчавый;"Гриб, подписанное в учебнике «спарассис курчавый»; точное распознавание вида по другим изображениям ещё не проверено.";Гриб;грибная капуста;Сбор материалов;;;;;;;"Подпись предложена агентом по изображению; требуется пользовательское подтверждение. Обучение не запускалось.";D:\ai-brain-data\visual-lexicon\belarus-primary-20261009\reviews\world_language\supplement-object-011.png
vc0448;кальвация гигантская;"Гриб, подписанное в учебнике «кальвация гигантская»; точное распознавание вида по другим изображениям ещё не проверено.";Гриб;головач;Сбор материалов;;;;;;;"Подпись предложена агентом по изображению; требуется пользовательское подтверждение. Обучение не запускалось.";D:\ai-brain-data\visual-lexicon\belarus-primary-20261009\reviews\world_language\supplement-object-012.png
vc0449;жук-олень;"Животное, подписанное в учебнике «жук-олень»; точное распознавание вида по другим изображениям ещё не проверено.";Животное;;Сбор материалов;;;;;;;"Подпись предложена агентом по изображению; требуется пользовательское подтверждение. Обучение не запускалось.";D:\ai-brain-data\visual-lexicon\belarus-primary-20261009\reviews\world_language\supplement-object-013.png
vc0450;плавунец широчайший;"Животное, подписанное в учебнике «плавунец широчайший»; точное распознавание вида по другим изображениям ещё не проверено.";Животное;;Сбор материалов;;;;;;;"Подпись предложена агентом по изображению; требуется пользовательское подтверждение. Обучение не запускалось.";D:\ai-brain-data\visual-lexicon\belarus-primary-20261009\reviews\world_language\supplement-object-014.png
vc0451;медведица Геба;"Животное, подписанное в учебнике «медведица Геба»; точное распознавание вида по другим изображениям ещё не проверено.";Животное;;Сбор материалов;;;;;;;"Подпись предложена агентом по изображению; требуется пользовательское подтверждение. Обучение не запускалось.";D:\ai-brain-data\visual-lexicon\belarus-primary-20261009\reviews\world_language\supplement-object-015.png
vc0452;ручьевая форель;"Животное, подписанное в учебнике «ручьевая форель»; точное распознавание вида по другим изображениям ещё не проверено.";Животное;;Сбор материалов;;;;;;;"Подпись предложена агентом по изображению; требуется пользовательское подтверждение. Обучение не запускалось.";D:\ai-brain-data\visual-lexicon\belarus-primary-20261009\reviews\world_language\supplement-object-016.png
vc0453;европейская рысь;"Животное, подписанное в учебнике «европейская рысь»; точное распознавание вида по другим изображениям ещё не проверено.";Животное;;Сбор материалов;;;;;;;"Подпись предложена агентом по изображению; требуется пользовательское подтверждение. Обучение не запускалось.";D:\ai-brain-data\visual-lexicon\belarus-primary-20261009\reviews\world_language\supplement-object-017.png
vc0454;медянка;"Животное, подписанное в учебнике «медянка»; точное распознавание вида по другим изображениям ещё не проверено.";Животное;;Сбор материалов;;;;;;;"Подпись предложена агентом по изображению; требуется пользовательское подтверждение. Обучение не запускалось.";D:\ai-brain-data\visual-lexicon\belarus-primary-20261009\reviews\world_language\supplement-object-018.png
vc0455;гребенчатый тритон;"Животное, подписанное в учебнике «гребенчатый тритон»; точное распознавание вида по другим изображениям ещё не проверено.";Животное;;Сбор материалов;;;;;;;"Подпись предложена агентом по изображению; требуется пользовательское подтверждение. Обучение не запускалось.";D:\ai-brain-data\visual-lexicon\belarus-primary-20261009\reviews\world_language\supplement-object-019.png
vc0456;кумжа;"Животное, подписанное в учебнике «кумжа»; точное распознавание вида по другим изображениям ещё не проверено.";Животное;;Сбор материалов;;;;;;;"Подпись предложена агентом по изображению; требуется пользовательское подтверждение. Обучение не запускалось.";D:\ai-brain-data\visual-lexicon\belarus-primary-20261009\reviews\world_language\supplement-object-020.png
vc0457;беркут;"Животное, подписанное в учебнике «беркут»; точное распознавание вида по другим изображениям ещё не проверено.";Животное;;Сбор материалов;;;;;;;"Подпись предложена агентом по изображению; требуется пользовательское подтверждение. Обучение не запускалось.";D:\ai-brain-data\visual-lexicon\belarus-primary-20261009\reviews\world_language\supplement-object-021.png
vc0458;чёрный аист;"Животное, подписанное в учебнике «чёрный аист»; точное распознавание вида по другим изображениям ещё не проверено.";Животное;;Сбор материалов;;;;;;;"Подпись предложена агентом по изображению; требуется пользовательское подтверждение. Обучение не запускалось.";D:\ai-brain-data\visual-lexicon\belarus-primary-20261009\reviews\world_language\supplement-object-022.png
vc0459;змееяд;"Животное, подписанное в учебнике «змееяд»; точное распознавание вида по другим изображениям ещё не проверено.";Животное;;Сбор материалов;;;;;;;"Подпись предложена агентом по изображению; требуется пользовательское подтверждение. Обучение не запускалось.";D:\ai-brain-data\visual-lexicon\belarus-primary-20261009\reviews\world_language\supplement-object-023.png
vc0460;европейский зубр;"Животное, подписанное в учебнике «европейский зубр»; точное распознавание вида по другим изображениям ещё не проверено.";Животное;;Сбор материалов;;;;;;;"Подпись предложена агентом по изображению; требуется пользовательское подтверждение. Обучение не запускалось.";D:\ai-brain-data\visual-lexicon\belarus-primary-20261009\reviews\world_language\supplement-object-024.png
