ID страницы;Книга;Страница PDF;Полная сцена;SHA сцены;Просмотр агента;Обзор страницы;Полная семантическая разметка;Допуск обучения
0029feb5ba132920-p0001-PAGE_CONTEXT;matematika-muravjova-1kl-ch1-rus_2024.pdf;1;D:\ai-brain-data\visual-lexicon\belarus-primary-20261009\books\0029feb5ba132920\pages\0001.jpg;cfe6368a916572258fa8aee04293280e9cc8d38688297b968dccade362aced64;Ожидается;Просмотрена обзорно;Не завершена;Нет
0029feb5ba132920-p0002-PAGE_CONTEXT;matematika-muravjova-1kl-ch1-rus_2024.pdf;2;D:\ai-brain-data\visual-lexicon\belarus-primary-20261009\books\0029feb5ba132920\pages\0002.jpg;0229b127db1dc87001bf64ddbd09cbc9496fa53691f32614761bbc0e253928d3;Ожидается;Просмотрена обзорно;Не завершена;Нет
0029feb5ba132920-p0003-PAGE_CONTEXT;matematika-muravjova-1kl-ch1-rus_2024.pdf;3;D:\ai-brain-data\visual-lexicon\belarus-primary-20261009\books\0029feb5ba132920\pages\0003.jpg;bb91e1db252bbd33fab9dce1cfbc726fb1589ffb8ee82349ea3b20db5c09c3ba;Ожидается;Просмотрена обзорно;Не завершена;Нет
0029feb5ba132920-p0004-PAGE_CONTEXT;matematika-muravjova-1kl-ch1-rus_2024.pdf;4;D:\ai-brain-data\visual-lexicon\belarus-primary-20261009\books\0029feb5ba132920\pages\0004.jpg;fde41ca5890582b90ee0ff9cf184f90986f5a71f190618a3d2deefbd9bf93963;Ожидается;Просмотрена обзорно;Не завершена;Нет
0029feb5ba132920-p0005-PAGE_CONTEXT;matematika-muravjova-1kl-ch1-rus_2024.pdf;5;D:\ai-brain-data\visual-lexicon\belarus-primary-20261009\books\0029feb5ba132920\pages\0005.jpg;b85d4bf29a13401e6697fe781ae47336a62b3845fdb5e688180ef7c37009ce99;Ожидается;Просмотрена обзорно;Не завершена;Нет
0029feb5ba132920-p0006-PAGE_CONTEXT;matematika-muravjova-1kl-ch1-rus_2024.pdf;6;D:\ai-brain-data\visual-lexicon\belarus-primary-20261009\books\0029feb5ba132920\pages\0006.jpg;e5287189abe9b285995c58901c969cde5f4d4e3763e0bb841035de617584c355;Ожидается;Просмотрена обзорно;Не завершена;Нет
0029feb5ba132920-p0007-PAGE_CONTEXT;matematika-muravjova-1kl-ch1-rus_2024.pdf;7;D:\ai-brain-data\visual-lexicon\belarus-primary-20261009\books\0029feb5ba132920\pages\0007.jpg;630ce4c268e22f734bf3ac4da70b034ec0210d7027230ea6dd3fa633ab5701ae;Ожидается;Просмотрена обзорно;Не завершена;Нет
0029feb5ba132920-p0008-PAGE_CONTEXT;matematika-muravjova-1kl-ch1-rus_2024.pdf;8;D:\ai-brain-data\visual-lexicon\belarus-primary-20261009\books\0029feb5ba132920\pages\0008.jpg;3935f8531400d195d76d513ffe4038a7556f57146c825ea5c8bbfc77580f4ae1;Ожидается;Просмотрена обзорно;Не завершена;Нет
0029feb5ba132920-p0009-PAGE_CONTEXT;matematika-muravjova-1kl-ch1-rus_2024.pdf;9;D:\ai-brain-data\visual-lexicon\belarus-primary-20261009\books\0029feb5ba132920\pages\0009.jpg;031b7353bb94024dd4926acf014544c89672839a8f2201d9b82a9e8b2a606e47;Ожидается;Просмотрена обзорно;Не завершена;Нет
0029feb5ba132920-p0010-PAGE_CONTEXT;matematika-muravjova-1kl-ch1-rus_2024.pdf;10;D:\ai-brain-data\visual-lexicon\belarus-primary-20261009\books\0029feb5ba132920\pages\0010.jpg;3fff83514730b731095194b85207fefc9bbc97bbe0944222c19327f5ce56793b;Просмотрено выборочно;Просмотрена обзорно;Не завершена;Нет
0029feb5ba132920-p0011-PAGE_CONTEXT;matematika-muravjova-1kl-ch1-rus_2024.pdf;11;D:\ai-brain-data\visual-lexicon\belarus-primary-20261009\books\0029feb5ba132920\pages\0011.jpg;2a283df85f53e5b6bae597fddead84abc9b0f6500ab5c897bb0cb240d93cecaf;Ожидается;Просмотрена обзорно;Не завершена;Нет
0029feb5ba132920-p0012-PAGE_CONTEXT;matematika-muravjova-1kl-ch1-rus_2024.pdf;12;D:\ai-brain-data\visual-lexicon\belarus-primary-20261009\books\0029feb5ba132920\pages\0012.jpg;5ea2b98b64977930442f454c69c857967cda621283f0fc95999e3ca392bb72a5;Ожидается;Просмотрена обзорно;Не завершена;Нет
0029feb5ba132920-p0013-PAGE_CONTEXT;matematika-muravjova-1kl-ch1-rus_2024.pdf;13;D:\ai-brain-data\visual-lexicon\belarus-primary-20261009\books\0029feb5ba132920\pages\0013.jpg;bcaf82370523064d5ad70f78921018fec7cd992474bbc05fc110eebec41178d9;Ожидается;Просмотрена обзорно;Не завершена;Нет
0029feb5ba132920-p0014-PAGE_CONTEXT;matematika-muravjova-1kl-ch1-rus_2024.pdf;14;D:\ai-brain-data\visual-lexicon\belarus-primary-20261009\books\0029feb5ba132920\pages\0014.jpg;b6647accce74a1d52652b787007291c317a3284544d37f651991075d01f5ad8c;Ожидается;Просмотрена обзорно;Не завершена;Нет
0029feb5ba132920-p0015-PAGE_CONTEXT;matematika-muravjova-1kl-ch1-rus_2024.pdf;15;D:\ai-brain-data\visual-lexicon\belarus-primary-20261009\books\0029feb5ba132920\pages\0015.jpg;66543431e04cf629e818169094974f171933ec5fbb464f98d36136231edc15fc;Ожидается;Просмотрена обзорно;Не завершена;Нет
0029feb5ba132920-p0016-PAGE_CONTEXT;matematika-muravjova-1kl-ch1-rus_2024.pdf;16;D:\ai-brain-data\visual-lexicon\belarus-primary-20261009\books\0029feb5ba132920\pages\0016.jpg;6f4c6bf870d914e6cd3000b66f8840df0bf7c5ccdda8e9422accc58857a4daf8;Ожидается;Просмотрена обзорно;Не завершена;Нет
0029feb5ba132920-p0017-PAGE_CONTEXT;matematika-muravjova-1kl-ch1-rus_2024.pdf;17;D:\ai-brain-data\visual-lexicon\belarus-primary-20261009\books\0029feb5ba132920\pages\0017.jpg;dd39033b20b0651588462519ccbcecedfd8ffddee2546ba69945dd2d8884868a;Ожидается;Просмотрена обзорно;Не завершена;Нет
0029feb5ba132920-p0018-PAGE_CONTEXT;matematika-muravjova-1kl-ch1-rus_2024.pdf;18;D:\ai-brain-data\visual-lexicon\belarus-primary-20261009\books\0029feb5ba132920\pages\0018.jpg;6fda271368565a3f19c11ac445af839a88e3616dcbeb1e29d5f65e3775165566;Просмотрено выборочно;Просмотрена обзорно;Не завершена;Нет
0029feb5ba132920-p0019-PAGE_CONTEXT;matematika-muravjova-1kl-ch1-rus_2024.pdf;19;D:\ai-brain-data\visual-lexicon\belarus-primary-20261009\books\0029feb5ba132920\pages\0019.jpg;9454759508c1b9e16ddf49b2fda4b8e2e9a5c610a149dd2e2fbc3976ddbd44b9;Ожидается;Просмотрена обзорно;Не завершена;Нет
0029feb5ba132920-p0020-PAGE_CONTEXT;matematika-muravjova-1kl-ch1-rus_2024.pdf;20;D:\ai-brain-data\visual-lexicon\belarus-primary-20261009\books\0029feb5ba132920\pages\0020.jpg;14841c16192af23a3140e9542f318d14b3ab8f52f5a3cb840b6f945d1bb83ce6;Ожидается;Просмотрена обзорно;Не завершена;Нет
0029feb5ba132920-p0021-PAGE_CONTEXT;matematika-muravjova-1kl-ch1-rus_2024.pdf;21;D:\ai-brain-data\visual-lexicon\belarus-primary-20261009\books\0029feb5ba132920\pages\0021.jpg;d37e7787661bb50ae2a37757ae7254cf5f74bba050d1b2abbab326708bb83bbc;Ожидается;Просмотрена обзорно;Не завершена;Нет
0029feb5ba132920-p0022-PAGE_CONTEXT;matematika-muravjova-1kl-ch1-rus_2024.pdf;22;D:\ai-brain-data\visual-lexicon\belarus-primary-20261009\books\0029feb5ba132920\pages\0022.jpg;ae936715bf442cfd0a1879f4f0da3ec50af8e026cf01df4c5a31279c27bfdd43;Ожидается;Просмотрена обзорно;Не завершена;Нет
0029feb5ba132920-p0023-PAGE_CONTEXT;matematika-muravjova-1kl-ch1-rus_2024.pdf;23;D:\ai-brain-data\visual-lexicon\belarus-primary-20261009\books\0029feb5ba132920\pages\0023.jpg;e4388cf02afbac111ec2ad6a30737a3ccb0a56fce283815e110dad3bdff0dcad;Ожидается;Просмотрена обзорно;Не завершена;Нет
0029feb5ba132920-p0024-PAGE_CONTEXT;matematika-muravjova-1kl-ch1-rus_2024.pdf;24;D:\ai-brain-data\visual-lexicon\belarus-primary-20261009\books\0029feb5ba132920\pages\0024.jpg;97a0038660541eefd58d63698d3653e90609346e6e31fb6cc790d39c389e4aef;Ожидается;Просмотрена обзорно;Не завершена;Нет
0029feb5ba132920-p0025-PAGE_CONTEXT;matematika-muravjova-1kl-ch1-rus_2024.pdf;25;D:\ai-brain-data\visual-lexicon\belarus-primary-20261009\books\0029feb5ba132920\pages\0025.jpg;1a554fbdfa63b71b0045bb62fe767075cbae97268bf1eabece5f89822b18a08f;Ожидается;Просмотрена обзорно;Не завершена;Нет
0029feb5ba132920-p0026-PAGE_CONTEXT;matematika-muravjova-1kl-ch1-rus_2024.pdf;26;D:\ai-brain-data\visual-lexicon\belarus-primary-20261009\books\0029feb5ba132920\pages\0026.jpg;faaf327f3f8750809761e0acc157aeeb9a82aaebcedd190ec1adf91908135a8f;Ожидается;Просмотрена обзорно;Не завершена;Нет
0029feb5ba132920-p0027-PAGE_CONTEXT;matematika-muravjova-1kl-ch1-rus_2024.pdf;27;D:\ai-brain-data\visual-lexicon\belarus-primary-20261009\books\0029feb5ba132920\pages\0027.jpg;399c5c90a4b13e4dcbb154d93bdfee0b2b82e2e23393b51c69f275960f07f299;Ожидается;Просмотрена обзорно;Не завершена;Нет
0029feb5ba132920-p0028-PAGE_CONTEXT;matematika-muravjova-1kl-ch1-rus_2024.pdf;28;D:\ai-brain-data\visual-lexicon\belarus-primary-20261009\books\0029feb5ba132920\pages\0028.jpg;df135478fd309066308a9c3837b8f263d07ee8549ff51061f94c2ed21f08c3c5;Просмотрено выборочно;Просмотрена обзорно;Не завершена;Нет
0029feb5ba132920-p0029-PAGE_CONTEXT;matematika-muravjova-1kl-ch1-rus_2024.pdf;29;D:\ai-brain-data\visual-lexicon\belarus-primary-20261009\books\0029feb5ba132920\pages\0029.jpg;1710c6449e0345ee3d691c278343574e00c18847e6ed500f5b69b6a0f5c37e5c;Ожидается;Просмотрена обзорно;Не завершена;Нет
0029feb5ba132920-p0030-PAGE_CONTEXT;matematika-muravjova-1kl-ch1-rus_2024.pdf;30;D:\ai-brain-data\visual-lexicon\belarus-primary-20261009\books\0029feb5ba132920\pages\0030.jpg;9306b092eb7d481fcc7c7393c5cfa4d64aa12ff10a72d97e6f5d5ec57a774d38;Ожидается;Просмотрена обзорно;Не завершена;Нет
0029feb5ba132920-p0031-PAGE_CONTEXT;matematika-muravjova-1kl-ch1-rus_2024.pdf;31;D:\ai-brain-data\visual-lexicon\belarus-primary-20261009\books\0029feb5ba132920\pages\0031.jpg;0c1c68c3a9bbe29fdd23355f870411e16a3329b9a9b2488300a49d87d1005f52;Ожидается;Просмотрена обзорно;Не завершена;Нет
0029feb5ba132920-p0032-PAGE_CONTEXT;matematika-muravjova-1kl-ch1-rus_2024.pdf;32;D:\ai-brain-data\visual-lexicon\belarus-primary-20261009\books\0029feb5ba132920\pages\0032.jpg;48d12f1b1fb4dbc216070211e2867d19a33860079b16cabd4779d620fd2a5815;Ожидается;Просмотрена обзорно;Не завершена;Нет
0029feb5ba132920-p0033-PAGE_CONTEXT;matematika-muravjova-1kl-ch1-rus_2024.pdf;33;D:\ai-brain-data\visual-lexicon\belarus-primary-20261009\books\0029feb5ba132920\pages\0033.jpg;f9f390ec53fb4f78f6ee63b5af84f01c917fa218007ffa4e4a32cc2d1c8c4570;Ожидается;Просмотрена обзорно;Не завершена;Нет
0029feb5ba132920-p0034-PAGE_CONTEXT;matematika-muravjova-1kl-ch1-rus_2024.pdf;34;D:\ai-brain-data\visual-lexicon\belarus-primary-20261009\books\0029feb5ba132920\pages\0034.jpg;855e368b4b8c9420e23dfbffa5fc93c2643cfa6c3e00b15702efbfd8f857fb18;Ожидается;Просмотрена обзорно;Не завершена;Нет
0029feb5ba132920-p0035-PAGE_CONTEXT;matematika-muravjova-1kl-ch1-rus_2024.pdf;35;D:\ai-brain-data\visual-lexicon\belarus-primary-20261009\books\0029feb5ba132920\pages\0035.jpg;75e568e6015391a1f896b3d1fc21d78f1e482ed53b0d3f01186ce2337141f2b3;Ожидается;Просмотрена обзорно;Не завершена;Нет
0029feb5ba132920-p0036-PAGE_CONTEXT;matematika-muravjova-1kl-ch1-rus_2024.pdf;36;D:\ai-brain-data\visual-lexicon\belarus-primary-20261009\books\0029feb5ba132920\pages\0036.jpg;7eddd639ff0bf01be7b7c3cde07da292f5ae439ced6a02b280a2e3d443de077b;Ожидается;Просмотрена обзорно;Не завершена;Нет
0029feb5ba132920-p0037-PAGE_CONTEXT;matematika-muravjova-1kl-ch1-rus_2024.pdf;37;D:\ai-brain-data\visual-lexicon\belarus-primary-20261009\books\0029feb5ba132920\pages\0037.jpg;ec8f86147402d09f7619b8fea8b686f660e5b38ea2db1e04e929fb464ac5e1e5;Ожидается;Просмотрена обзорно;Не завершена;Нет
0029feb5ba132920-p0038-PAGE_CONTEXT;matematika-muravjova-1kl-ch1-rus_2024.pdf;38;D:\ai-brain-data\visual-lexicon\belarus-primary-20261009\books\0029feb5ba132920\pages\0038.jpg;23f7be8a0fadf5a3e1ce58863ad582f6978b5915dc9bb83aa03193cfce2a81b0;Ожидается;Просмотрена обзорно;Не завершена;Нет
0029feb5ba132920-p0039-PAGE_CONTEXT;matematika-muravjova-1kl-ch1-rus_2024.pdf;39;D:\ai-brain-data\visual-lexicon\belarus-primary-20261009\books\0029feb5ba132920\pages\0039.jpg;dc2f062d3ee78ec0ab32015062a52e57152e00ceca7f5014dd4f7cfdef0140a7;Ожидается;Просмотрена обзорно;Не завершена;Нет
0029feb5ba132920-p0040-PAGE_CONTEXT;matematika-muravjova-1kl-ch1-rus_2024.pdf;40;D:\ai-brain-data\visual-lexicon\belarus-primary-20261009\books\0029feb5ba132920\pages\0040.jpg;d3ec99b79a64257f0b0b11e7698c8b920ba1a584ebedd5ceb2c08257232bcd65;Просмотрено выборочно;Просмотрена обзорно;Не завершена;Нет
0029feb5ba132920-p0041-PAGE_CONTEXT;matematika-muravjova-1kl-ch1-rus_2024.pdf;41;D:\ai-brain-data\visual-lexicon\belarus-primary-20261009\books\0029feb5ba132920\pages\0041.jpg;754b517caa4c31e631b3a3c6042a4635d1637a082ee85bff88b8b823a717d793;Ожидается;Просмотрена обзорно;Не завершена;Нет
0029feb5ba132920-p0042-PAGE_CONTEXT;matematika-muravjova-1kl-ch1-rus_2024.pdf;42;D:\ai-brain-data\visual-lexicon\belarus-primary-20261009\books\0029feb5ba132920\pages\0042.jpg;e28ba9a59930dd7b2955169c3186d428c6f047b68fc96ea41426131ba02595d5;Ожидается;Просмотрена обзорно;Не завершена;Нет
0029feb5ba132920-p0043-PAGE_CONTEXT;matematika-muravjova-1kl-ch1-rus_2024.pdf;43;D:\ai-brain-data\visual-lexicon\belarus-primary-20261009\books\0029feb5ba132920\pages\0043.jpg;fd3af84205d36305c41d69447d69f68827431c4f944d8389fc21cfb7beedd78c;Ожидается;Просмотрена обзорно;Не завершена;Нет
0029feb5ba132920-p0044-PAGE_CONTEXT;matematika-muravjova-1kl-ch1-rus_2024.pdf;44;D:\ai-brain-data\visual-lexicon\belarus-primary-20261009\books\0029feb5ba132920\pages\0044.jpg;27c5c23bfd392464c116fdab4a6221d1228b61af904b3d9bc7d8c800951beb18;Ожидается;Просмотрена обзорно;Не завершена;Нет
0029feb5ba132920-p0045-PAGE_CONTEXT;matematika-muravjova-1kl-ch1-rus_2024.pdf;45;D:\ai-brain-data\visual-lexicon\belarus-primary-20261009\books\0029feb5ba132920\pages\0045.jpg;1c46f2182fa89a336c6d8693f4cc8fa8515ec30cb3cc940322ba52e1797a04e7;Ожидается;Просмотрена обзорно;Не завершена;Нет
0029feb5ba132920-p0046-PAGE_CONTEXT;matematika-muravjova-1kl-ch1-rus_2024.pdf;46;D:\ai-brain-data\visual-lexicon\belarus-primary-20261009\books\0029feb5ba132920\pages\0046.jpg;4e1c3bee6abe44c6174b2866ce0a1132017be437fdbaf51cb895cf25c6a86453;Ожидается;Просмотрена обзорно;Не завершена;Нет
0029feb5ba132920-p0047-PAGE_CONTEXT;matematika-muravjova-1kl-ch1-rus_2024.pdf;47;D:\ai-brain-data\visual-lexicon\belarus-primary-20261009\books\0029feb5ba132920\pages\0047.jpg;9ce22b3a6b3c592211ca61776947ab7d3e34e17f4106822b98fe2ecdf3c70280;Ожидается;Просмотрена обзорно;Не завершена;Нет
0029feb5ba132920-p0048-PAGE_CONTEXT;matematika-muravjova-1kl-ch1-rus_2024.pdf;48;D:\ai-brain-data\visual-lexicon\belarus-primary-20261009\books\0029feb5ba132920\pages\0048.jpg;841d8d6d5a5971c8dc78d7989f230ecc64c018af883448f5d7e30b1f6d1ea262;Ожидается;Просмотрена обзорно;Не завершена;Нет
0029feb5ba132920-p0049-PAGE_CONTEXT;matematika-muravjova-1kl-ch1-rus_2024.pdf;49;D:\ai-brain-data\visual-lexicon\belarus-primary-20261009\books\0029feb5ba132920\pages\0049.jpg;41b7fd37f5554eafe367f7c23d4c560e38a547a27dd6d77c1536af6a12dab8af;Ожидается;Просмотрена обзорно;Не завершена;Нет
0029feb5ba132920-p0050-PAGE_CONTEXT;matematika-muravjova-1kl-ch1-rus_2024.pdf;50;D:\ai-brain-data\visual-lexicon\belarus-primary-20261009\books\0029feb5ba132920\pages\0050.jpg;a913ded3d6d77c567b4fafab340030d26b632cbfb2ba8b5c8e0f410c13be9637;Ожидается;Просмотрена обзорно;Не завершена;Нет
0029feb5ba132920-p0051-PAGE_CONTEXT;matematika-muravjova-1kl-ch1-rus_2024.pdf;51;D:\ai-brain-data\visual-lexicon\belarus-primary-20261009\books\0029feb5ba132920\pages\0051.jpg;2258d03e3d40114658447f4a1f279a7972648e87cbfae102c56d60e0d5652b78;Ожидается;Просмотрена обзорно;Не завершена;Нет
0029feb5ba132920-p0052-PAGE_CONTEXT;matematika-muravjova-1kl-ch1-rus_2024.pdf;52;D:\ai-brain-data\visual-lexicon\belarus-primary-20261009\books\0029feb5ba132920\pages\0052.jpg;0b0b8c0681a30299c77a244a5bb6834f9fd4580a069f2a2bfbdbf821d0cdb7ea;Ожидается;Просмотрена обзорно;Не завершена;Нет
0029feb5ba132920-p0053-PAGE_CONTEXT;matematika-muravjova-1kl-ch1-rus_2024.pdf;53;D:\ai-brain-data\visual-lexicon\belarus-primary-20261009\books\0029feb5ba132920\pages\0053.jpg;d36aef25cbf1c0d01c1b92599c287854f4c27cebd595d46123aa7091e27b903b;Ожидается;Просмотрена обзорно;Не завершена;Нет
0029feb5ba132920-p0054-PAGE_CONTEXT;matematika-muravjova-1kl-ch1-rus_2024.pdf;54;D:\ai-brain-data\visual-lexicon\belarus-primary-20261009\books\0029feb5ba132920\pages\0054.jpg;783d893f1a7c5e1ce55cc56496c0a408eb762a948eb19a11b89c567973315ef5;Ожидается;Просмотрена обзорно;Не завершена;Нет
0029feb5ba132920-p0055-PAGE_CONTEXT;matematika-muravjova-1kl-ch1-rus_2024.pdf;55;D:\ai-brain-data\visual-lexicon\belarus-primary-20261009\books\0029feb5ba132920\pages\0055.jpg;9e0f761480fd4fa7cde1cad388a5891c1c72e7a199722599df4a284efa4f1494;Ожидается;Просмотрена обзорно;Не завершена;Нет
0029feb5ba132920-p0056-PAGE_CONTEXT;matematika-muravjova-1kl-ch1-rus_2024.pdf;56;D:\ai-brain-data\visual-lexicon\belarus-primary-20261009\books\0029feb5ba132920\pages\0056.jpg;96e9c5527675e415d21c8230eb9d5a4e07182a7c7c9a87ef78f8e5bfe4345038;Просмотрено выборочно;Просмотрена обзорно;Не завершена;Нет
0029feb5ba132920-p0057-PAGE_CONTEXT;matematika-muravjova-1kl-ch1-rus_2024.pdf;57;D:\ai-brain-data\visual-lexicon\belarus-primary-20261009\books\0029feb5ba132920\pages\0057.jpg;9a7bceb718afe3cbfd1f428d3705e6ec332c83590e69ed0f302875a5d4b5d764;Ожидается;Просмотрена обзорно;Не завершена;Нет
0029feb5ba132920-p0058-PAGE_CONTEXT;matematika-muravjova-1kl-ch1-rus_2024.pdf;58;D:\ai-brain-data\visual-lexicon\belarus-primary-20261009\books\0029feb5ba132920\pages\0058.jpg;6b1f0d508c3c8c617d68ca0ba92acb0ed86b68a77810a1ba17810bff7b268fcf;Ожидается;Просмотрена обзорно;Не завершена;Нет
0029feb5ba132920-p0059-PAGE_CONTEXT;matematika-muravjova-1kl-ch1-rus_2024.pdf;59;D:\ai-brain-data\visual-lexicon\belarus-primary-20261009\books\0029feb5ba132920\pages\0059.jpg;da3846a55c10b8f0242ee4f361dc853984c9ec1877862be6fb70df202167eb8a;Ожидается;Просмотрена обзорно;Не завершена;Нет
0029feb5ba132920-p0060-PAGE_CONTEXT;matematika-muravjova-1kl-ch1-rus_2024.pdf;60;D:\ai-brain-data\visual-lexicon\belarus-primary-20261009\books\0029feb5ba132920\pages\0060.jpg;fb910b2f651327e726fc9b82215dfad8bab779b74e4b5d0f099c686456f505dc;Ожидается;Просмотрена обзорно;Не завершена;Нет
0029feb5ba132920-p0061-PAGE_CONTEXT;matematika-muravjova-1kl-ch1-rus_2024.pdf;61;D:\ai-brain-data\visual-lexicon\belarus-primary-20261009\books\0029feb5ba132920\pages\0061.jpg;9578985f6b8431222c6bb29535f95f221f573f36eb923dc9a24722b56bb5008e;Ожидается;Просмотрена обзорно;Не завершена;Нет
0029feb5ba132920-p0062-PAGE_CONTEXT;matematika-muravjova-1kl-ch1-rus_2024.pdf;62;D:\ai-brain-data\visual-lexicon\belarus-primary-20261009\books\0029feb5ba132920\pages\0062.jpg;334276260b57bd76f0e68da71bfabd1de3a6c2c64f72e54810f44b51a6a3cb2e;Ожидается;Просмотрена обзорно;Не завершена;Нет
0029feb5ba132920-p0063-PAGE_CONTEXT;matematika-muravjova-1kl-ch1-rus_2024.pdf;63;D:\ai-brain-data\visual-lexicon\belarus-primary-20261009\books\0029feb5ba132920\pages\0063.jpg;fbf8db144eb1420d41f1f03083b5e940a988a3bed23dd520ee844bda58c29e4e;Ожидается;Просмотрена обзорно;Не завершена;Нет
0029feb5ba132920-p0064-PAGE_CONTEXT;matematika-muravjova-1kl-ch1-rus_2024.pdf;64;D:\ai-brain-data\visual-lexicon\belarus-primary-20261009\books\0029feb5ba132920\pages\0064.jpg;d0b203df732434dee01d80eb5b5524f8966909a8f9b19ac03a5a39ed762f7c8e;Ожидается;Просмотрена обзорно;Не завершена;Нет
0029feb5ba132920-p0065-PAGE_CONTEXT;matematika-muravjova-1kl-ch1-rus_2024.pdf;65;D:\ai-brain-data\visual-lexicon\belarus-primary-20261009\books\0029feb5ba132920\pages\0065.jpg;117a16b2f9c8254562b1e4e52aa34a84ff5192be7fa219acccd80292adea1b62;Ожидается;Просмотрена обзорно;Не завершена;Нет
0029feb5ba132920-p0066-PAGE_CONTEXT;matematika-muravjova-1kl-ch1-rus_2024.pdf;66;D:\ai-brain-data\visual-lexicon\belarus-primary-20261009\books\0029feb5ba132920\pages\0066.jpg;34e1fcd6b676fb30d3ada2b962f39a3fd17490461a2eab626f204991c2c14a46;Ожидается;Просмотрена обзорно;Не завершена;Нет
0029feb5ba132920-p0067-PAGE_CONTEXT;matematika-muravjova-1kl-ch1-rus_2024.pdf;67;D:\ai-brain-data\visual-lexicon\belarus-primary-20261009\books\0029feb5ba132920\pages\0067.jpg;33a67375def19022f916bd48c76e74d699f0945d98017cd9078c2549586f6c03;Ожидается;Просмотрена обзорно;Не завершена;Нет
0029feb5ba132920-p0068-PAGE_CONTEXT;matematika-muravjova-1kl-ch1-rus_2024.pdf;68;D:\ai-brain-data\visual-lexicon\belarus-primary-20261009\books\0029feb5ba132920\pages\0068.jpg;cc668f46b5eb3f6eef67f9b5cb0d5af7f8425e51262e8dcf585556304d6a9d09;Ожидается;Просмотрена обзорно;Не завершена;Нет
0029feb5ba132920-p0069-PAGE_CONTEXT;matematika-muravjova-1kl-ch1-rus_2024.pdf;69;D:\ai-brain-data\visual-lexicon\belarus-primary-20261009\books\0029feb5ba132920\pages\0069.jpg;5b58236e328e0370137fb5aa6fd5b357e62a7d36172335fef669a3976e552c78;Ожидается;Просмотрена обзорно;Не завершена;Нет
0029feb5ba132920-p0070-PAGE_CONTEXT;matematika-muravjova-1kl-ch1-rus_2024.pdf;70;D:\ai-brain-data\visual-lexicon\belarus-primary-20261009\books\0029feb5ba132920\pages\0070.jpg;8bc35eeec3051e818879c3d13b896d1e41a5aa1e1dab6fd6e3be0902ac9c448b;Ожидается;Просмотрена обзорно;Не завершена;Нет
0029feb5ba132920-p0071-PAGE_CONTEXT;matematika-muravjova-1kl-ch1-rus_2024.pdf;71;D:\ai-brain-data\visual-lexicon\belarus-primary-20261009\books\0029feb5ba132920\pages\0071.jpg;6489642934739476fa2ced5f1fa0ea1ff3a34a7527d1627c0d60de907518834e;Ожидается;Просмотрена обзорно;Не завершена;Нет
0029feb5ba132920-p0072-PAGE_CONTEXT;matematika-muravjova-1kl-ch1-rus_2024.pdf;72;D:\ai-brain-data\visual-lexicon\belarus-primary-20261009\books\0029feb5ba132920\pages\0072.jpg;c59828008606dc9b9da80afb38a2185ae66da71d78d3dcbc9f6bce2257e03e41;Ожидается;Просмотрена обзорно;Не завершена;Нет
0029feb5ba132920-p0073-PAGE_CONTEXT;matematika-muravjova-1kl-ch1-rus_2024.pdf;73;D:\ai-brain-data\visual-lexicon\belarus-primary-20261009\books\0029feb5ba132920\pages\0073.jpg;65374fb6e7c2d4740e866b4d7940dca9bcc274dab4a6dd5e9144c1d6b31518af;Ожидается;Просмотрена обзорно;Не завершена;Нет
0029feb5ba132920-p0074-PAGE_CONTEXT;matematika-muravjova-1kl-ch1-rus_2024.pdf;74;D:\ai-brain-data\visual-lexicon\belarus-primary-20261009\books\0029feb5ba132920\pages\0074.jpg;529aaec23247155d379350c0069379769138b3bd256f1f890ad33c5f7d3002b2;Ожидается;Просмотрена обзорно;Не завершена;Нет
0029feb5ba132920-p0075-PAGE_CONTEXT;matematika-muravjova-1kl-ch1-rus_2024.pdf;75;D:\ai-brain-data\visual-lexicon\belarus-primary-20261009\books\0029feb5ba132920\pages\0075.jpg;5348cc9cdb6c62f9001b9a90ebb87ba008dad2a6a7a2f975e910f4be7878cea8;Ожидается;Просмотрена обзорно;Не завершена;Нет
0029feb5ba132920-p0076-PAGE_CONTEXT;matematika-muravjova-1kl-ch1-rus_2024.pdf;76;D:\ai-brain-data\visual-lexicon\belarus-primary-20261009\books\0029feb5ba132920\pages\0076.jpg;127bac630d246807ea0478cb6fd1c85f4c0878905d57ea7280180379f35ed08d;Просмотрено выборочно;Просмотрена обзорно;Не завершена;Нет
0029feb5ba132920-p0077-PAGE_CONTEXT;matematika-muravjova-1kl-ch1-rus_2024.pdf;77;D:\ai-brain-data\visual-lexicon\belarus-primary-20261009\books\0029feb5ba132920\pages\0077.jpg;ad413262ff51e2397af7ab2af8e27dd9fd25c408c2fcd344d6c11a547bef80a9;Ожидается;Просмотрена обзорно;Не завершена;Нет
0029feb5ba132920-p0078-PAGE_CONTEXT;matematika-muravjova-1kl-ch1-rus_2024.pdf;78;D:\ai-brain-data\visual-lexicon\belarus-primary-20261009\books\0029feb5ba132920\pages\0078.jpg;18caedba53d80298b4a05a2e5a17adeb419b201e47c2b32decb297bf2366a2c4;Ожидается;Просмотрена обзорно;Не завершена;Нет
0029feb5ba132920-p0079-PAGE_CONTEXT;matematika-muravjova-1kl-ch1-rus_2024.pdf;79;D:\ai-brain-data\visual-lexicon\belarus-primary-20261009\books\0029feb5ba132920\pages\0079.jpg;c2cff691b9201ca68c47f660f83c18422eca2875d6b9b499786fee8e512ace72;Ожидается;Просмотрена обзорно;Не завершена;Нет
0029feb5ba132920-p0080-PAGE_CONTEXT;matematika-muravjova-1kl-ch1-rus_2024.pdf;80;D:\ai-brain-data\visual-lexicon\belarus-primary-20261009\books\0029feb5ba132920\pages\0080.jpg;033098093ed5b5e287883b36cf718cf03cba48295601803f638a56438e971ea3;Ожидается;Просмотрена обзорно;Не завершена;Нет
0029feb5ba132920-p0081-PAGE_CONTEXT;matematika-muravjova-1kl-ch1-rus_2024.pdf;81;D:\ai-brain-data\visual-lexicon\belarus-primary-20261009\books\0029feb5ba132920\pages\0081.jpg;f0cfd1c5a186d887b64898006e9d2d7058f1388c95ce584e99b6af50dd5454e6;Ожидается;Просмотрена обзорно;Не завершена;Нет
0029feb5ba132920-p0082-PAGE_CONTEXT;matematika-muravjova-1kl-ch1-rus_2024.pdf;82;D:\ai-brain-data\visual-lexicon\belarus-primary-20261009\books\0029feb5ba132920\pages\0082.jpg;8cc110ae4331ffc9c7f53fd95ac71a69feabb67140e0e9e1a29ebf740400bd13;Ожидается;Просмотрена обзорно;Не завершена;Нет
0029feb5ba132920-p0083-PAGE_CONTEXT;matematika-muravjova-1kl-ch1-rus_2024.pdf;83;D:\ai-brain-data\visual-lexicon\belarus-primary-20261009\books\0029feb5ba132920\pages\0083.jpg;07c9ef494facb2d11674c5d7d66a32ab08daa6447f6195ac62d348aba6c98d39;Ожидается;Просмотрена обзорно;Не завершена;Нет
0029feb5ba132920-p0084-PAGE_CONTEXT;matematika-muravjova-1kl-ch1-rus_2024.pdf;84;D:\ai-brain-data\visual-lexicon\belarus-primary-20261009\books\0029feb5ba132920\pages\0084.jpg;a2e6e73040f0870bfa188eef2c73300226d14c967e5d4543a64d9173bf3a99e1;Ожидается;Просмотрена обзорно;Не завершена;Нет
0029feb5ba132920-p0085-PAGE_CONTEXT;matematika-muravjova-1kl-ch1-rus_2024.pdf;85;D:\ai-brain-data\visual-lexicon\belarus-primary-20261009\books\0029feb5ba132920\pages\0085.jpg;474b8ae2c60431e2ad8eb8b487422b830e03937a2e46771fde1bfab46fa3e47f;Ожидается;Просмотрена обзорно;Не завершена;Нет
0029feb5ba132920-p0086-PAGE_CONTEXT;matematika-muravjova-1kl-ch1-rus_2024.pdf;86;D:\ai-brain-data\visual-lexicon\belarus-primary-20261009\books\0029feb5ba132920\pages\0086.jpg;c604f6f530d74fa7f6faeacf9329a83f220afb9d9fb392397899d6683119e30f;Ожидается;Просмотрена обзорно;Не завершена;Нет
0029feb5ba132920-p0087-PAGE_CONTEXT;matematika-muravjova-1kl-ch1-rus_2024.pdf;87;D:\ai-brain-data\visual-lexicon\belarus-primary-20261009\books\0029feb5ba132920\pages\0087.jpg;a690af5981e5ab1a461bae6e49db226d51eabb304631926b1570814b329af629;Ожидается;Просмотрена обзорно;Не завершена;Нет
0029feb5ba132920-p0088-PAGE_CONTEXT;matematika-muravjova-1kl-ch1-rus_2024.pdf;88;D:\ai-brain-data\visual-lexicon\belarus-primary-20261009\books\0029feb5ba132920\pages\0088.jpg;cfbbe0bac25dca980043c4d856875bb6c65c2bbe5f4a2afd71a9d1ac14af2bbb;Ожидается;Просмотрена обзорно;Не завершена;Нет
0029feb5ba132920-p0089-PAGE_CONTEXT;matematika-muravjova-1kl-ch1-rus_2024.pdf;89;D:\ai-brain-data\visual-lexicon\belarus-primary-20261009\books\0029feb5ba132920\pages\0089.jpg;929c17e4b9fdd1243176077098e7ee0716d7cf43f4154322769ab2e9fc944d90;Ожидается;Просмотрена обзорно;Не завершена;Нет
0029feb5ba132920-p0090-PAGE_CONTEXT;matematika-muravjova-1kl-ch1-rus_2024.pdf;90;D:\ai-brain-data\visual-lexicon\belarus-primary-20261009\books\0029feb5ba132920\pages\0090.jpg;2f30292501ea653ff5b85c1990a6ca38e3391d56b95f9367ef48861592179b02;Ожидается;Просмотрена обзорно;Не завершена;Нет
0029feb5ba132920-p0091-PAGE_CONTEXT;matematika-muravjova-1kl-ch1-rus_2024.pdf;91;D:\ai-brain-data\visual-lexicon\belarus-primary-20261009\books\0029feb5ba132920\pages\0091.jpg;c52c9b94fa6d26e8bbf3b0844b660d6f8db33a0fb4b4b2b84fdf96709759a7f6;Ожидается;Просмотрена обзорно;Не завершена;Нет
0029feb5ba132920-p0092-PAGE_CONTEXT;matematika-muravjova-1kl-ch1-rus_2024.pdf;92;D:\ai-brain-data\visual-lexicon\belarus-primary-20261009\books\0029feb5ba132920\pages\0092.jpg;8ff292bb0c73417a627cb5c965bba65103c0b8f8c7933d12ed1390b2437d3d2a;Ожидается;Просмотрена обзорно;Не завершена;Нет
0029feb5ba132920-p0093-PAGE_CONTEXT;matematika-muravjova-1kl-ch1-rus_2024.pdf;93;D:\ai-brain-data\visual-lexicon\belarus-primary-20261009\books\0029feb5ba132920\pages\0093.jpg;2afd94fb060b74503a5be02e65ffd7e19de379d72af13ea2ca0100f59429d524;Ожидается;Просмотрена обзорно;Не завершена;Нет
0029feb5ba132920-p0094-PAGE_CONTEXT;matematika-muravjova-1kl-ch1-rus_2024.pdf;94;D:\ai-brain-data\visual-lexicon\belarus-primary-20261009\books\0029feb5ba132920\pages\0094.jpg;2c275bde8d4c57c1e4cc6ddec4af8a5b5674691e991190b442b7461de2c1d585;Ожидается;Просмотрена обзорно;Не завершена;Нет
0029feb5ba132920-p0095-PAGE_CONTEXT;matematika-muravjova-1kl-ch1-rus_2024.pdf;95;D:\ai-brain-data\visual-lexicon\belarus-primary-20261009\books\0029feb5ba132920\pages\0095.jpg;75eb1db9eeaca91c1c25f7a97fbc45f5a75cf94cade032d1dd9853a6667e934c;Ожидается;Просмотрена обзорно;Не завершена;Нет
0029feb5ba132920-p0096-PAGE_CONTEXT;matematika-muravjova-1kl-ch1-rus_2024.pdf;96;D:\ai-brain-data\visual-lexicon\belarus-primary-20261009\books\0029feb5ba132920\pages\0096.jpg;b5a05632f30a6d01390af4ee10d4cda055fb1c4348348044769df931b409ad1c;Ожидается;Просмотрена обзорно;Не завершена;Нет
0029feb5ba132920-p0097-PAGE_CONTEXT;matematika-muravjova-1kl-ch1-rus_2024.pdf;97;D:\ai-brain-data\visual-lexicon\belarus-primary-20261009\books\0029feb5ba132920\pages\0097.jpg;9f793e9eb3308a8823c4cbcd8f1fb10bcdce6f5bccde070f8df9d9bce3da5462;Ожидается;Просмотрена обзорно;Не завершена;Нет
0029feb5ba132920-p0098-PAGE_CONTEXT;matematika-muravjova-1kl-ch1-rus_2024.pdf;98;D:\ai-brain-data\visual-lexicon\belarus-primary-20261009\books\0029feb5ba132920\pages\0098.jpg;9160110fdc79e48efd9cbefcfacf8d3c3301d9b2a3082bc3fc9ffb75df08fc6d;Ожидается;Просмотрена обзорно;Не завершена;Нет
0029feb5ba132920-p0099-PAGE_CONTEXT;matematika-muravjova-1kl-ch1-rus_2024.pdf;99;D:\ai-brain-data\visual-lexicon\belarus-primary-20261009\books\0029feb5ba132920\pages\0099.jpg;2ba86f500a558eb7342584d09aa8056a4f7cca7b1bee95e772014db1c27d0f9d;Ожидается;Просмотрена обзорно;Не завершена;Нет
0029feb5ba132920-p0100-PAGE_CONTEXT;matematika-muravjova-1kl-ch1-rus_2024.pdf;100;D:\ai-brain-data\visual-lexicon\belarus-primary-20261009\books\0029feb5ba132920\pages\0100.jpg;96f7be66b6ccbd5049080c30db44fb0c2a1a7b1c9519a75bc3c657fc136279b7;Просмотрено выборочно;Просмотрена обзорно;Не завершена;Нет
0029feb5ba132920-p0101-PAGE_CONTEXT;matematika-muravjova-1kl-ch1-rus_2024.pdf;101;D:\ai-brain-data\visual-lexicon\belarus-primary-20261009\books\0029feb5ba132920\pages\0101.jpg;d066c51caca5b73db47ad46630868e33548c29d183536b33f85f76824ac97ee2;Ожидается;Просмотрена обзорно;Не завершена;Нет
0029feb5ba132920-p0102-PAGE_CONTEXT;matematika-muravjova-1kl-ch1-rus_2024.pdf;102;D:\ai-brain-data\visual-lexicon\belarus-primary-20261009\books\0029feb5ba132920\pages\0102.jpg;7f448a0e192901cae116ebd5fd067f8cd650d2e2f062cf4ff5102d232c87439d;Ожидается;Просмотрена обзорно;Не завершена;Нет
0029feb5ba132920-p0103-PAGE_CONTEXT;matematika-muravjova-1kl-ch1-rus_2024.pdf;103;D:\ai-brain-data\visual-lexicon\belarus-primary-20261009\books\0029feb5ba132920\pages\0103.jpg;69959fb6b8c27f216dea926445b165788fdc09a8816af65048daa73660e433c6;Ожидается;Просмотрена обзорно;Не завершена;Нет
0029feb5ba132920-p0104-PAGE_CONTEXT;matematika-muravjova-1kl-ch1-rus_2024.pdf;104;D:\ai-brain-data\visual-lexicon\belarus-primary-20261009\books\0029feb5ba132920\pages\0104.jpg;ae0cd782678c374cf9e26032dda9890fef91a51bea44d68cde82f6cc4a21d3cb;Ожидается;Просмотрена обзорно;Не завершена;Нет
0029feb5ba132920-p0105-PAGE_CONTEXT;matematika-muravjova-1kl-ch1-rus_2024.pdf;105;D:\ai-brain-data\visual-lexicon\belarus-primary-20261009\books\0029feb5ba132920\pages\0105.jpg;df369a53b55538f266672de62975e22251392e60076a8c6f67ac0216d8300259;Ожидается;Просмотрена обзорно;Не завершена;Нет
0029feb5ba132920-p0106-PAGE_CONTEXT;matematika-muravjova-1kl-ch1-rus_2024.pdf;106;D:\ai-brain-data\visual-lexicon\belarus-primary-20261009\books\0029feb5ba132920\pages\0106.jpg;bafd24bfa6f245000143abd06228abdca4b253229341e1df36b0fffc6d956086;Ожидается;Просмотрена обзорно;Не завершена;Нет
0029feb5ba132920-p0107-PAGE_CONTEXT;matematika-muravjova-1kl-ch1-rus_2024.pdf;107;D:\ai-brain-data\visual-lexicon\belarus-primary-20261009\books\0029feb5ba132920\pages\0107.jpg;0955d90f5284b3e3c43beeed65f95311092c398f68defea22311085ab6489e6c;Ожидается;Просмотрена обзорно;Не завершена;Нет
0029feb5ba132920-p0108-PAGE_CONTEXT;matematika-muravjova-1kl-ch1-rus_2024.pdf;108;D:\ai-brain-data\visual-lexicon\belarus-primary-20261009\books\0029feb5ba132920\pages\0108.jpg;79dc1245226024c8a18f5999609ec4813daba4d7ecfbb5d6718abb519c9c7852;Ожидается;Просмотрена обзорно;Не завершена;Нет
0029feb5ba132920-p0109-PAGE_CONTEXT;matematika-muravjova-1kl-ch1-rus_2024.pdf;109;D:\ai-brain-data\visual-lexicon\belarus-primary-20261009\books\0029feb5ba132920\pages\0109.jpg;123f2036c17fd282a91109fc2170394b8219ed37d804a8658014952bbeec201d;Ожидается;Просмотрена обзорно;Не завершена;Нет
0029feb5ba132920-p0110-PAGE_CONTEXT;matematika-muravjova-1kl-ch1-rus_2024.pdf;110;D:\ai-brain-data\visual-lexicon\belarus-primary-20261009\books\0029feb5ba132920\pages\0110.jpg;2673c7b6883b0ead11c590067461cd2535437c83dbafbdd1257ca45677b00b09;Просмотрено выборочно;Просмотрена обзорно;Не завершена;Нет
0029feb5ba132920-p0111-PAGE_CONTEXT;matematika-muravjova-1kl-ch1-rus_2024.pdf;111;D:\ai-brain-data\visual-lexicon\belarus-primary-20261009\books\0029feb5ba132920\pages\0111.jpg;ad5ff8954ea89aa3b6e1818d65c6784ce04892e0032459f9f2eb3c35224c6e17;Ожидается;Просмотрена обзорно;Не завершена;Нет
0029feb5ba132920-p0112-PAGE_CONTEXT;matematika-muravjova-1kl-ch1-rus_2024.pdf;112;D:\ai-brain-data\visual-lexicon\belarus-primary-20261009\books\0029feb5ba132920\pages\0112.jpg;df87faee611fdc00af317a9616026062b7bde073ce641403b6d3070fdcb0dc12;Ожидается;Просмотрена обзорно;Не завершена;Нет
0029feb5ba132920-p0113-PAGE_CONTEXT;matematika-muravjova-1kl-ch1-rus_2024.pdf;113;D:\ai-brain-data\visual-lexicon\belarus-primary-20261009\books\0029feb5ba132920\pages\0113.jpg;a788e4adeaccbf9f87be2fd34d1f6096a41c792985565ca972e25017cf6fe6e0;Ожидается;Просмотрена обзорно;Не завершена;Нет
0029feb5ba132920-p0114-PAGE_CONTEXT;matematika-muravjova-1kl-ch1-rus_2024.pdf;114;D:\ai-brain-data\visual-lexicon\belarus-primary-20261009\books\0029feb5ba132920\pages\0114.jpg;8316400f70d649d1bda69844900cb1aa6c4637705adf30040549e2c0001bf288;Ожидается;Просмотрена обзорно;Не завершена;Нет
0029feb5ba132920-p0115-PAGE_CONTEXT;matematika-muravjova-1kl-ch1-rus_2024.pdf;115;D:\ai-brain-data\visual-lexicon\belarus-primary-20261009\books\0029feb5ba132920\pages\0115.jpg;5b6733aa9929e341269c037bdff7c01990153a2818bbdc4c23b5ecbf6acab14f;Ожидается;Просмотрена обзорно;Не завершена;Нет
0029feb5ba132920-p0116-PAGE_CONTEXT;matematika-muravjova-1kl-ch1-rus_2024.pdf;116;D:\ai-brain-data\visual-lexicon\belarus-primary-20261009\books\0029feb5ba132920\pages\0116.jpg;477c2090e11ffe4b47923fc7f767e9ed54c3882c2789d9bb9a2afb076a002d6e;Ожидается;Просмотрена обзорно;Не завершена;Нет
0029feb5ba132920-p0117-PAGE_CONTEXT;matematika-muravjova-1kl-ch1-rus_2024.pdf;117;D:\ai-brain-data\visual-lexicon\belarus-primary-20261009\books\0029feb5ba132920\pages\0117.jpg;c9cde239a6ca56debaf40e0cd87e1eebb0b515a62c1fc4305fd8602f5ca2b3c3;Ожидается;Просмотрена обзорно;Не завершена;Нет
0029feb5ba132920-p0118-PAGE_CONTEXT;matematika-muravjova-1kl-ch1-rus_2024.pdf;118;D:\ai-brain-data\visual-lexicon\belarus-primary-20261009\books\0029feb5ba132920\pages\0118.jpg;c50fb1795a65ccdd608443bedd2c34457319f2c518b61f71fc32f77da7d6f28c;Ожидается;Просмотрена обзорно;Не завершена;Нет
2a05762013544e1a-p0001-PAGE_CONTEXT;Chel_i_mir_Trafimova_2kl_rus_2024.pdf;1;D:\ai-brain-data\visual-lexicon\belarus-primary-20261009\books\2a05762013544e1a\pages\0001.jpg;a316e3788ea7f0093de0587d01cd1c770e94218541d7895d06abb57eabfe0e1f;Ожидается;Просмотрена обзорно;Не завершена;Нет
2a05762013544e1a-p0002-PAGE_CONTEXT;Chel_i_mir_Trafimova_2kl_rus_2024.pdf;2;D:\ai-brain-data\visual-lexicon\belarus-primary-20261009\geometry-corrections\2a05762013544e1a\pages\0002.jpg;3b3e0c742f1ff331f9ae8209338a08959eaaaca4aa91662165ad30702223cd3a;Просмотрено выборочно;Просмотрена обзорно;Не завершена;Нет
2a05762013544e1a-p0003-PAGE_CONTEXT;Chel_i_mir_Trafimova_2kl_rus_2024.pdf;3;D:\ai-brain-data\visual-lexicon\belarus-primary-20261009\geometry-corrections\2a05762013544e1a\pages\0003.jpg;3b3e0c742f1ff331f9ae8209338a08959eaaaca4aa91662165ad30702223cd3a;Просмотрено выборочно;Просмотрена обзорно;Не завершена;Нет
2a05762013544e1a-p0004-PAGE_CONTEXT;Chel_i_mir_Trafimova_2kl_rus_2024.pdf;4;D:\ai-brain-data\visual-lexicon\belarus-primary-20261009\geometry-corrections\2a05762013544e1a\pages\0004.jpg;0579bd28ce731aaa1ecc19635ecc6c742dec399b9d5b029f3e632231f47fecb3;Просмотрено выборочно;Просмотрена обзорно;Не завершена;Нет
2a05762013544e1a-p0005-PAGE_CONTEXT;Chel_i_mir_Trafimova_2kl_rus_2024.pdf;5;D:\ai-brain-data\visual-lexicon\belarus-primary-20261009\geometry-corrections\2a05762013544e1a\pages\0005.jpg;0579bd28ce731aaa1ecc19635ecc6c742dec399b9d5b029f3e632231f47fecb3;Просмотрено выборочно;Просмотрена обзорно;Не завершена;Нет
2a05762013544e1a-p0006-PAGE_CONTEXT;Chel_i_mir_Trafimova_2kl_rus_2024.pdf;6;D:\ai-brain-data\visual-lexicon\belarus-primary-20261009\books\2a05762013544e1a\pages\0006.jpg;13f2e2e3899de150ea932477589bc7216d225966f1b07614a28e229b6b4232f3;Ожидается;Просмотрена обзорно;Не завершена;Нет
2a05762013544e1a-p0007-PAGE_CONTEXT;Chel_i_mir_Trafimova_2kl_rus_2024.pdf;7;D:\ai-brain-data\visual-lexicon\belarus-primary-20261009\books\2a05762013544e1a\pages\0007.jpg;26d47060156ac2dcf913038577be16d2661d073144daae1d96c75b75e7f1982f;Ожидается;Просмотрена обзорно;Не завершена;Нет
2a05762013544e1a-p0008-PAGE_CONTEXT;Chel_i_mir_Trafimova_2kl_rus_2024.pdf;8;D:\ai-brain-data\visual-lexicon\belarus-primary-20261009\books\2a05762013544e1a\pages\0008.jpg;cc057ceaa01c92538c43d7a19b2bb634c57d7adcbc15c66de33841d22ddd250a;Ожидается;Просмотрена обзорно;Не завершена;Нет
2a05762013544e1a-p0009-PAGE_CONTEXT;Chel_i_mir_Trafimova_2kl_rus_2024.pdf;9;D:\ai-brain-data\visual-lexicon\belarus-primary-20261009\books\2a05762013544e1a\pages\0009.jpg;8d2109183ebb9bf742f8796b34bcf785b3044ab29f40451b208fc75f12cd9452;Ожидается;Просмотрена обзорно;Не завершена;Нет
2a05762013544e1a-p0010-PAGE_CONTEXT;Chel_i_mir_Trafimova_2kl_rus_2024.pdf;10;D:\ai-brain-data\visual-lexicon\belarus-primary-20261009\books\2a05762013544e1a\pages\0010.jpg;5847bf4b08599a19924fd26a5b7597115a4af8878a5ecd5a8a2d03f3990234ef;Просмотрено выборочно;Просмотрена обзорно;Не завершена;Нет
2a05762013544e1a-p0011-PAGE_CONTEXT;Chel_i_mir_Trafimova_2kl_rus_2024.pdf;11;D:\ai-brain-data\visual-lexicon\belarus-primary-20261009\books\2a05762013544e1a\pages\0011.jpg;d399254783427eb2145f75fe78976b4ca5eb81c94f3e2b6f92cbfb1cdd9b1328;Ожидается;Просмотрена обзорно;Не завершена;Нет
2a05762013544e1a-p0012-PAGE_CONTEXT;Chel_i_mir_Trafimova_2kl_rus_2024.pdf;12;D:\ai-brain-data\visual-lexicon\belarus-primary-20261009\books\2a05762013544e1a\pages\0012.jpg;8774627b35e13237deb586e2f8f45714b3a7bc66cd59470e2fbc23c5e6d28cc5;Ожидается;Просмотрена обзорно;Не завершена;Нет
2a05762013544e1a-p0013-PAGE_CONTEXT;Chel_i_mir_Trafimova_2kl_rus_2024.pdf;13;D:\ai-brain-data\visual-lexicon\belarus-primary-20261009\books\2a05762013544e1a\pages\0013.jpg;64cfaea061896828bfd905e3b7f9b78256245fda724793f05b8c83ab57d51d29;Ожидается;Просмотрена обзорно;Не завершена;Нет
2a05762013544e1a-p0014-PAGE_CONTEXT;Chel_i_mir_Trafimova_2kl_rus_2024.pdf;14;D:\ai-brain-data\visual-lexicon\belarus-primary-20261009\books\2a05762013544e1a\pages\0014.jpg;6bb76170d484e4787838db798ee854c3556008fbe63d145f823ec63aa41fab8e;Ожидается;Просмотрена обзорно;Не завершена;Нет
2a05762013544e1a-p0015-PAGE_CONTEXT;Chel_i_mir_Trafimova_2kl_rus_2024.pdf;15;D:\ai-brain-data\visual-lexicon\belarus-primary-20261009\books\2a05762013544e1a\pages\0015.jpg;2d19cf02df9b937078ace5afaa3fddc20d98fe94148d891c63b8fc97345a7f74;Ожидается;Просмотрена обзорно;Не завершена;Нет
2a05762013544e1a-p0016-PAGE_CONTEXT;Chel_i_mir_Trafimova_2kl_rus_2024.pdf;16;D:\ai-brain-data\visual-lexicon\belarus-primary-20261009\books\2a05762013544e1a\pages\0016.jpg;40f45e1d2b315b068e6d903732697ef147bdc297176c0d5250734da22437ad90;Ожидается;Просмотрена обзорно;Не завершена;Нет
2a05762013544e1a-p0017-PAGE_CONTEXT;Chel_i_mir_Trafimova_2kl_rus_2024.pdf;17;D:\ai-brain-data\visual-lexicon\belarus-primary-20261009\books\2a05762013544e1a\pages\0017.jpg;2b1ce0fde0ad27f918570554910eb76426d9dca7f3d42279ad5a451930920740;Ожидается;Просмотрена обзорно;Не завершена;Нет
2a05762013544e1a-p0018-PAGE_CONTEXT;Chel_i_mir_Trafimova_2kl_rus_2024.pdf;18;D:\ai-brain-data\visual-lexicon\belarus-primary-20261009\books\2a05762013544e1a\pages\0018.jpg;101546c4bf95f2b87bed6b14292b475380abfefef35d67f0d32679ca4da5d89e;Просмотрено выборочно;Просмотрена обзорно;Не завершена;Нет
2a05762013544e1a-p0019-PAGE_CONTEXT;Chel_i_mir_Trafimova_2kl_rus_2024.pdf;19;D:\ai-brain-data\visual-lexicon\belarus-primary-20261009\books\2a05762013544e1a\pages\0019.jpg;dd8dfdcb5d7738992c98a40951c873044c5da2f2e891675ecc57394543f79a3d;Ожидается;Просмотрена обзорно;Не завершена;Нет
2a05762013544e1a-p0020-PAGE_CONTEXT;Chel_i_mir_Trafimova_2kl_rus_2024.pdf;20;D:\ai-brain-data\visual-lexicon\belarus-primary-20261009\books\2a05762013544e1a\pages\0020.jpg;6f6a9af8e3b7aa00ace42d890ad609b01150bdb2f91cc94c67001ef3d493d3ac;Ожидается;Просмотрена обзорно;Не завершена;Нет
2a05762013544e1a-p0021-PAGE_CONTEXT;Chel_i_mir_Trafimova_2kl_rus_2024.pdf;21;D:\ai-brain-data\visual-lexicon\belarus-primary-20261009\books\2a05762013544e1a\pages\0021.jpg;10cfc102ef8c5c3a059367558f094da84b33f9574e8f1442c6728c2654b14445;Ожидается;Просмотрена обзорно;Не завершена;Нет
2a05762013544e1a-p0022-PAGE_CONTEXT;Chel_i_mir_Trafimova_2kl_rus_2024.pdf;22;D:\ai-brain-data\visual-lexicon\belarus-primary-20261009\books\2a05762013544e1a\pages\0022.jpg;08769284832b0a66b2985839216861578a862532794439a4f1af156e6c1fe702;Ожидается;Просмотрена обзорно;Не завершена;Нет
2a05762013544e1a-p0023-PAGE_CONTEXT;Chel_i_mir_Trafimova_2kl_rus_2024.pdf;23;D:\ai-brain-data\visual-lexicon\belarus-primary-20261009\books\2a05762013544e1a\pages\0023.jpg;1fd1275461b8481e6e0445c78b6da976cfdf8f0c71517583daa26a18d2846baa;Ожидается;Просмотрена обзорно;Не завершена;Нет
2a05762013544e1a-p0024-PAGE_CONTEXT;Chel_i_mir_Trafimova_2kl_rus_2024.pdf;24;D:\ai-brain-data\visual-lexicon\belarus-primary-20261009\books\2a05762013544e1a\pages\0024.jpg;1bd5c0f541ff1b4ded8354d3ff228a4ffa37e6d8ff12dbfa5b26d370ab4c10d1;Ожидается;Просмотрена обзорно;Не завершена;Нет
2a05762013544e1a-p0025-PAGE_CONTEXT;Chel_i_mir_Trafimova_2kl_rus_2024.pdf;25;D:\ai-brain-data\visual-lexicon\belarus-primary-20261009\books\2a05762013544e1a\pages\0025.jpg;d3f6da3d3ade8a7ab55e3895215413e8df154215ed9c37484b1862edc75a7356;Ожидается;Просмотрена обзорно;Не завершена;Нет
2a05762013544e1a-p0026-PAGE_CONTEXT;Chel_i_mir_Trafimova_2kl_rus_2024.pdf;26;D:\ai-brain-data\visual-lexicon\belarus-primary-20261009\books\2a05762013544e1a\pages\0026.jpg;3d15c847b56ba00caedfcd13c245f5dcdebf63794d42f9fb17bac4faf753ee5f;Ожидается;Просмотрена обзорно;Не завершена;Нет
2a05762013544e1a-p0027-PAGE_CONTEXT;Chel_i_mir_Trafimova_2kl_rus_2024.pdf;27;D:\ai-brain-data\visual-lexicon\belarus-primary-20261009\books\2a05762013544e1a\pages\0027.jpg;c2037f48e2db423844760f8b39336cd345abb269901032e73c531f70bd6fe6d9;Ожидается;Просмотрена обзорно;Не завершена;Нет
2a05762013544e1a-p0028-PAGE_CONTEXT;Chel_i_mir_Trafimova_2kl_rus_2024.pdf;28;D:\ai-brain-data\visual-lexicon\belarus-primary-20261009\books\2a05762013544e1a\pages\0028.jpg;dbd42bbe190dcab06c79f4c271e67540ba36bcb814fab7b8020264605c73dd33;Ожидается;Просмотрена обзорно;Не завершена;Нет
2a05762013544e1a-p0029-PAGE_CONTEXT;Chel_i_mir_Trafimova_2kl_rus_2024.pdf;29;D:\ai-brain-data\visual-lexicon\belarus-primary-20261009\books\2a05762013544e1a\pages\0029.jpg;80776a2b61004e525d8df15577a4ef4e72885f3797c4e54996741b728e9a9339;Ожидается;Просмотрена обзорно;Не завершена;Нет
2a05762013544e1a-p0030-PAGE_CONTEXT;Chel_i_mir_Trafimova_2kl_rus_2024.pdf;30;D:\ai-brain-data\visual-lexicon\belarus-primary-20261009\books\2a05762013544e1a\pages\0030.jpg;93bbf867192fc9245b8bff7379b4d155809da719424b0ee66b5ee6358f1e64db;Ожидается;Просмотрена обзорно;Не завершена;Нет
2a05762013544e1a-p0031-PAGE_CONTEXT;Chel_i_mir_Trafimova_2kl_rus_2024.pdf;31;D:\ai-brain-data\visual-lexicon\belarus-primary-20261009\books\2a05762013544e1a\pages\0031.jpg;db9e125c4a43e30f50c7afccaae5fb52676e4c8189701e3cd90869a10d071a67;Ожидается;Просмотрена обзорно;Не завершена;Нет
2a05762013544e1a-p0032-PAGE_CONTEXT;Chel_i_mir_Trafimova_2kl_rus_2024.pdf;32;D:\ai-brain-data\visual-lexicon\belarus-primary-20261009\books\2a05762013544e1a\pages\0032.jpg;e90eb3bb9d58992543593cecbef068772214dd6d20b89c6fcdae7a55f9e4fd2f;Ожидается;Просмотрена обзорно;Не завершена;Нет
2a05762013544e1a-p0033-PAGE_CONTEXT;Chel_i_mir_Trafimova_2kl_rus_2024.pdf;33;D:\ai-brain-data\visual-lexicon\belarus-primary-20261009\books\2a05762013544e1a\pages\0033.jpg;42fe7b82dcdcc981d4a76a8eb47023a17ba09e635ce9756052609a0e752c7da8;Ожидается;Просмотрена обзорно;Не завершена;Нет
2a05762013544e1a-p0034-PAGE_CONTEXT;Chel_i_mir_Trafimova_2kl_rus_2024.pdf;34;D:\ai-brain-data\visual-lexicon\belarus-primary-20261009\books\2a05762013544e1a\pages\0034.jpg;f96385e9cd19df5f3e518a2a7b69ce77e4cb9ab0ca65870b19945fc20bdb269d;Ожидается;Просмотрена обзорно;Не завершена;Нет
2a05762013544e1a-p0035-PAGE_CONTEXT;Chel_i_mir_Trafimova_2kl_rus_2024.pdf;35;D:\ai-brain-data\visual-lexicon\belarus-primary-20261009\books\2a05762013544e1a\pages\0035.jpg;5b71c3384ac304009ce40297a1ca3e8520a33868cc52e0f6abec304b08ef2b2f;Ожидается;Просмотрена обзорно;Не завершена;Нет
2a05762013544e1a-p0036-PAGE_CONTEXT;Chel_i_mir_Trafimova_2kl_rus_2024.pdf;36;D:\ai-brain-data\visual-lexicon\belarus-primary-20261009\books\2a05762013544e1a\pages\0036.jpg;9523760ec56ab428038cfa27cf48bd9b8c7b4e3219b0d043530f83229be1cc45;Ожидается;Просмотрена обзорно;Не завершена;Нет
2a05762013544e1a-p0037-PAGE_CONTEXT;Chel_i_mir_Trafimova_2kl_rus_2024.pdf;37;D:\ai-brain-data\visual-lexicon\belarus-primary-20261009\books\2a05762013544e1a\pages\0037.jpg;397991f162a469d0a6240bb7282f01b6cbc5262a232c7980d616727ef696761e;Просмотрено выборочно;Просмотрена обзорно;Не завершена;Нет
2a05762013544e1a-p0038-PAGE_CONTEXT;Chel_i_mir_Trafimova_2kl_rus_2024.pdf;38;D:\ai-brain-data\visual-lexicon\belarus-primary-20261009\books\2a05762013544e1a\pages\0038.jpg;4ea801e744fee571aa1587d9857a66a21e6a98fefefc9cd7891702fa20412a54;Ожидается;Просмотрена обзорно;Не завершена;Нет
2a05762013544e1a-p0039-PAGE_CONTEXT;Chel_i_mir_Trafimova_2kl_rus_2024.pdf;39;D:\ai-brain-data\visual-lexicon\belarus-primary-20261009\books\2a05762013544e1a\pages\0039.jpg;ba50133fdcfc281e0360c34c817ffb473066a350429c22f0c7959f97ff00c787;Ожидается;Просмотрена обзорно;Не завершена;Нет
2a05762013544e1a-p0040-PAGE_CONTEXT;Chel_i_mir_Trafimova_2kl_rus_2024.pdf;40;D:\ai-brain-data\visual-lexicon\belarus-primary-20261009\books\2a05762013544e1a\pages\0040.jpg;1223d676816729d7bf91c17ee71b9a6e41b89ba5a09207975143b2a9ecb37b70;Ожидается;Просмотрена обзорно;Не завершена;Нет
2a05762013544e1a-p0041-PAGE_CONTEXT;Chel_i_mir_Trafimova_2kl_rus_2024.pdf;41;D:\ai-brain-data\visual-lexicon\belarus-primary-20261009\books\2a05762013544e1a\pages\0041.jpg;ab96f7b8c1f5e1f729472e741060feaa86dc09e1238cd4e57031b5ae234db9dd;Ожидается;Просмотрена обзорно;Не завершена;Нет
2a05762013544e1a-p0042-PAGE_CONTEXT;Chel_i_mir_Trafimova_2kl_rus_2024.pdf;42;D:\ai-brain-data\visual-lexicon\belarus-primary-20261009\books\2a05762013544e1a\pages\0042.jpg;a0e26413ea7b1df9338ce3c7914066f34ea3d8dca387b365b50a50a4080cbc53;Ожидается;Просмотрена обзорно;Не завершена;Нет
2a05762013544e1a-p0043-PAGE_CONTEXT;Chel_i_mir_Trafimova_2kl_rus_2024.pdf;43;D:\ai-brain-data\visual-lexicon\belarus-primary-20261009\books\2a05762013544e1a\pages\0043.jpg;bbdfa3991188604dea19c05d8eb2d86b61b1655edc35d2adb8c4f4aa54ff11f5;Ожидается;Просмотрена обзорно;Не завершена;Нет
2a05762013544e1a-p0044-PAGE_CONTEXT;Chel_i_mir_Trafimova_2kl_rus_2024.pdf;44;D:\ai-brain-data\visual-lexicon\belarus-primary-20261009\books\2a05762013544e1a\pages\0044.jpg;d632a8a6c97fa979c89fcbc653a51f0246cbd741b25cea119b09134a32cd0e0c;Ожидается;Просмотрена обзорно;Не завершена;Нет
2a05762013544e1a-p0045-PAGE_CONTEXT;Chel_i_mir_Trafimova_2kl_rus_2024.pdf;45;D:\ai-brain-data\visual-lexicon\belarus-primary-20261009\books\2a05762013544e1a\pages\0045.jpg;75664a1956de4c0ab4479fff74a4b84a7dc46f970221d974e721ed6e1da3f2c8;Ожидается;Просмотрена обзорно;Не завершена;Нет
2a05762013544e1a-p0046-PAGE_CONTEXT;Chel_i_mir_Trafimova_2kl_rus_2024.pdf;46;D:\ai-brain-data\visual-lexicon\belarus-primary-20261009\books\2a05762013544e1a\pages\0046.jpg;1b175d08d839e9560c401dfc240a1bc4fa54049399f6a6d87689b51212ba46f2;Ожидается;Просмотрена обзорно;Не завершена;Нет
2a05762013544e1a-p0047-PAGE_CONTEXT;Chel_i_mir_Trafimova_2kl_rus_2024.pdf;47;D:\ai-brain-data\visual-lexicon\belarus-primary-20261009\books\2a05762013544e1a\pages\0047.jpg;9b558e4157560c14e4254eb581836d64a07d6edd814d3393fcdd5b7c9301895d;Ожидается;Просмотрена обзорно;Не завершена;Нет
2a05762013544e1a-p0048-PAGE_CONTEXT;Chel_i_mir_Trafimova_2kl_rus_2024.pdf;48;D:\ai-brain-data\visual-lexicon\belarus-primary-20261009\books\2a05762013544e1a\pages\0048.jpg;6f3bac6130c9584276c3eca24dccb7c2ad457479852fde0bb081f9835c6363c3;Ожидается;Просмотрена обзорно;Не завершена;Нет
2a05762013544e1a-p0049-PAGE_CONTEXT;Chel_i_mir_Trafimova_2kl_rus_2024.pdf;49;D:\ai-brain-data\visual-lexicon\belarus-primary-20261009\books\2a05762013544e1a\pages\0049.jpg;d022083325e3cc4ff5b6ae9ed36890c6fd81aaa72d85fc7a019114d601dd8719;Ожидается;Просмотрена обзорно;Не завершена;Нет
2a05762013544e1a-p0050-PAGE_CONTEXT;Chel_i_mir_Trafimova_2kl_rus_2024.pdf;50;D:\ai-brain-data\visual-lexicon\belarus-primary-20261009\books\2a05762013544e1a\pages\0050.jpg;fee8e0708f474b924dd102bb051d012139fd8c2df0340db9093621b9156469fb;Ожидается;Просмотрена обзорно;Не завершена;Нет
2a05762013544e1a-p0051-PAGE_CONTEXT;Chel_i_mir_Trafimova_2kl_rus_2024.pdf;51;D:\ai-brain-data\visual-lexicon\belarus-primary-20261009\books\2a05762013544e1a\pages\0051.jpg;e1608676a9b1e3801ad4b99ec5d9e90f8abfd2f288b2cd03db3ecc9d889f2271;Ожидается;Просмотрена обзорно;Не завершена;Нет
2a05762013544e1a-p0052-PAGE_CONTEXT;Chel_i_mir_Trafimova_2kl_rus_2024.pdf;52;D:\ai-brain-data\visual-lexicon\belarus-primary-20261009\books\2a05762013544e1a\pages\0052.jpg;c637b1e2d02100cb099494907c109c9f6f53b3af2d5bb0667d0ef66884233fde;Ожидается;Просмотрена обзорно;Не завершена;Нет
2a05762013544e1a-p0053-PAGE_CONTEXT;Chel_i_mir_Trafimova_2kl_rus_2024.pdf;53;D:\ai-brain-data\visual-lexicon\belarus-primary-20261009\books\2a05762013544e1a\pages\0053.jpg;89e37f619b2a9998b1550428d526e7944a68f31b177febbbb24511b32d560974;Ожидается;Просмотрена обзорно;Не завершена;Нет
2a05762013544e1a-p0054-PAGE_CONTEXT;Chel_i_mir_Trafimova_2kl_rus_2024.pdf;54;D:\ai-brain-data\visual-lexicon\belarus-primary-20261009\books\2a05762013544e1a\pages\0054.jpg;7cd8968ad6d76474124a8ede601788d7b74739ebf3a32c33f147aaa2a415b26b;Ожидается;Просмотрена обзорно;Не завершена;Нет
2a05762013544e1a-p0055-PAGE_CONTEXT;Chel_i_mir_Trafimova_2kl_rus_2024.pdf;55;D:\ai-brain-data\visual-lexicon\belarus-primary-20261009\books\2a05762013544e1a\pages\0055.jpg;a8b6a140ccae0ae90aa5fa75dd20036b67aeec487bf3130718cefdbe32754b84;Ожидается;Просмотрена обзорно;Не завершена;Нет
2a05762013544e1a-p0056-PAGE_CONTEXT;Chel_i_mir_Trafimova_2kl_rus_2024.pdf;56;D:\ai-brain-data\visual-lexicon\belarus-primary-20261009\books\2a05762013544e1a\pages\0056.jpg;e13b97f7c68cf938cf560777da4e77df7df88536eb552d62f805f852980a99fa;Ожидается;Просмотрена обзорно;Не завершена;Нет
2a05762013544e1a-p0057-PAGE_CONTEXT;Chel_i_mir_Trafimova_2kl_rus_2024.pdf;57;D:\ai-brain-data\visual-lexicon\belarus-primary-20261009\books\2a05762013544e1a\pages\0057.jpg;5852a23997462becbbd23b449333f4125b6c33e14306452e19f4f56217ac4981;Ожидается;Просмотрена обзорно;Не завершена;Нет
2a05762013544e1a-p0058-PAGE_CONTEXT;Chel_i_mir_Trafimova_2kl_rus_2024.pdf;58;D:\ai-brain-data\visual-lexicon\belarus-primary-20261009\books\2a05762013544e1a\pages\0058.jpg;f638e8332631b62a0e62ab5211f9a74ee020d6186774131c18eaebe977ebe811;Ожидается;Просмотрена обзорно;Не завершена;Нет
2a05762013544e1a-p0059-PAGE_CONTEXT;Chel_i_mir_Trafimova_2kl_rus_2024.pdf;59;D:\ai-brain-data\visual-lexicon\belarus-primary-20261009\books\2a05762013544e1a\pages\0059.jpg;635be45c3810d1f63df80abfa8ead3b002bcf08cfce9b4ddf063e8ba42b06850;Ожидается;Просмотрена обзорно;Не завершена;Нет
2a05762013544e1a-p0060-PAGE_CONTEXT;Chel_i_mir_Trafimova_2kl_rus_2024.pdf;60;D:\ai-brain-data\visual-lexicon\belarus-primary-20261009\books\2a05762013544e1a\pages\0060.jpg;cb51ad5d461318b98c861f3bcd86144d43319da16dee3067bccde7c79d7f44d6;Ожидается;Просмотрена обзорно;Не завершена;Нет
2a05762013544e1a-p0061-PAGE_CONTEXT;Chel_i_mir_Trafimova_2kl_rus_2024.pdf;61;D:\ai-brain-data\visual-lexicon\belarus-primary-20261009\books\2a05762013544e1a\pages\0061.jpg;e9dca45c63808fe9e0d0779ea75947b1ea3b6afb1fafaf16929afc2fae9bed25;Ожидается;Просмотрена обзорно;Не завершена;Нет
2a05762013544e1a-p0062-PAGE_CONTEXT;Chel_i_mir_Trafimova_2kl_rus_2024.pdf;62;D:\ai-brain-data\visual-lexicon\belarus-primary-20261009\books\2a05762013544e1a\pages\0062.jpg;f357a87681cc843c8803cf12708b6de675eaa0f8dc611f6f35b72689f445e305;Ожидается;Просмотрена обзорно;Не завершена;Нет
2a05762013544e1a-p0063-PAGE_CONTEXT;Chel_i_mir_Trafimova_2kl_rus_2024.pdf;63;D:\ai-brain-data\visual-lexicon\belarus-primary-20261009\books\2a05762013544e1a\pages\0063.jpg;ad76d3bd488b57e42d1d0e21eec77396b3f6e61313daa2c1e83d1380dd0ba954;Ожидается;Просмотрена обзорно;Не завершена;Нет
2a05762013544e1a-p0064-PAGE_CONTEXT;Chel_i_mir_Trafimova_2kl_rus_2024.pdf;64;D:\ai-brain-data\visual-lexicon\belarus-primary-20261009\books\2a05762013544e1a\pages\0064.jpg;04b1b1abf80eb0e31c714c3e373c742404714b85e11d00cc146bca724b984264;Ожидается;Просмотрена обзорно;Не завершена;Нет
2a05762013544e1a-p0065-PAGE_CONTEXT;Chel_i_mir_Trafimova_2kl_rus_2024.pdf;65;D:\ai-brain-data\visual-lexicon\belarus-primary-20261009\books\2a05762013544e1a\pages\0065.jpg;fb8c183c1bf6fe0ae0dae965cf4b76d294f344352575ccc14735004d71c8998b;Ожидается;Просмотрена обзорно;Не завершена;Нет
2a05762013544e1a-p0066-PAGE_CONTEXT;Chel_i_mir_Trafimova_2kl_rus_2024.pdf;66;D:\ai-brain-data\visual-lexicon\belarus-primary-20261009\books\2a05762013544e1a\pages\0066.jpg;be6c045823a05cd2f348f3684054dd176a16f8ec6a3d67e4437584cd0ce09a28;Ожидается;Просмотрена обзорно;Не завершена;Нет
2a05762013544e1a-p0067-PAGE_CONTEXT;Chel_i_mir_Trafimova_2kl_rus_2024.pdf;67;D:\ai-brain-data\visual-lexicon\belarus-primary-20261009\books\2a05762013544e1a\pages\0067.jpg;28628461e07ac7706afdf0f0fde4c192cb90474bbcef17ec316eaa159da67777;Ожидается;Просмотрена обзорно;Не завершена;Нет
2a05762013544e1a-p0068-PAGE_CONTEXT;Chel_i_mir_Trafimova_2kl_rus_2024.pdf;68;D:\ai-brain-data\visual-lexicon\belarus-primary-20261009\books\2a05762013544e1a\pages\0068.jpg;b04d9a4bcb74eaebbd9eeb01ad6bc9d0034d40d6c6c83b2130949d1d4d6ba450;Ожидается;Просмотрена обзорно;Не завершена;Нет
2a05762013544e1a-p0069-PAGE_CONTEXT;Chel_i_mir_Trafimova_2kl_rus_2024.pdf;69;D:\ai-brain-data\visual-lexicon\belarus-primary-20261009\books\2a05762013544e1a\pages\0069.jpg;94f771e853c13044aa1d5533f781378673fd3e0ee1316ca2ccb44554d5a5e1a5;Ожидается;Просмотрена обзорно;Не завершена;Нет
2a05762013544e1a-p0070-PAGE_CONTEXT;Chel_i_mir_Trafimova_2kl_rus_2024.pdf;70;D:\ai-brain-data\visual-lexicon\belarus-primary-20261009\books\2a05762013544e1a\pages\0070.jpg;4d0b06d5c1cc77e9cd9c1da79ee9c990bdb0d64db9c654c79996ee360e3b45cf;Ожидается;Просмотрена обзорно;Не завершена;Нет
2a05762013544e1a-p0071-PAGE_CONTEXT;Chel_i_mir_Trafimova_2kl_rus_2024.pdf;71;D:\ai-brain-data\visual-lexicon\belarus-primary-20261009\books\2a05762013544e1a\pages\0071.jpg;18e4fcf8acf27ee359978d0e52709e0dc727d2593333ddabeeea10b6be16c0d3;Ожидается;Просмотрена обзорно;Не завершена;Нет
2a05762013544e1a-p0072-PAGE_CONTEXT;Chel_i_mir_Trafimova_2kl_rus_2024.pdf;72;D:\ai-brain-data\visual-lexicon\belarus-primary-20261009\books\2a05762013544e1a\pages\0072.jpg;738e153d54dee70e5e86f089eb3b7ca5dfb4cecbf259cdedd41492c29bd48e77;Ожидается;Просмотрена обзорно;Не завершена;Нет
2a05762013544e1a-p0073-PAGE_CONTEXT;Chel_i_mir_Trafimova_2kl_rus_2024.pdf;73;D:\ai-brain-data\visual-lexicon\belarus-primary-20261009\books\2a05762013544e1a\pages\0073.jpg;c39659b9f613496476351441e10049036fe0f47f5e3106123adc6dd4bd6d1c52;Ожидается;Просмотрена обзорно;Не завершена;Нет
2a05762013544e1a-p0074-PAGE_CONTEXT;Chel_i_mir_Trafimova_2kl_rus_2024.pdf;74;D:\ai-brain-data\visual-lexicon\belarus-primary-20261009\books\2a05762013544e1a\pages\0074.jpg;a1b00fcc9855e1d45de72f2d941e11929cec7515f3d13f7efc0c1fed78d0fd8c;Ожидается;Просмотрена обзорно;Не завершена;Нет
2a05762013544e1a-p0075-PAGE_CONTEXT;Chel_i_mir_Trafimova_2kl_rus_2024.pdf;75;D:\ai-brain-data\visual-lexicon\belarus-primary-20261009\books\2a05762013544e1a\pages\0075.jpg;0ae29424f28195d4559c8585e160540404b0a0270e63145d3f652509165497ac;Просмотрено выборочно;Просмотрена обзорно;Не завершена;Нет
2a05762013544e1a-p0076-PAGE_CONTEXT;Chel_i_mir_Trafimova_2kl_rus_2024.pdf;76;D:\ai-brain-data\visual-lexicon\belarus-primary-20261009\books\2a05762013544e1a\pages\0076.jpg;29500644588efd0f64c7ec7326de1985962e2f41b25cac4e478c985445df5590;Ожидается;Просмотрена обзорно;Не завершена;Нет
2a05762013544e1a-p0077-PAGE_CONTEXT;Chel_i_mir_Trafimova_2kl_rus_2024.pdf;77;D:\ai-brain-data\visual-lexicon\belarus-primary-20261009\books\2a05762013544e1a\pages\0077.jpg;274ac4f4a9d361d3cd68ea5e68bfea1af79275263c796089bd8b2a2c8b565f06;Ожидается;Просмотрена обзорно;Не завершена;Нет
2a05762013544e1a-p0078-PAGE_CONTEXT;Chel_i_mir_Trafimova_2kl_rus_2024.pdf;78;D:\ai-brain-data\visual-lexicon\belarus-primary-20261009\books\2a05762013544e1a\pages\0078.jpg;1c6ca582c0ac9bdf6bc1693e636ffb06fc2c499841a3b02feecdddeb3efbc8b3;Ожидается;Просмотрена обзорно;Не завершена;Нет
2a05762013544e1a-p0079-PAGE_CONTEXT;Chel_i_mir_Trafimova_2kl_rus_2024.pdf;79;D:\ai-brain-data\visual-lexicon\belarus-primary-20261009\books\2a05762013544e1a\pages\0079.jpg;4e84e0e390021d9cdbf828692d3280e4fef0dc3f0175411fecdc546cb5f365b6;Ожидается;Просмотрена обзорно;Не завершена;Нет
2a05762013544e1a-p0080-PAGE_CONTEXT;Chel_i_mir_Trafimova_2kl_rus_2024.pdf;80;D:\ai-brain-data\visual-lexicon\belarus-primary-20261009\books\2a05762013544e1a\pages\0080.jpg;1ff59dc96ddd522e6c2016d3917e0a6eca54323e6cd099ff3b6ecd990070f840;Ожидается;Просмотрена обзорно;Не завершена;Нет
2a05762013544e1a-p0081-PAGE_CONTEXT;Chel_i_mir_Trafimova_2kl_rus_2024.pdf;81;D:\ai-brain-data\visual-lexicon\belarus-primary-20261009\books\2a05762013544e1a\pages\0081.jpg;e94a85ab1f7cfd555ac2d9c03e40a294b6fc41e291f12fc47df00a3d30090673;Ожидается;Просмотрена обзорно;Не завершена;Нет
2a05762013544e1a-p0082-PAGE_CONTEXT;Chel_i_mir_Trafimova_2kl_rus_2024.pdf;82;D:\ai-brain-data\visual-lexicon\belarus-primary-20261009\books\2a05762013544e1a\pages\0082.jpg;4eba099b56f4fe42da9b099e69646e349c458a74bd831fd0f52b7e3c229ebb4f;Ожидается;Просмотрена обзорно;Не завершена;Нет
2a05762013544e1a-p0083-PAGE_CONTEXT;Chel_i_mir_Trafimova_2kl_rus_2024.pdf;83;D:\ai-brain-data\visual-lexicon\belarus-primary-20261009\books\2a05762013544e1a\pages\0083.jpg;cde92d86762de0adde56d80c40e9484b4a0ad04b7a871b9f15e9b9c92e871b77;Ожидается;Просмотрена обзорно;Не завершена;Нет
2a05762013544e1a-p0084-PAGE_CONTEXT;Chel_i_mir_Trafimova_2kl_rus_2024.pdf;84;D:\ai-brain-data\visual-lexicon\belarus-primary-20261009\books\2a05762013544e1a\pages\0084.jpg;964e9c0e3ef05843566e36f9b0115e3d5d9240db6d318b71e2e5bd1489890bad;Ожидается;Просмотрена обзорно;Не завершена;Нет
2a05762013544e1a-p0085-PAGE_CONTEXT;Chel_i_mir_Trafimova_2kl_rus_2024.pdf;85;D:\ai-brain-data\visual-lexicon\belarus-primary-20261009\books\2a05762013544e1a\pages\0085.jpg;965f326391d8e4ca8181058929f6076cede6d634ac48e994125856a1b16cf078;Ожидается;Просмотрена обзорно;Не завершена;Нет
2a05762013544e1a-p0086-PAGE_CONTEXT;Chel_i_mir_Trafimova_2kl_rus_2024.pdf;86;D:\ai-brain-data\visual-lexicon\belarus-primary-20261009\books\2a05762013544e1a\pages\0086.jpg;bf3befb1bec1d65fb49d33845505c5061e1f145f0f6379e8573c3dad3286da59;Ожидается;Просмотрена обзорно;Не завершена;Нет
2a05762013544e1a-p0087-PAGE_CONTEXT;Chel_i_mir_Trafimova_2kl_rus_2024.pdf;87;D:\ai-brain-data\visual-lexicon\belarus-primary-20261009\books\2a05762013544e1a\pages\0087.jpg;00ab20ef1dc216fe19cde24de23eadf3d971b0273e652ebc4f939cb1333bb0c4;Ожидается;Просмотрена обзорно;Не завершена;Нет
2a05762013544e1a-p0088-PAGE_CONTEXT;Chel_i_mir_Trafimova_2kl_rus_2024.pdf;88;D:\ai-brain-data\visual-lexicon\belarus-primary-20261009\books\2a05762013544e1a\pages\0088.jpg;af93bd4fd471d3c005caede4465dcd9fc3fb2199d94a0c80a018263131b15447;Ожидается;Просмотрена обзорно;Не завершена;Нет
2a05762013544e1a-p0089-PAGE_CONTEXT;Chel_i_mir_Trafimova_2kl_rus_2024.pdf;89;D:\ai-brain-data\visual-lexicon\belarus-primary-20261009\books\2a05762013544e1a\pages\0089.jpg;23caf4aafff15b680fedd82d8e9654b085460135f8945ca8b4c3a1ead5fcded3;Ожидается;Просмотрена обзорно;Не завершена;Нет
2a05762013544e1a-p0090-PAGE_CONTEXT;Chel_i_mir_Trafimova_2kl_rus_2024.pdf;90;D:\ai-brain-data\visual-lexicon\belarus-primary-20261009\books\2a05762013544e1a\pages\0090.jpg;821ae91a5ef6ee76fe9c7f976a27771b7a0a60a4526d9fe0492ad4dcba709e36;Ожидается;Просмотрена обзорно;Не завершена;Нет
2a05762013544e1a-p0091-PAGE_CONTEXT;Chel_i_mir_Trafimova_2kl_rus_2024.pdf;91;D:\ai-brain-data\visual-lexicon\belarus-primary-20261009\books\2a05762013544e1a\pages\0091.jpg;c4fa09e6f75084fc7b2f47031b2391f4156c928c2e16e63465ed5c28f308ad7e;Ожидается;Просмотрена обзорно;Не завершена;Нет
2a05762013544e1a-p0092-PAGE_CONTEXT;Chel_i_mir_Trafimova_2kl_rus_2024.pdf;92;D:\ai-brain-data\visual-lexicon\belarus-primary-20261009\books\2a05762013544e1a\pages\0092.jpg;e79a7d6214ab701efd696118d4a116a5ec35f6db7656622915969b9caca4cd88;Ожидается;Просмотрена обзорно;Не завершена;Нет
2a05762013544e1a-p0093-PAGE_CONTEXT;Chel_i_mir_Trafimova_2kl_rus_2024.pdf;93;D:\ai-brain-data\visual-lexicon\belarus-primary-20261009\books\2a05762013544e1a\pages\0093.jpg;11963f8d7f977503623233d70d3c123327000514a4c2a6edd572b6b6f6b95f73;Ожидается;Просмотрена обзорно;Не завершена;Нет
2a05762013544e1a-p0094-PAGE_CONTEXT;Chel_i_mir_Trafimova_2kl_rus_2024.pdf;94;D:\ai-brain-data\visual-lexicon\belarus-primary-20261009\books\2a05762013544e1a\pages\0094.jpg;c8fd5ab42c0de4a3cf0e54b9506fcaa7f959b4d50752f6a495b4ff1d8f66cc69;Ожидается;Просмотрена обзорно;Не завершена;Нет
2a05762013544e1a-p0095-PAGE_CONTEXT;Chel_i_mir_Trafimova_2kl_rus_2024.pdf;95;D:\ai-brain-data\visual-lexicon\belarus-primary-20261009\books\2a05762013544e1a\pages\0095.jpg;bc7dcf114c5ea03ee7866ab5680ad377a251cfe3d72197a61be060fd714cc577;Ожидается;Просмотрена обзорно;Не завершена;Нет
2a05762013544e1a-p0096-PAGE_CONTEXT;Chel_i_mir_Trafimova_2kl_rus_2024.pdf;96;D:\ai-brain-data\visual-lexicon\belarus-primary-20261009\books\2a05762013544e1a\pages\0096.jpg;1d6de59ffc5356be8cbb1772e72da6ba639da63700fca16d5972da5b95bdd52f;Ожидается;Просмотрена обзорно;Не завершена;Нет
2a05762013544e1a-p0097-PAGE_CONTEXT;Chel_i_mir_Trafimova_2kl_rus_2024.pdf;97;D:\ai-brain-data\visual-lexicon\belarus-primary-20261009\books\2a05762013544e1a\pages\0097.jpg;50eac37bdbdc6c657c0ce430fee236bb08b148612a7d6cfbf93e00f82cbe9ad8;Ожидается;Просмотрена обзорно;Не завершена;Нет
2a05762013544e1a-p0098-PAGE_CONTEXT;Chel_i_mir_Trafimova_2kl_rus_2024.pdf;98;D:\ai-brain-data\visual-lexicon\belarus-primary-20261009\books\2a05762013544e1a\pages\0098.jpg;918c582bf20b8d634e5e1f0f1ee0b4de3ecd44ee8aeda4d5e4b2bd8aeb3f3c31;Ожидается;Просмотрена обзорно;Не завершена;Нет
2a05762013544e1a-p0099-PAGE_CONTEXT;Chel_i_mir_Trafimova_2kl_rus_2024.pdf;99;D:\ai-brain-data\visual-lexicon\belarus-primary-20261009\books\2a05762013544e1a\pages\0099.jpg;94d7f8eb49a1018bc244730b72d49912f2b1ad19bcf37190590dbe4234456dc5;Ожидается;Просмотрена обзорно;Не завершена;Нет
2a05762013544e1a-p0100-PAGE_CONTEXT;Chel_i_mir_Trafimova_2kl_rus_2024.pdf;100;D:\ai-brain-data\visual-lexicon\belarus-primary-20261009\books\2a05762013544e1a\pages\0100.jpg;f8345734593a5237396e7f30c577daa1898c001536b26620103552dc16bb0d74;Ожидается;Просмотрена обзорно;Не завершена;Нет
2a05762013544e1a-p0101-PAGE_CONTEXT;Chel_i_mir_Trafimova_2kl_rus_2024.pdf;101;D:\ai-brain-data\visual-lexicon\belarus-primary-20261009\books\2a05762013544e1a\pages\0101.jpg;747b64c3bd2a2f0c1d734d685f09c056656ea99abf4453bec69391088051c727;Ожидается;Просмотрена обзорно;Не завершена;Нет
2a05762013544e1a-p0102-PAGE_CONTEXT;Chel_i_mir_Trafimova_2kl_rus_2024.pdf;102;D:\ai-brain-data\visual-lexicon\belarus-primary-20261009\books\2a05762013544e1a\pages\0102.jpg;904ca01a12d8a992d3d6add377d7ed857adebf993aad4d41b7e9d2902933b025;Ожидается;Просмотрена обзорно;Не завершена;Нет
2a05762013544e1a-p0103-PAGE_CONTEXT;Chel_i_mir_Trafimova_2kl_rus_2024.pdf;103;D:\ai-brain-data\visual-lexicon\belarus-primary-20261009\books\2a05762013544e1a\pages\0103.jpg;fde0481c23ee9925d5cd3f5915257c0c0e447392d6cf3efe2bcfcf4caa48c1e4;Ожидается;Просмотрена обзорно;Не завершена;Нет
2a05762013544e1a-p0104-PAGE_CONTEXT;Chel_i_mir_Trafimova_2kl_rus_2024.pdf;104;D:\ai-brain-data\visual-lexicon\belarus-primary-20261009\books\2a05762013544e1a\pages\0104.jpg;b8a0944a3d76147208ab6e9effc243b15c344e9776b4ff1e5cff65e7558e36ac;Ожидается;Просмотрена обзорно;Не завершена;Нет
2a05762013544e1a-p0105-PAGE_CONTEXT;Chel_i_mir_Trafimova_2kl_rus_2024.pdf;105;D:\ai-brain-data\visual-lexicon\belarus-primary-20261009\books\2a05762013544e1a\pages\0105.jpg;728c0b12ccae28658da5fbfce846413599329f7adefbf14c8a067fc1b54a31b2;Ожидается;Просмотрена обзорно;Не завершена;Нет
2a05762013544e1a-p0106-PAGE_CONTEXT;Chel_i_mir_Trafimova_2kl_rus_2024.pdf;106;D:\ai-brain-data\visual-lexicon\belarus-primary-20261009\books\2a05762013544e1a\pages\0106.jpg;d025fc37265a2e11847c3f66cbe801d95e62a78aa751321430c8a2d0e60e1792;Ожидается;Просмотрена обзорно;Не завершена;Нет
2a05762013544e1a-p0107-PAGE_CONTEXT;Chel_i_mir_Trafimova_2kl_rus_2024.pdf;107;D:\ai-brain-data\visual-lexicon\belarus-primary-20261009\books\2a05762013544e1a\pages\0107.jpg;64c43f909e8266a32f30ef66b01d93e69fcdebad5b4449593e9be71f052c2591;Ожидается;Просмотрена обзорно;Не завершена;Нет
2a05762013544e1a-p0108-PAGE_CONTEXT;Chel_i_mir_Trafimova_2kl_rus_2024.pdf;108;D:\ai-brain-data\visual-lexicon\belarus-primary-20261009\books\2a05762013544e1a\pages\0108.jpg;c46525bb3c98da882820968f2034498be55b60a02792bdb9b5aece1eac8a29e8;Ожидается;Просмотрена обзорно;Не завершена;Нет
2a05762013544e1a-p0109-PAGE_CONTEXT;Chel_i_mir_Trafimova_2kl_rus_2024.pdf;109;D:\ai-brain-data\visual-lexicon\belarus-primary-20261009\books\2a05762013544e1a\pages\0109.jpg;b14f635f4e236ba8e7ad50b66ff8b047bfc1455c728756bff59269f527ec8812;Ожидается;Просмотрена обзорно;Не завершена;Нет
2a05762013544e1a-p0110-PAGE_CONTEXT;Chel_i_mir_Trafimova_2kl_rus_2024.pdf;110;D:\ai-brain-data\visual-lexicon\belarus-primary-20261009\books\2a05762013544e1a\pages\0110.jpg;a4f4f737802a3a4d80a8c9efaff32f8a3ebf71388df28b8534c79c97c08101cd;Ожидается;Просмотрена обзорно;Не завершена;Нет
2a05762013544e1a-p0111-PAGE_CONTEXT;Chel_i_mir_Trafimova_2kl_rus_2024.pdf;111;D:\ai-brain-data\visual-lexicon\belarus-primary-20261009\books\2a05762013544e1a\pages\0111.jpg;594f742af95a3e930f287b062ff0989e5157849482378b0d79f9b5adea021ed7;Ожидается;Просмотрена обзорно;Не завершена;Нет
2a05762013544e1a-p0112-PAGE_CONTEXT;Chel_i_mir_Trafimova_2kl_rus_2024.pdf;112;D:\ai-brain-data\visual-lexicon\belarus-primary-20261009\books\2a05762013544e1a\pages\0112.jpg;61eaa010b30239b9fc799d7b2c9bfc14c84bbadf9df07170cbe44853cb68bfe9;Просмотрено выборочно;Просмотрена обзорно;Не завершена;Нет
2a05762013544e1a-p0113-PAGE_CONTEXT;Chel_i_mir_Trafimova_2kl_rus_2024.pdf;113;D:\ai-brain-data\visual-lexicon\belarus-primary-20261009\books\2a05762013544e1a\pages\0113.jpg;5cbda78b512cab7a8c39568a5f6adfd8e91a5d2901e8b1d5c2bcc42559b9ebf1;Ожидается;Просмотрена обзорно;Не завершена;Нет
2a05762013544e1a-p0114-PAGE_CONTEXT;Chel_i_mir_Trafimova_2kl_rus_2024.pdf;114;D:\ai-brain-data\visual-lexicon\belarus-primary-20261009\books\2a05762013544e1a\pages\0114.jpg;a8bad922efb9981370dfd41246eaf40a177e3053d7d0b5820f0239b7716eb39d;Ожидается;Просмотрена обзорно;Не завершена;Нет
2a05762013544e1a-p0115-PAGE_CONTEXT;Chel_i_mir_Trafimova_2kl_rus_2024.pdf;115;D:\ai-brain-data\visual-lexicon\belarus-primary-20261009\books\2a05762013544e1a\pages\0115.jpg;25b0f54e03dff0b32da35bf3d96ee32d45aef1e86b6acb1f333125e41208bab1;Ожидается;Просмотрена обзорно;Не завершена;Нет
2a05762013544e1a-p0116-PAGE_CONTEXT;Chel_i_mir_Trafimova_2kl_rus_2024.pdf;116;D:\ai-brain-data\visual-lexicon\belarus-primary-20261009\books\2a05762013544e1a\pages\0116.jpg;717456d320eb27d9a8dd1954c27c873af2b876f045dde0151c09a3d48813855d;Ожидается;Просмотрена обзорно;Не завершена;Нет
2a05762013544e1a-p0117-PAGE_CONTEXT;Chel_i_mir_Trafimova_2kl_rus_2024.pdf;117;D:\ai-brain-data\visual-lexicon\belarus-primary-20261009\books\2a05762013544e1a\pages\0117.jpg;4abd7aeee64f12d0cb96a32faeb09e47507adf23eafba41fb29607bf046c6f26;Ожидается;Просмотрена обзорно;Не завершена;Нет
2a05762013544e1a-p0118-PAGE_CONTEXT;Chel_i_mir_Trafimova_2kl_rus_2024.pdf;118;D:\ai-brain-data\visual-lexicon\belarus-primary-20261009\books\2a05762013544e1a\pages\0118.jpg;3e0f01438914e98b542b8fa50dadbf49dec397c9314bfff2ba9d6303c54a7025;Ожидается;Просмотрена обзорно;Не завершена;Нет
2a05762013544e1a-p0119-PAGE_CONTEXT;Chel_i_mir_Trafimova_2kl_rus_2024.pdf;119;D:\ai-brain-data\visual-lexicon\belarus-primary-20261009\books\2a05762013544e1a\pages\0119.jpg;043f3b70f8b48c092cbf947983adf4856d78a0afa9582bfecc1e17aa6edaad84;Ожидается;Просмотрена обзорно;Не завершена;Нет
2a05762013544e1a-p0120-PAGE_CONTEXT;Chel_i_mir_Trafimova_2kl_rus_2024.pdf;120;D:\ai-brain-data\visual-lexicon\belarus-primary-20261009\books\2a05762013544e1a\pages\0120.jpg;03d61219b80ae3de34d7b6b314b6f78384f6c995eabfef9cb31a30c76db4c5ca;Ожидается;Просмотрена обзорно;Не завершена;Нет
2a05762013544e1a-p0121-PAGE_CONTEXT;Chel_i_mir_Trafimova_2kl_rus_2024.pdf;121;D:\ai-brain-data\visual-lexicon\belarus-primary-20261009\books\2a05762013544e1a\pages\0121.jpg;a345b71f127a4852039e8bb3d8bd061a06b2579c2c228bf588eae40deeb0fd48;Ожидается;Просмотрена обзорно;Не завершена;Нет
2a05762013544e1a-p0122-PAGE_CONTEXT;Chel_i_mir_Trafimova_2kl_rus_2024.pdf;122;D:\ai-brain-data\visual-lexicon\belarus-primary-20261009\books\2a05762013544e1a\pages\0122.jpg;8de13dcaa5f9a3c7235b03465633f27d2fca9a5b1d939e4188d077488d797ba6;Ожидается;Просмотрена обзорно;Не завершена;Нет
2a05762013544e1a-p0123-PAGE_CONTEXT;Chel_i_mir_Trafimova_2kl_rus_2024.pdf;123;D:\ai-brain-data\visual-lexicon\belarus-primary-20261009\books\2a05762013544e1a\pages\0123.jpg;48a494f29331bc0f94ec1766b7541bb43172f6ccdc8aae453e0e04e79aba2756;Ожидается;Просмотрена обзорно;Не завершена;Нет
2a05762013544e1a-p0124-PAGE_CONTEXT;Chel_i_mir_Trafimova_2kl_rus_2024.pdf;124;D:\ai-brain-data\visual-lexicon\belarus-primary-20261009\books\2a05762013544e1a\pages\0124.jpg;36da5d6310d9549f8976be66793c8a0f7cc8d964fb3b9f8fd8c899c84bd6e728;Ожидается;Просмотрена обзорно;Не завершена;Нет
2a05762013544e1a-p0125-PAGE_CONTEXT;Chel_i_mir_Trafimova_2kl_rus_2024.pdf;125;D:\ai-brain-data\visual-lexicon\belarus-primary-20261009\books\2a05762013544e1a\pages\0125.jpg;8d91488dbbe2ea11c2e09a2fb237d8d7c1000c8045eef9c7beb7230044ddc734;Ожидается;Просмотрена обзорно;Не завершена;Нет
2a05762013544e1a-p0126-PAGE_CONTEXT;Chel_i_mir_Trafimova_2kl_rus_2024.pdf;126;D:\ai-brain-data\visual-lexicon\belarus-primary-20261009\books\2a05762013544e1a\pages\0126.jpg;0ee1b72c354e22a50844c7ad1303560e069930718669918dffa3cdb576a2e435;Ожидается;Просмотрена обзорно;Не завершена;Нет
2a05762013544e1a-p0127-PAGE_CONTEXT;Chel_i_mir_Trafimova_2kl_rus_2024.pdf;127;D:\ai-brain-data\visual-lexicon\belarus-primary-20261009\books\2a05762013544e1a\pages\0127.jpg;69202303418de5392713260031c7e33a122e15d10aa16f7ed86ff893d0edecea;Ожидается;Просмотрена обзорно;Не завершена;Нет
2a05762013544e1a-p0128-PAGE_CONTEXT;Chel_i_mir_Trafimova_2kl_rus_2024.pdf;128;D:\ai-brain-data\visual-lexicon\belarus-primary-20261009\books\2a05762013544e1a\pages\0128.jpg;b4f001f71a0bdcf58ceea0f825eda4bbb84bb5e66a7511fd3aa37c1d9ab5baf4;Ожидается;Просмотрена обзорно;Не завершена;Нет
2a05762013544e1a-p0129-PAGE_CONTEXT;Chel_i_mir_Trafimova_2kl_rus_2024.pdf;129;D:\ai-brain-data\visual-lexicon\belarus-primary-20261009\books\2a05762013544e1a\pages\0129.jpg;cddf0caf20feae47325db328937139563b4b21e8716039b56f26d4fd77c498a4;Ожидается;Просмотрена обзорно;Не завершена;Нет
2a05762013544e1a-p0130-PAGE_CONTEXT;Chel_i_mir_Trafimova_2kl_rus_2024.pdf;130;D:\ai-brain-data\visual-lexicon\belarus-primary-20261009\books\2a05762013544e1a\pages\0130.jpg;89815f2303b1bfe91106be7903a8a1022b923c6f95adfa14f0ea84e679f4871b;Ожидается;Просмотрена обзорно;Не завершена;Нет
2a05762013544e1a-p0131-PAGE_CONTEXT;Chel_i_mir_Trafimova_2kl_rus_2024.pdf;131;D:\ai-brain-data\visual-lexicon\belarus-primary-20261009\books\2a05762013544e1a\pages\0131.jpg;bd582025d098493bfdb2c2075a784253a4bb97935a93608f029ddee388c39845;Ожидается;Просмотрена обзорно;Не завершена;Нет
2a05762013544e1a-p0132-PAGE_CONTEXT;Chel_i_mir_Trafimova_2kl_rus_2024.pdf;132;D:\ai-brain-data\visual-lexicon\belarus-primary-20261009\books\2a05762013544e1a\pages\0132.jpg;2918f1b4bfe8615efb818512b6c7f7f4925b5f1f21536e2c5fb415059457a501;Ожидается;Просмотрена обзорно;Не завершена;Нет
2a05762013544e1a-p0133-PAGE_CONTEXT;Chel_i_mir_Trafimova_2kl_rus_2024.pdf;133;D:\ai-brain-data\visual-lexicon\belarus-primary-20261009\books\2a05762013544e1a\pages\0133.jpg;0280f887c47cca6d9b6bb143c6ccfad2fa692a5c97a9362bd9532ccb9dbf5ef9;Ожидается;Просмотрена обзорно;Не завершена;Нет
2a05762013544e1a-p0134-PAGE_CONTEXT;Chel_i_mir_Trafimova_2kl_rus_2024.pdf;134;D:\ai-brain-data\visual-lexicon\belarus-primary-20261009\books\2a05762013544e1a\pages\0134.jpg;4bb94047b2cc900ea3a2861b227ee1b1cbee7ef96c9d80636629f48b52ce9d66;Ожидается;Просмотрена обзорно;Не завершена;Нет
2a05762013544e1a-p0135-PAGE_CONTEXT;Chel_i_mir_Trafimova_2kl_rus_2024.pdf;135;D:\ai-brain-data\visual-lexicon\belarus-primary-20261009\books\2a05762013544e1a\pages\0135.jpg;647c5a0907d2e30b91e8058b24c929618245898ffb9b3fc32f05beb7eea666b2;Ожидается;Просмотрена обзорно;Не завершена;Нет
2a05762013544e1a-p0136-PAGE_CONTEXT;Chel_i_mir_Trafimova_2kl_rus_2024.pdf;136;D:\ai-brain-data\visual-lexicon\belarus-primary-20261009\books\2a05762013544e1a\pages\0136.jpg;27c1d5eca1acfca3f386b455e08edf53f7912a5da3811ab8c0da76b53e18323b;Ожидается;Просмотрена обзорно;Не завершена;Нет
2a05762013544e1a-p0137-PAGE_CONTEXT;Chel_i_mir_Trafimova_2kl_rus_2024.pdf;137;D:\ai-brain-data\visual-lexicon\belarus-primary-20261009\books\2a05762013544e1a\pages\0137.jpg;93a068998f703fdbc30b0387673cee0a5d25e19d9c5da550edff3544795ae03a;Ожидается;Просмотрена обзорно;Не завершена;Нет
2a05762013544e1a-p0138-PAGE_CONTEXT;Chel_i_mir_Trafimova_2kl_rus_2024.pdf;138;D:\ai-brain-data\visual-lexicon\belarus-primary-20261009\books\2a05762013544e1a\pages\0138.jpg;96af55005aeff5004357123de80c41717e79e6dddf198b24be2d5a899c9b0209;Ожидается;Просмотрена обзорно;Не завершена;Нет
2a05762013544e1a-p0139-PAGE_CONTEXT;Chel_i_mir_Trafimova_2kl_rus_2024.pdf;139;D:\ai-brain-data\visual-lexicon\belarus-primary-20261009\books\2a05762013544e1a\pages\0139.jpg;19a6e6ee865cfc6292af36d8fc5755e50193dd8fa5992930f0ce6db9fa36f6b8;Ожидается;Просмотрена обзорно;Не завершена;Нет
2a05762013544e1a-p0140-PAGE_CONTEXT;Chel_i_mir_Trafimova_2kl_rus_2024.pdf;140;D:\ai-brain-data\visual-lexicon\belarus-primary-20261009\books\2a05762013544e1a\pages\0140.jpg;c31312eaecdd5361f3d85d5a0a2c86e7654e47253d12fdf54ac87ce4fbca1ae0;Ожидается;Просмотрена обзорно;Не завершена;Нет
2a05762013544e1a-p0141-PAGE_CONTEXT;Chel_i_mir_Trafimova_2kl_rus_2024.pdf;141;D:\ai-brain-data\visual-lexicon\belarus-primary-20261009\books\2a05762013544e1a\pages\0141.jpg;bee1011737bef90c29acd41b44ed382509467fc11226c9cc97051a24da1a8131;Ожидается;Просмотрена обзорно;Не завершена;Нет
2a05762013544e1a-p0142-PAGE_CONTEXT;Chel_i_mir_Trafimova_2kl_rus_2024.pdf;142;D:\ai-brain-data\visual-lexicon\belarus-primary-20261009\books\2a05762013544e1a\pages\0142.jpg;7153c9bd39fb047be1c3e322285e9c4727563e902a84739af35027815a98fab3;Ожидается;Просмотрена обзорно;Не завершена;Нет
2a05762013544e1a-p0143-PAGE_CONTEXT;Chel_i_mir_Trafimova_2kl_rus_2024.pdf;143;D:\ai-brain-data\visual-lexicon\belarus-primary-20261009\books\2a05762013544e1a\pages\0143.jpg;e8e211e9b73203be8fb9fe7d62223b4113b7baa8bb97b79edc2940df6ac270c3;Просмотрено выборочно;Просмотрена обзорно;Не завершена;Нет
2a05762013544e1a-p0144-PAGE_CONTEXT;Chel_i_mir_Trafimova_2kl_rus_2024.pdf;144;D:\ai-brain-data\visual-lexicon\belarus-primary-20261009\books\2a05762013544e1a\pages\0144.jpg;4816532d5d1110c3ab8a81cd7312389b45e31d4812bfd3bba0fa0504b9a7dfca;Ожидается;Просмотрена обзорно;Не завершена;Нет
2a05762013544e1a-p0145-PAGE_CONTEXT;Chel_i_mir_Trafimova_2kl_rus_2024.pdf;145;D:\ai-brain-data\visual-lexicon\belarus-primary-20261009\books\2a05762013544e1a\pages\0145.jpg;8a338ee14d1a80b6fa50431ee497fe94f8bee4176ae84c8238d4b6dcd4ff7086;Ожидается;Просмотрена обзорно;Не завершена;Нет
2a05762013544e1a-p0146-PAGE_CONTEXT;Chel_i_mir_Trafimova_2kl_rus_2024.pdf;146;D:\ai-brain-data\visual-lexicon\belarus-primary-20261009\books\2a05762013544e1a\pages\0146.jpg;0ff76db6049eca2ff94c5f742db99b64e523e45c85cfd69926a061f4ba4bc2bb;Ожидается;Просмотрена обзорно;Не завершена;Нет
2a05762013544e1a-p0147-PAGE_CONTEXT;Chel_i_mir_Trafimova_2kl_rus_2024.pdf;147;D:\ai-brain-data\visual-lexicon\belarus-primary-20261009\books\2a05762013544e1a\pages\0147.jpg;b1d60653fcba13f155767015d536d0f8a1cae1723929088f3e4e5ab63ce3ccb4;Ожидается;Просмотрена обзорно;Не завершена;Нет
2a05762013544e1a-p0148-PAGE_CONTEXT;Chel_i_mir_Trafimova_2kl_rus_2024.pdf;148;D:\ai-brain-data\visual-lexicon\belarus-primary-20261009\books\2a05762013544e1a\pages\0148.jpg;b1df8a8a3de6a29c251e4bb1a83b8481577dd2db6845df44a9cec0d6c70ad666;Ожидается;Просмотрена обзорно;Не завершена;Нет
2a05762013544e1a-p0149-PAGE_CONTEXT;Chel_i_mir_Trafimova_2kl_rus_2024.pdf;149;D:\ai-brain-data\visual-lexicon\belarus-primary-20261009\books\2a05762013544e1a\pages\0149.jpg;9b925c4eb37d4fd95ed803b9bd73c615b43f46ba389b3c02f2c56629d05910b0;Ожидается;Просмотрена обзорно;Не завершена;Нет
2a05762013544e1a-p0150-PAGE_CONTEXT;Chel_i_mir_Trafimova_2kl_rus_2024.pdf;150;D:\ai-brain-data\visual-lexicon\belarus-primary-20261009\books\2a05762013544e1a\pages\0150.jpg;ff8f504d0f611fe504e63604ad77c5c9430c2c98b72e4e939c6097419996a3c1;Ожидается;Просмотрена обзорно;Не завершена;Нет
56a1fad813b3bea7-p0001-PAGE_CONTEXT;matematika_2kl_ch2_Muravyova_rus_2025.pdf;1;D:\ai-brain-data\visual-lexicon\belarus-primary-20261009\books\56a1fad813b3bea7\pages\0001.jpg;608871538d29d78449b6e468757a66fb61761f4c376f65b12860324af1a9532d;Ожидается;Просмотрена обзорно;Не завершена;Нет
56a1fad813b3bea7-p0002-PAGE_CONTEXT;matematika_2kl_ch2_Muravyova_rus_2025.pdf;2;D:\ai-brain-data\visual-lexicon\belarus-primary-20261009\books\56a1fad813b3bea7\pages\0002.jpg;c548a3dc3c9d8f018f684d81d45ade4eb418cfe9ae41c396865f6ca9ee0086eb;Ожидается;Просмотрена обзорно;Не завершена;Нет
56a1fad813b3bea7-p0003-PAGE_CONTEXT;matematika_2kl_ch2_Muravyova_rus_2025.pdf;3;D:\ai-brain-data\visual-lexicon\belarus-primary-20261009\books\56a1fad813b3bea7\pages\0003.jpg;77b546ad0258a28fb3542c2fa33f4af43a5247f96898b52db3b5cdd1e67ca461;Ожидается;Просмотрена обзорно;Не завершена;Нет
56a1fad813b3bea7-p0004-PAGE_CONTEXT;matematika_2kl_ch2_Muravyova_rus_2025.pdf;4;D:\ai-brain-data\visual-lexicon\belarus-primary-20261009\books\56a1fad813b3bea7\pages\0004.jpg;b8d0f9b5845b3431830c90fc902cecc1389a05bd500ad7c79c6ce61cc641de8a;Ожидается;Просмотрена обзорно;Не завершена;Нет
56a1fad813b3bea7-p0005-PAGE_CONTEXT;matematika_2kl_ch2_Muravyova_rus_2025.pdf;5;D:\ai-brain-data\visual-lexicon\belarus-primary-20261009\books\56a1fad813b3bea7\pages\0005.jpg;4ed5a316f88c21efcc016598320d20e7867a0ee2bfabfc581c9ee65f77593bcd;Ожидается;Просмотрена обзорно;Не завершена;Нет
56a1fad813b3bea7-p0006-PAGE_CONTEXT;matematika_2kl_ch2_Muravyova_rus_2025.pdf;6;D:\ai-brain-data\visual-lexicon\belarus-primary-20261009\books\56a1fad813b3bea7\pages\0006.jpg;13f2e2e3899de150ea932477589bc7216d225966f1b07614a28e229b6b4232f3;Ожидается;Просмотрена обзорно;Не завершена;Нет
56a1fad813b3bea7-p0007-PAGE_CONTEXT;matematika_2kl_ch2_Muravyova_rus_2025.pdf;7;D:\ai-brain-data\visual-lexicon\belarus-primary-20261009\books\56a1fad813b3bea7\pages\0007.jpg;1633186d4e97aaa1c71a7cefc5f9e3a7fc8f49b20782bb47d0d13b156eb6b8dc;Ожидается;Просмотрена обзорно;Не завершена;Нет
56a1fad813b3bea7-p0008-PAGE_CONTEXT;matematika_2kl_ch2_Muravyova_rus_2025.pdf;8;D:\ai-brain-data\visual-lexicon\belarus-primary-20261009\books\56a1fad813b3bea7\pages\0008.jpg;c63778dc3e5774b6577f5e48e7085ac54f49de0f5c58ccb17bdf6c5372d67219;Ожидается;Просмотрена обзорно;Не завершена;Нет
56a1fad813b3bea7-p0009-PAGE_CONTEXT;matematika_2kl_ch2_Muravyova_rus_2025.pdf;9;D:\ai-brain-data\visual-lexicon\belarus-primary-20261009\books\56a1fad813b3bea7\pages\0009.jpg;f1d5117470b2ef6748259e0f35927350078836949c49808704edf2bde4ee0482;Ожидается;Просмотрена обзорно;Не завершена;Нет
56a1fad813b3bea7-p0010-PAGE_CONTEXT;matematika_2kl_ch2_Muravyova_rus_2025.pdf;10;D:\ai-brain-data\visual-lexicon\belarus-primary-20261009\books\56a1fad813b3bea7\pages\0010.jpg;958f10fb48fffa6ff379ebc11b2db6749d1d10bc6a6d76f93a925d23a39c01d8;Ожидается;Просмотрена обзорно;Не завершена;Нет
56a1fad813b3bea7-p0011-PAGE_CONTEXT;matematika_2kl_ch2_Muravyova_rus_2025.pdf;11;D:\ai-brain-data\visual-lexicon\belarus-primary-20261009\books\56a1fad813b3bea7\pages\0011.jpg;ac247171adf9b02bd8ba87f213176cb7a1bc1aece1ea3b5b3bb3ac9b5fd0fd6c;Ожидается;Просмотрена обзорно;Не завершена;Нет
56a1fad813b3bea7-p0012-PAGE_CONTEXT;matematika_2kl_ch2_Muravyova_rus_2025.pdf;12;D:\ai-brain-data\visual-lexicon\belarus-primary-20261009\books\56a1fad813b3bea7\pages\0012.jpg;6946b7c8f551758e30c23c39b11d7cd54318bf6d522a232939b8f5c2df44e949;Ожидается;Просмотрена обзорно;Не завершена;Нет
56a1fad813b3bea7-p0013-PAGE_CONTEXT;matematika_2kl_ch2_Muravyova_rus_2025.pdf;13;D:\ai-brain-data\visual-lexicon\belarus-primary-20261009\books\56a1fad813b3bea7\pages\0013.jpg;a6032494472803f699f7795bfac095459a936a06095118cbc1f28757a5da395f;Ожидается;Просмотрена обзорно;Не завершена;Нет
56a1fad813b3bea7-p0014-PAGE_CONTEXT;matematika_2kl_ch2_Muravyova_rus_2025.pdf;14;D:\ai-brain-data\visual-lexicon\belarus-primary-20261009\books\56a1fad813b3bea7\pages\0014.jpg;bedb600db561baeed8cebf7104e16d4fc9e6f63d277234135ed2f5dbdaff5709;Ожидается;Просмотрена обзорно;Не завершена;Нет
56a1fad813b3bea7-p0015-PAGE_CONTEXT;matematika_2kl_ch2_Muravyova_rus_2025.pdf;15;D:\ai-brain-data\visual-lexicon\belarus-primary-20261009\books\56a1fad813b3bea7\pages\0015.jpg;52f9161ba3bf555ab826be92ac133abdb2836d87fa70d0d5f0e1f34cf3c26e38;Ожидается;Просмотрена обзорно;Не завершена;Нет
56a1fad813b3bea7-p0016-PAGE_CONTEXT;matematika_2kl_ch2_Muravyova_rus_2025.pdf;16;D:\ai-brain-data\visual-lexicon\belarus-primary-20261009\books\56a1fad813b3bea7\pages\0016.jpg;c8b738c64202ee7de6c5c8ed2cdd1b7bbf3268225e8ecbb5f608a8a912acf768;Ожидается;Просмотрена обзорно;Не завершена;Нет
56a1fad813b3bea7-p0017-PAGE_CONTEXT;matematika_2kl_ch2_Muravyova_rus_2025.pdf;17;D:\ai-brain-data\visual-lexicon\belarus-primary-20261009\books\56a1fad813b3bea7\pages\0017.jpg;c6d7e857abe43d7ab5ab42d1c02d67db10c45f033aec9a630801ca9f2ff96ca7;Ожидается;Просмотрена обзорно;Не завершена;Нет
56a1fad813b3bea7-p0018-PAGE_CONTEXT;matematika_2kl_ch2_Muravyova_rus_2025.pdf;18;D:\ai-brain-data\visual-lexicon\belarus-primary-20261009\books\56a1fad813b3bea7\pages\0018.jpg;ba05df16862c6f403ee145f7cbc3f7f00bd9994ff0ea6cda10138b7b4263e878;Просмотрено выборочно;Просмотрена обзорно;Не завершена;Нет
56a1fad813b3bea7-p0019-PAGE_CONTEXT;matematika_2kl_ch2_Muravyova_rus_2025.pdf;19;D:\ai-brain-data\visual-lexicon\belarus-primary-20261009\books\56a1fad813b3bea7\pages\0019.jpg;d58fec6043439b23cadd463f8c21bb0c97e5c8d793b0b4d712e6dfb0b6e240e4;Ожидается;Просмотрена обзорно;Не завершена;Нет
56a1fad813b3bea7-p0020-PAGE_CONTEXT;matematika_2kl_ch2_Muravyova_rus_2025.pdf;20;D:\ai-brain-data\visual-lexicon\belarus-primary-20261009\books\56a1fad813b3bea7\pages\0020.jpg;99ef7564cf0ac306fceac9d391815a4eb62be678fc39254affe360068a207ad7;Ожидается;Просмотрена обзорно;Не завершена;Нет
56a1fad813b3bea7-p0021-PAGE_CONTEXT;matematika_2kl_ch2_Muravyova_rus_2025.pdf;21;D:\ai-brain-data\visual-lexicon\belarus-primary-20261009\books\56a1fad813b3bea7\pages\0021.jpg;bc44fa2edbec47af45c1343d791fbe84743d8732224f1fe1bf741444986cc728;Ожидается;Просмотрена обзорно;Не завершена;Нет
56a1fad813b3bea7-p0022-PAGE_CONTEXT;matematika_2kl_ch2_Muravyova_rus_2025.pdf;22;D:\ai-brain-data\visual-lexicon\belarus-primary-20261009\books\56a1fad813b3bea7\pages\0022.jpg;c64ad8a8c99d8d52b1a061165d3ec01cb0c011c20a60111911591951da5f7720;Ожидается;Просмотрена обзорно;Не завершена;Нет
56a1fad813b3bea7-p0023-PAGE_CONTEXT;matematika_2kl_ch2_Muravyova_rus_2025.pdf;23;D:\ai-brain-data\visual-lexicon\belarus-primary-20261009\books\56a1fad813b3bea7\pages\0023.jpg;178fe08ad5a5e5328df7e42311dbb955295130cca239ef4052ef95ff9bcec784;Ожидается;Просмотрена обзорно;Не завершена;Нет
56a1fad813b3bea7-p0024-PAGE_CONTEXT;matematika_2kl_ch2_Muravyova_rus_2025.pdf;24;D:\ai-brain-data\visual-lexicon\belarus-primary-20261009\books\56a1fad813b3bea7\pages\0024.jpg;e39c662b927a3d1459dc57624d174bc2906e0aa4971f25a3b3d4b0ec22cf55ac;Ожидается;Просмотрена обзорно;Не завершена;Нет
56a1fad813b3bea7-p0025-PAGE_CONTEXT;matematika_2kl_ch2_Muravyova_rus_2025.pdf;25;D:\ai-brain-data\visual-lexicon\belarus-primary-20261009\books\56a1fad813b3bea7\pages\0025.jpg;f1e064371e27caef621d3360132c7c25740b324e5a23d8a70cc4c72c2d03e480;Ожидается;Просмотрена обзорно;Не завершена;Нет
56a1fad813b3bea7-p0026-PAGE_CONTEXT;matematika_2kl_ch2_Muravyova_rus_2025.pdf;26;D:\ai-brain-data\visual-lexicon\belarus-primary-20261009\books\56a1fad813b3bea7\pages\0026.jpg;199bdd24799b869c39a8f228a6121589bd4ee351eadcc2c3a2e9d780a2a5df51;Ожидается;Просмотрена обзорно;Не завершена;Нет
56a1fad813b3bea7-p0027-PAGE_CONTEXT;matematika_2kl_ch2_Muravyova_rus_2025.pdf;27;D:\ai-brain-data\visual-lexicon\belarus-primary-20261009\books\56a1fad813b3bea7\pages\0027.jpg;66cf22d639346178b575bcd245d77c8a7ec02b3cbf83ed1e8c6ce2b2ee91df7b;Ожидается;Просмотрена обзорно;Не завершена;Нет
56a1fad813b3bea7-p0028-PAGE_CONTEXT;matematika_2kl_ch2_Muravyova_rus_2025.pdf;28;D:\ai-brain-data\visual-lexicon\belarus-primary-20261009\books\56a1fad813b3bea7\pages\0028.jpg;0e73936615e44ce3a0597e6d6d11d9207ef16edde330f12aae870115fd2ae35c;Ожидается;Просмотрена обзорно;Не завершена;Нет
56a1fad813b3bea7-p0029-PAGE_CONTEXT;matematika_2kl_ch2_Muravyova_rus_2025.pdf;29;D:\ai-brain-data\visual-lexicon\belarus-primary-20261009\books\56a1fad813b3bea7\pages\0029.jpg;1f2c14876ba7a7d529d34e640c54847d8e296517c84a38faeb15ce3f0ca620eb;Ожидается;Просмотрена обзорно;Не завершена;Нет
56a1fad813b3bea7-p0030-PAGE_CONTEXT;matematika_2kl_ch2_Muravyova_rus_2025.pdf;30;D:\ai-brain-data\visual-lexicon\belarus-primary-20261009\books\56a1fad813b3bea7\pages\0030.jpg;ba3383a06810cc1f41fead3d75130a370c81b8500e15bca1db043a9c6fce2c83;Ожидается;Просмотрена обзорно;Не завершена;Нет
56a1fad813b3bea7-p0031-PAGE_CONTEXT;matematika_2kl_ch2_Muravyova_rus_2025.pdf;31;D:\ai-brain-data\visual-lexicon\belarus-primary-20261009\books\56a1fad813b3bea7\pages\0031.jpg;5c3c006e6a52db571ae05e024647e20052f89949f965da76782b267df280c7a0;Ожидается;Просмотрена обзорно;Не завершена;Нет
56a1fad813b3bea7-p0032-PAGE_CONTEXT;matematika_2kl_ch2_Muravyova_rus_2025.pdf;32;D:\ai-brain-data\visual-lexicon\belarus-primary-20261009\books\56a1fad813b3bea7\pages\0032.jpg;3bf0e92d23709f5219e709445873d83eae6b19ccb169d41e7a93ca56486ff702;Просмотрено выборочно;Просмотрена обзорно;Не завершена;Нет
56a1fad813b3bea7-p0033-PAGE_CONTEXT;matematika_2kl_ch2_Muravyova_rus_2025.pdf;33;D:\ai-brain-data\visual-lexicon\belarus-primary-20261009\books\56a1fad813b3bea7\pages\0033.jpg;8f9fd7a6a4776aec4c565298ad45b3e07b6e522c2e9edd7b51906bb13ff2b290;Ожидается;Просмотрена обзорно;Не завершена;Нет
56a1fad813b3bea7-p0034-PAGE_CONTEXT;matematika_2kl_ch2_Muravyova_rus_2025.pdf;34;D:\ai-brain-data\visual-lexicon\belarus-primary-20261009\books\56a1fad813b3bea7\pages\0034.jpg;ce89f07c8bf6a8005f00ce4e00398b3cf697519910e87af76a049d30539d28fa;Ожидается;Просмотрена обзорно;Не завершена;Нет
56a1fad813b3bea7-p0035-PAGE_CONTEXT;matematika_2kl_ch2_Muravyova_rus_2025.pdf;35;D:\ai-brain-data\visual-lexicon\belarus-primary-20261009\books\56a1fad813b3bea7\pages\0035.jpg;97402d07b84cda68bcc7689ba0b1968743b569b790f9d3a9bfca41be030119b1;Ожидается;Просмотрена обзорно;Не завершена;Нет
56a1fad813b3bea7-p0036-PAGE_CONTEXT;matematika_2kl_ch2_Muravyova_rus_2025.pdf;36;D:\ai-brain-data\visual-lexicon\belarus-primary-20261009\books\56a1fad813b3bea7\pages\0036.jpg;93276d0350a3937c8cc3b0ba37644abbfb1aeb7c790d014bc53c77acc6e6ff81;Ожидается;Просмотрена обзорно;Не завершена;Нет
56a1fad813b3bea7-p0037-PAGE_CONTEXT;matematika_2kl_ch2_Muravyova_rus_2025.pdf;37;D:\ai-brain-data\visual-lexicon\belarus-primary-20261009\books\56a1fad813b3bea7\pages\0037.jpg;2e4830093c8500b7dd7a6fa1a0f211cfedec25a2f305a37d3d3ade9815218c70;Ожидается;Просмотрена обзорно;Не завершена;Нет
56a1fad813b3bea7-p0038-PAGE_CONTEXT;matematika_2kl_ch2_Muravyova_rus_2025.pdf;38;D:\ai-brain-data\visual-lexicon\belarus-primary-20261009\books\56a1fad813b3bea7\pages\0038.jpg;bc9c130f9c5e212a14668624ca7721839e988bf7198136c0d6291cabac6d2e50;Ожидается;Просмотрена обзорно;Не завершена;Нет
56a1fad813b3bea7-p0039-PAGE_CONTEXT;matematika_2kl_ch2_Muravyova_rus_2025.pdf;39;D:\ai-brain-data\visual-lexicon\belarus-primary-20261009\books\56a1fad813b3bea7\pages\0039.jpg;5669c5e47f8ec5960c84fca50b4abf2941d09204ad622738f5533c0b6de3a1c0;Ожидается;Просмотрена обзорно;Не завершена;Нет
56a1fad813b3bea7-p0040-PAGE_CONTEXT;matematika_2kl_ch2_Muravyova_rus_2025.pdf;40;D:\ai-brain-data\visual-lexicon\belarus-primary-20261009\books\56a1fad813b3bea7\pages\0040.jpg;5243f7c011fea43afbfd475bd8914513a9024be561b59685bebb6bb5f08b9d21;Ожидается;Просмотрена обзорно;Не завершена;Нет
56a1fad813b3bea7-p0041-PAGE_CONTEXT;matematika_2kl_ch2_Muravyova_rus_2025.pdf;41;D:\ai-brain-data\visual-lexicon\belarus-primary-20261009\books\56a1fad813b3bea7\pages\0041.jpg;766450d56f17a7fa9dc7dd3ec2dd9890b973980d9a7784aaee5b060da771ac31;Ожидается;Просмотрена обзорно;Не завершена;Нет
56a1fad813b3bea7-p0042-PAGE_CONTEXT;matematika_2kl_ch2_Muravyova_rus_2025.pdf;42;D:\ai-brain-data\visual-lexicon\belarus-primary-20261009\books\56a1fad813b3bea7\pages\0042.jpg;72f83820132b9c5ed50e8aebbc2496ab66962499ac7586d40d354f4766fbaf07;Ожидается;Просмотрена обзорно;Не завершена;Нет
56a1fad813b3bea7-p0043-PAGE_CONTEXT;matematika_2kl_ch2_Muravyova_rus_2025.pdf;43;D:\ai-brain-data\visual-lexicon\belarus-primary-20261009\books\56a1fad813b3bea7\pages\0043.jpg;d7ae04b918e00b531187d6f93f56b1d8a743cfe7ce3c5466c8c66bf092069dfa;Ожидается;Просмотрена обзорно;Не завершена;Нет
56a1fad813b3bea7-p0044-PAGE_CONTEXT;matematika_2kl_ch2_Muravyova_rus_2025.pdf;44;D:\ai-brain-data\visual-lexicon\belarus-primary-20261009\books\56a1fad813b3bea7\pages\0044.jpg;df65ce0b7cc5367e7adba5bbf356bb56068c59cc7982e0c7be3475f58f0975af;Ожидается;Просмотрена обзорно;Не завершена;Нет
56a1fad813b3bea7-p0045-PAGE_CONTEXT;matematika_2kl_ch2_Muravyova_rus_2025.pdf;45;D:\ai-brain-data\visual-lexicon\belarus-primary-20261009\books\56a1fad813b3bea7\pages\0045.jpg;18a313ecc71bde56de0c46f0395c8ce636d5510faae52b53eb92f11fbc2c4bb2;Ожидается;Просмотрена обзорно;Не завершена;Нет
56a1fad813b3bea7-p0046-PAGE_CONTEXT;matematika_2kl_ch2_Muravyova_rus_2025.pdf;46;D:\ai-brain-data\visual-lexicon\belarus-primary-20261009\books\56a1fad813b3bea7\pages\0046.jpg;35af60be53d1479e964954fcd7c6bfcc4a1c7298d9e0e74852f0a7a9afca0d08;Ожидается;Просмотрена обзорно;Не завершена;Нет
56a1fad813b3bea7-p0047-PAGE_CONTEXT;matematika_2kl_ch2_Muravyova_rus_2025.pdf;47;D:\ai-brain-data\visual-lexicon\belarus-primary-20261009\books\56a1fad813b3bea7\pages\0047.jpg;4776a8b9a6fde05496e7ec2c957c8ce432b7b6c6c4795ea696743cbf0ae13051;Ожидается;Просмотрена обзорно;Не завершена;Нет
56a1fad813b3bea7-p0048-PAGE_CONTEXT;matematika_2kl_ch2_Muravyova_rus_2025.pdf;48;D:\ai-brain-data\visual-lexicon\belarus-primary-20261009\books\56a1fad813b3bea7\pages\0048.jpg;c932e7a445c4a2b08ffed88056bdccb1b1303bfeca8e3bce485746fa9b717417;Просмотрено выборочно;Просмотрена обзорно;Не завершена;Нет
56a1fad813b3bea7-p0049-PAGE_CONTEXT;matematika_2kl_ch2_Muravyova_rus_2025.pdf;49;D:\ai-brain-data\visual-lexicon\belarus-primary-20261009\books\56a1fad813b3bea7\pages\0049.jpg;089b80a87e0d5e2c1287f10f69a67807367e8b178e9e223322d593efbe406104;Ожидается;Просмотрена обзорно;Не завершена;Нет
56a1fad813b3bea7-p0050-PAGE_CONTEXT;matematika_2kl_ch2_Muravyova_rus_2025.pdf;50;D:\ai-brain-data\visual-lexicon\belarus-primary-20261009\books\56a1fad813b3bea7\pages\0050.jpg;621507aad7d4c8432b9d3fa2497c499e4d916e72e8ac984132f5e163728af34f;Ожидается;Просмотрена обзорно;Не завершена;Нет
56a1fad813b3bea7-p0051-PAGE_CONTEXT;matematika_2kl_ch2_Muravyova_rus_2025.pdf;51;D:\ai-brain-data\visual-lexicon\belarus-primary-20261009\books\56a1fad813b3bea7\pages\0051.jpg;aac1c325fa0a23da4b0d75262415b3012cbdda4df9100925b33c424467c01bff;Ожидается;Просмотрена обзорно;Не завершена;Нет
56a1fad813b3bea7-p0052-PAGE_CONTEXT;matematika_2kl_ch2_Muravyova_rus_2025.pdf;52;D:\ai-brain-data\visual-lexicon\belarus-primary-20261009\books\56a1fad813b3bea7\pages\0052.jpg;1b6d2c79b09fb6ea67c2a8468e1174d95ccf46e3bda82d4632171de46834a130;Ожидается;Просмотрена обзорно;Не завершена;Нет
56a1fad813b3bea7-p0053-PAGE_CONTEXT;matematika_2kl_ch2_Muravyova_rus_2025.pdf;53;D:\ai-brain-data\visual-lexicon\belarus-primary-20261009\books\56a1fad813b3bea7\pages\0053.jpg;a28d04519cf362559bd1cab42dda9924f2955488a5c032856520add405e792bb;Ожидается;Просмотрена обзорно;Не завершена;Нет
56a1fad813b3bea7-p0054-PAGE_CONTEXT;matematika_2kl_ch2_Muravyova_rus_2025.pdf;54;D:\ai-brain-data\visual-lexicon\belarus-primary-20261009\books\56a1fad813b3bea7\pages\0054.jpg;db55501355ce636e879587d34d642f00af138a0efbe5c122d80d97fc78941dc5;Ожидается;Просмотрена обзорно;Не завершена;Нет
56a1fad813b3bea7-p0055-PAGE_CONTEXT;matematika_2kl_ch2_Muravyova_rus_2025.pdf;55;D:\ai-brain-data\visual-lexicon\belarus-primary-20261009\books\56a1fad813b3bea7\pages\0055.jpg;81560d11bdf8eef1fc991d4adf0e92d32226af1fc73ca34c3fe53832f1dc6179;Ожидается;Просмотрена обзорно;Не завершена;Нет
56a1fad813b3bea7-p0056-PAGE_CONTEXT;matematika_2kl_ch2_Muravyova_rus_2025.pdf;56;D:\ai-brain-data\visual-lexicon\belarus-primary-20261009\books\56a1fad813b3bea7\pages\0056.jpg;6d20557b6d9d632767db82ad04eda7983716085b5f6656474b119a92b38e2082;Ожидается;Просмотрена обзорно;Не завершена;Нет
56a1fad813b3bea7-p0057-PAGE_CONTEXT;matematika_2kl_ch2_Muravyova_rus_2025.pdf;57;D:\ai-brain-data\visual-lexicon\belarus-primary-20261009\books\56a1fad813b3bea7\pages\0057.jpg;c534210e0a490d935b6e4b685ea02e8d520dbbe107245623f5368d17337d39eb;Ожидается;Просмотрена обзорно;Не завершена;Нет
56a1fad813b3bea7-p0058-PAGE_CONTEXT;matematika_2kl_ch2_Muravyova_rus_2025.pdf;58;D:\ai-brain-data\visual-lexicon\belarus-primary-20261009\books\56a1fad813b3bea7\pages\0058.jpg;d36758681b5a81335816cc627bb0b210000e0e8977bc2e8f4784772f483b35ad;Ожидается;Просмотрена обзорно;Не завершена;Нет
56a1fad813b3bea7-p0059-PAGE_CONTEXT;matematika_2kl_ch2_Muravyova_rus_2025.pdf;59;D:\ai-brain-data\visual-lexicon\belarus-primary-20261009\books\56a1fad813b3bea7\pages\0059.jpg;5ad8484b005f780ea22d3a27ac6027a67b84f3f4a4ce6837c0bc052a1b81e8c1;Ожидается;Просмотрена обзорно;Не завершена;Нет
56a1fad813b3bea7-p0060-PAGE_CONTEXT;matematika_2kl_ch2_Muravyova_rus_2025.pdf;60;D:\ai-brain-data\visual-lexicon\belarus-primary-20261009\books\56a1fad813b3bea7\pages\0060.jpg;de43ad75f48977750d4030fa3fb2ad966e2a789910020cba32158b1d2cee2c0b;Ожидается;Просмотрена обзорно;Не завершена;Нет
56a1fad813b3bea7-p0061-PAGE_CONTEXT;matematika_2kl_ch2_Muravyova_rus_2025.pdf;61;D:\ai-brain-data\visual-lexicon\belarus-primary-20261009\books\56a1fad813b3bea7\pages\0061.jpg;d3ff2a4c8ade6c87a4f35c3597b6d28df44c31a556d4010925779803ed916fa5;Ожидается;Просмотрена обзорно;Не завершена;Нет
56a1fad813b3bea7-p0062-PAGE_CONTEXT;matematika_2kl_ch2_Muravyova_rus_2025.pdf;62;D:\ai-brain-data\visual-lexicon\belarus-primary-20261009\books\56a1fad813b3bea7\pages\0062.jpg;cc436137b289fbb32bb9572eed09fe42d8d9f93e6e952b33bc845ec532c171d6;Ожидается;Просмотрена обзорно;Не завершена;Нет
56a1fad813b3bea7-p0063-PAGE_CONTEXT;matematika_2kl_ch2_Muravyova_rus_2025.pdf;63;D:\ai-brain-data\visual-lexicon\belarus-primary-20261009\books\56a1fad813b3bea7\pages\0063.jpg;b251b90a3bf383949cd10637b606eb7b743fe03530e1b1fab2bb6819c74e01e5;Ожидается;Просмотрена обзорно;Не завершена;Нет
56a1fad813b3bea7-p0064-PAGE_CONTEXT;matematika_2kl_ch2_Muravyova_rus_2025.pdf;64;D:\ai-brain-data\visual-lexicon\belarus-primary-20261009\books\56a1fad813b3bea7\pages\0064.jpg;e5ae76bd02bcb5059fde32bf2e49090864af7f0729e26ebf9e7f2a739891d215;Просмотрено выборочно;Просмотрена обзорно;Не завершена;Нет
56a1fad813b3bea7-p0065-PAGE_CONTEXT;matematika_2kl_ch2_Muravyova_rus_2025.pdf;65;D:\ai-brain-data\visual-lexicon\belarus-primary-20261009\books\56a1fad813b3bea7\pages\0065.jpg;db8f7bcd330139259fe93e65c4fe00375d54111869da8f3a4e19eba4e5417908;Ожидается;Просмотрена обзорно;Не завершена;Нет
56a1fad813b3bea7-p0066-PAGE_CONTEXT;matematika_2kl_ch2_Muravyova_rus_2025.pdf;66;D:\ai-brain-data\visual-lexicon\belarus-primary-20261009\books\56a1fad813b3bea7\pages\0066.jpg;1cd2cd3ac56585ec44078afe56732acc76ce249d50f50aaea29118a879d9ec61;Ожидается;Просмотрена обзорно;Не завершена;Нет
56a1fad813b3bea7-p0067-PAGE_CONTEXT;matematika_2kl_ch2_Muravyova_rus_2025.pdf;67;D:\ai-brain-data\visual-lexicon\belarus-primary-20261009\books\56a1fad813b3bea7\pages\0067.jpg;6bc1db197fc107d2cae2941a80ba04217bc32cb296fc2147152dd7cc5e63efa7;Ожидается;Просмотрена обзорно;Не завершена;Нет
56a1fad813b3bea7-p0068-PAGE_CONTEXT;matematika_2kl_ch2_Muravyova_rus_2025.pdf;68;D:\ai-brain-data\visual-lexicon\belarus-primary-20261009\books\56a1fad813b3bea7\pages\0068.jpg;de982e94a8b404386192bd127d7821085d0dc673be29e4bb4c7fe6d45ed38db2;Ожидается;Просмотрена обзорно;Не завершена;Нет
56a1fad813b3bea7-p0069-PAGE_CONTEXT;matematika_2kl_ch2_Muravyova_rus_2025.pdf;69;D:\ai-brain-data\visual-lexicon\belarus-primary-20261009\books\56a1fad813b3bea7\pages\0069.jpg;8629fbd7c38795253726bdbfeccf2c795ee33699b86be29f2801bba2b142c144;Ожидается;Просмотрена обзорно;Не завершена;Нет
56a1fad813b3bea7-p0070-PAGE_CONTEXT;matematika_2kl_ch2_Muravyova_rus_2025.pdf;70;D:\ai-brain-data\visual-lexicon\belarus-primary-20261009\books\56a1fad813b3bea7\pages\0070.jpg;2066923fc4f2e380bae18cd4eee0b3ba89c91a82611129359bc30e9eaa6b40cc;Ожидается;Просмотрена обзорно;Не завершена;Нет
56a1fad813b3bea7-p0071-PAGE_CONTEXT;matematika_2kl_ch2_Muravyova_rus_2025.pdf;71;D:\ai-brain-data\visual-lexicon\belarus-primary-20261009\books\56a1fad813b3bea7\pages\0071.jpg;d9dd47ac8b54914f0d59dc4959d1b173837cc3adb3289d8e4cd00cf7da04689d;Ожидается;Просмотрена обзорно;Не завершена;Нет
56a1fad813b3bea7-p0072-PAGE_CONTEXT;matematika_2kl_ch2_Muravyova_rus_2025.pdf;72;D:\ai-brain-data\visual-lexicon\belarus-primary-20261009\books\56a1fad813b3bea7\pages\0072.jpg;9ca81cedfd0179a6ac93895f24dc641972cdea7a9d54fc034a4b7bc2803dcc7c;Ожидается;Просмотрена обзорно;Не завершена;Нет
56a1fad813b3bea7-p0073-PAGE_CONTEXT;matematika_2kl_ch2_Muravyova_rus_2025.pdf;73;D:\ai-brain-data\visual-lexicon\belarus-primary-20261009\books\56a1fad813b3bea7\pages\0073.jpg;a24c3fea8ce3a9979a2a80a72cf4ddd942ae1cf10783fdab1eb30091b842e786;Ожидается;Просмотрена обзорно;Не завершена;Нет
56a1fad813b3bea7-p0074-PAGE_CONTEXT;matematika_2kl_ch2_Muravyova_rus_2025.pdf;74;D:\ai-brain-data\visual-lexicon\belarus-primary-20261009\books\56a1fad813b3bea7\pages\0074.jpg;20fccdf526de4080f060167a12bcd5c2213a78aa0a93f0f221c0a4fa33517602;Ожидается;Просмотрена обзорно;Не завершена;Нет
56a1fad813b3bea7-p0075-PAGE_CONTEXT;matematika_2kl_ch2_Muravyova_rus_2025.pdf;75;D:\ai-brain-data\visual-lexicon\belarus-primary-20261009\books\56a1fad813b3bea7\pages\0075.jpg;ff4d8ee1bafc6422b25d2d7067f20bb0dc9a24715b6af5918a314474e874f1f3;Ожидается;Просмотрена обзорно;Не завершена;Нет
56a1fad813b3bea7-p0076-PAGE_CONTEXT;matematika_2kl_ch2_Muravyova_rus_2025.pdf;76;D:\ai-brain-data\visual-lexicon\belarus-primary-20261009\books\56a1fad813b3bea7\pages\0076.jpg;87c746160d0ccd68ba40005c4247511ddda3cf7afd856d9c243f55bcf115cb70;Ожидается;Просмотрена обзорно;Не завершена;Нет
56a1fad813b3bea7-p0077-PAGE_CONTEXT;matematika_2kl_ch2_Muravyova_rus_2025.pdf;77;D:\ai-brain-data\visual-lexicon\belarus-primary-20261009\books\56a1fad813b3bea7\pages\0077.jpg;f3aab424aeab87be3cd7144de2ec54bb104f0f4bb03691d0ee9009c0bc9eaf5b;Ожидается;Просмотрена обзорно;Не завершена;Нет
56a1fad813b3bea7-p0078-PAGE_CONTEXT;matematika_2kl_ch2_Muravyova_rus_2025.pdf;78;D:\ai-brain-data\visual-lexicon\belarus-primary-20261009\books\56a1fad813b3bea7\pages\0078.jpg;dabe9977d2e349247169c7c3a02baae281a7921ced2a23ea9857f28264f68eb8;Ожидается;Просмотрена обзорно;Не завершена;Нет
56a1fad813b3bea7-p0079-PAGE_CONTEXT;matematika_2kl_ch2_Muravyova_rus_2025.pdf;79;D:\ai-brain-data\visual-lexicon\belarus-primary-20261009\books\56a1fad813b3bea7\pages\0079.jpg;530677a57e7cd1a12d3654397061f494a71111d0bd84a822cb7d5002e76e2842;Ожидается;Просмотрена обзорно;Не завершена;Нет
56a1fad813b3bea7-p0080-PAGE_CONTEXT;matematika_2kl_ch2_Muravyova_rus_2025.pdf;80;D:\ai-brain-data\visual-lexicon\belarus-primary-20261009\books\56a1fad813b3bea7\pages\0080.jpg;6c2900f56d63145ee099cd48ec18ea24acaa499554689e7e14df1a0ad6aa24dc;Просмотрено выборочно;Просмотрена обзорно;Не завершена;Нет
56a1fad813b3bea7-p0081-PAGE_CONTEXT;matematika_2kl_ch2_Muravyova_rus_2025.pdf;81;D:\ai-brain-data\visual-lexicon\belarus-primary-20261009\books\56a1fad813b3bea7\pages\0081.jpg;38d6b6f3a75144103271d373df23d7d2d7527ae45b1ffba01574de3cf30365de;Ожидается;Просмотрена обзорно;Не завершена;Нет
56a1fad813b3bea7-p0082-PAGE_CONTEXT;matematika_2kl_ch2_Muravyova_rus_2025.pdf;82;D:\ai-brain-data\visual-lexicon\belarus-primary-20261009\books\56a1fad813b3bea7\pages\0082.jpg;66ada752cb9e528b8f33f39b30277a90001d1249311ec52cce2cdf60b35bcb29;Ожидается;Просмотрена обзорно;Не завершена;Нет
56a1fad813b3bea7-p0083-PAGE_CONTEXT;matematika_2kl_ch2_Muravyova_rus_2025.pdf;83;D:\ai-brain-data\visual-lexicon\belarus-primary-20261009\books\56a1fad813b3bea7\pages\0083.jpg;40b49f4a3c8bb84215db5acbe6230b70ec3626fb60afdcb5fa4ec96cd21ed3e9;Ожидается;Просмотрена обзорно;Не завершена;Нет
56a1fad813b3bea7-p0084-PAGE_CONTEXT;matematika_2kl_ch2_Muravyova_rus_2025.pdf;84;D:\ai-brain-data\visual-lexicon\belarus-primary-20261009\books\56a1fad813b3bea7\pages\0084.jpg;b1c79cc98aa3793f6a5baa264e7c8f0311e51f814c8acf098d2069a791124240;Ожидается;Просмотрена обзорно;Не завершена;Нет
56a1fad813b3bea7-p0085-PAGE_CONTEXT;matematika_2kl_ch2_Muravyova_rus_2025.pdf;85;D:\ai-brain-data\visual-lexicon\belarus-primary-20261009\books\56a1fad813b3bea7\pages\0085.jpg;417b226ca6fb48bf0853af74cf2908e0646ef202a2421d21146181d4a39d99e2;Ожидается;Просмотрена обзорно;Не завершена;Нет
56a1fad813b3bea7-p0086-PAGE_CONTEXT;matematika_2kl_ch2_Muravyova_rus_2025.pdf;86;D:\ai-brain-data\visual-lexicon\belarus-primary-20261009\books\56a1fad813b3bea7\pages\0086.jpg;343213b3e60260c709e009fe391afe4943ee28443351f4ef068c2e2c101d61be;Ожидается;Просмотрена обзорно;Не завершена;Нет
56a1fad813b3bea7-p0087-PAGE_CONTEXT;matematika_2kl_ch2_Muravyova_rus_2025.pdf;87;D:\ai-brain-data\visual-lexicon\belarus-primary-20261009\books\56a1fad813b3bea7\pages\0087.jpg;a12d637c02697e91c0294fffa3d9d25f478ac3d7c0bf48df8e62d93330a934e2;Ожидается;Просмотрена обзорно;Не завершена;Нет
56a1fad813b3bea7-p0088-PAGE_CONTEXT;matematika_2kl_ch2_Muravyova_rus_2025.pdf;88;D:\ai-brain-data\visual-lexicon\belarus-primary-20261009\books\56a1fad813b3bea7\pages\0088.jpg;a613258d4e4fd03f350ddbea95c4952c4b6765c2921d2db8a5371c0ab3eb963b;Ожидается;Просмотрена обзорно;Не завершена;Нет
56a1fad813b3bea7-p0089-PAGE_CONTEXT;matematika_2kl_ch2_Muravyova_rus_2025.pdf;89;D:\ai-brain-data\visual-lexicon\belarus-primary-20261009\books\56a1fad813b3bea7\pages\0089.jpg;d3e4359765a0fcc674a55f9d4765b51010484ef64b9ee38ab055544eaf338a41;Ожидается;Просмотрена обзорно;Не завершена;Нет
56a1fad813b3bea7-p0090-PAGE_CONTEXT;matematika_2kl_ch2_Muravyova_rus_2025.pdf;90;D:\ai-brain-data\visual-lexicon\belarus-primary-20261009\books\56a1fad813b3bea7\pages\0090.jpg;42e53ba18202e4df6029ca95a3695b5f4544917872f0eb4ac6b946efaf0badfd;Ожидается;Просмотрена обзорно;Не завершена;Нет
56a1fad813b3bea7-p0091-PAGE_CONTEXT;matematika_2kl_ch2_Muravyova_rus_2025.pdf;91;D:\ai-brain-data\visual-lexicon\belarus-primary-20261009\books\56a1fad813b3bea7\pages\0091.jpg;c6293dad3d3668192aa648d7276a2e00fbb4d89c33b31f12fd1b166463247410;Ожидается;Просмотрена обзорно;Не завершена;Нет
56a1fad813b3bea7-p0092-PAGE_CONTEXT;matematika_2kl_ch2_Muravyova_rus_2025.pdf;92;D:\ai-brain-data\visual-lexicon\belarus-primary-20261009\books\56a1fad813b3bea7\pages\0092.jpg;c72f5fd0b271d8038f1ae406de3cda1e87de630dfc20f22191689a518521633b;Ожидается;Просмотрена обзорно;Не завершена;Нет
56a1fad813b3bea7-p0093-PAGE_CONTEXT;matematika_2kl_ch2_Muravyova_rus_2025.pdf;93;D:\ai-brain-data\visual-lexicon\belarus-primary-20261009\books\56a1fad813b3bea7\pages\0093.jpg;f13b9de9fa1bf1e8faf9559e566609cc9e6225a77baa763b6188df9d4dd43692;Ожидается;Просмотрена обзорно;Не завершена;Нет
56a1fad813b3bea7-p0094-PAGE_CONTEXT;matematika_2kl_ch2_Muravyova_rus_2025.pdf;94;D:\ai-brain-data\visual-lexicon\belarus-primary-20261009\books\56a1fad813b3bea7\pages\0094.jpg;04328a727464f77de7fee8f9375d941446a842188a6a2efec2b945e283e85364;Ожидается;Просмотрена обзорно;Не завершена;Нет
56a1fad813b3bea7-p0095-PAGE_CONTEXT;matematika_2kl_ch2_Muravyova_rus_2025.pdf;95;D:\ai-brain-data\visual-lexicon\belarus-primary-20261009\books\56a1fad813b3bea7\pages\0095.jpg;306d17f4c39db2768ad5f5a8144b4e2c65b14c6ee3891c7ca58444342a273d3f;Ожидается;Просмотрена обзорно;Не завершена;Нет
56a1fad813b3bea7-p0096-PAGE_CONTEXT;matematika_2kl_ch2_Muravyova_rus_2025.pdf;96;D:\ai-brain-data\visual-lexicon\belarus-primary-20261009\books\56a1fad813b3bea7\pages\0096.jpg;1e0f37af23184e468ab8e3d41d199a10b88a84a4742db66c8a5c3d19c6e5e8ee;Ожидается;Просмотрена обзорно;Не завершена;Нет
56a1fad813b3bea7-p0097-PAGE_CONTEXT;matematika_2kl_ch2_Muravyova_rus_2025.pdf;97;D:\ai-brain-data\visual-lexicon\belarus-primary-20261009\books\56a1fad813b3bea7\pages\0097.jpg;93c0d90ad3b97a3e9d1a063954399ce6517566e8cc4052e2abd8ec9285391852;Ожидается;Просмотрена обзорно;Не завершена;Нет
56a1fad813b3bea7-p0098-PAGE_CONTEXT;matematika_2kl_ch2_Muravyova_rus_2025.pdf;98;D:\ai-brain-data\visual-lexicon\belarus-primary-20261009\books\56a1fad813b3bea7\pages\0098.jpg;fc8ccdc72412931afb8848f8eb467bdb71916891dc4dee58bd7a7584d26ea1c9;Ожидается;Просмотрена обзорно;Не завершена;Нет
56a1fad813b3bea7-p0099-PAGE_CONTEXT;matematika_2kl_ch2_Muravyova_rus_2025.pdf;99;D:\ai-brain-data\visual-lexicon\belarus-primary-20261009\books\56a1fad813b3bea7\pages\0099.jpg;563d5c7abb0a2a9a8399d8490df335d9a53a9c9be216a53bcde0b5d342bfd8a6;Ожидается;Просмотрена обзорно;Не завершена;Нет
56a1fad813b3bea7-p0100-PAGE_CONTEXT;matematika_2kl_ch2_Muravyova_rus_2025.pdf;100;D:\ai-brain-data\visual-lexicon\belarus-primary-20261009\books\56a1fad813b3bea7\pages\0100.jpg;3870ae30f985681093bd053c145b95929c060f9c661ff2a2c021a8fb328fc3db;Просмотрено выборочно;Просмотрена обзорно;Не завершена;Нет
56a1fad813b3bea7-p0101-PAGE_CONTEXT;matematika_2kl_ch2_Muravyova_rus_2025.pdf;101;D:\ai-brain-data\visual-lexicon\belarus-primary-20261009\books\56a1fad813b3bea7\pages\0101.jpg;8be2eda30d397b05cbeaa05a44aa9455c6323c9fffadc18047e3b0492bd8bd5c;Ожидается;Просмотрена обзорно;Не завершена;Нет
56a1fad813b3bea7-p0102-PAGE_CONTEXT;matematika_2kl_ch2_Muravyova_rus_2025.pdf;102;D:\ai-brain-data\visual-lexicon\belarus-primary-20261009\books\56a1fad813b3bea7\pages\0102.jpg;a540c9797fb588cbf805e567b486994067c7f3b3a009c04796d8bb6c7b0d5ec2;Ожидается;Просмотрена обзорно;Не завершена;Нет
56a1fad813b3bea7-p0103-PAGE_CONTEXT;matematika_2kl_ch2_Muravyova_rus_2025.pdf;103;D:\ai-brain-data\visual-lexicon\belarus-primary-20261009\books\56a1fad813b3bea7\pages\0103.jpg;964e5311782ac77794fe13aa1d593baf59c7350baedd294af56ea98bc99b7d53;Ожидается;Просмотрена обзорно;Не завершена;Нет
56a1fad813b3bea7-p0104-PAGE_CONTEXT;matematika_2kl_ch2_Muravyova_rus_2025.pdf;104;D:\ai-brain-data\visual-lexicon\belarus-primary-20261009\books\56a1fad813b3bea7\pages\0104.jpg;6fb615e03cbca5e50b98de275b8a6dca597fbb2b417d791e99a96ecf5a2d0432;Ожидается;Просмотрена обзорно;Не завершена;Нет
56a1fad813b3bea7-p0105-PAGE_CONTEXT;matematika_2kl_ch2_Muravyova_rus_2025.pdf;105;D:\ai-brain-data\visual-lexicon\belarus-primary-20261009\books\56a1fad813b3bea7\pages\0105.jpg;f6f9e1bbc3aca80ccdd2982b07aba2ecffc44b14f101fd6e95b850427abf9faf;Ожидается;Просмотрена обзорно;Не завершена;Нет
56a1fad813b3bea7-p0106-PAGE_CONTEXT;matematika_2kl_ch2_Muravyova_rus_2025.pdf;106;D:\ai-brain-data\visual-lexicon\belarus-primary-20261009\books\56a1fad813b3bea7\pages\0106.jpg;a71826bc184e4ba0fd5cb7432979f71e4a4e152417f038050c27275f7e16b095;Ожидается;Просмотрена обзорно;Не завершена;Нет
56a1fad813b3bea7-p0107-PAGE_CONTEXT;matematika_2kl_ch2_Muravyova_rus_2025.pdf;107;D:\ai-brain-data\visual-lexicon\belarus-primary-20261009\books\56a1fad813b3bea7\pages\0107.jpg;a74f0ffbefd180706d68066952e0c7a1a062cbc298c8f17ab861eb8893998022;Ожидается;Просмотрена обзорно;Не завершена;Нет
56a1fad813b3bea7-p0108-PAGE_CONTEXT;matematika_2kl_ch2_Muravyova_rus_2025.pdf;108;D:\ai-brain-data\visual-lexicon\belarus-primary-20261009\books\56a1fad813b3bea7\pages\0108.jpg;0b885923c2c1d3d79a17f857faa9022af7e795ac5af058fca8b7855e71287b48;Ожидается;Просмотрена обзорно;Не завершена;Нет
56a1fad813b3bea7-p0109-PAGE_CONTEXT;matematika_2kl_ch2_Muravyova_rus_2025.pdf;109;D:\ai-brain-data\visual-lexicon\belarus-primary-20261009\books\56a1fad813b3bea7\pages\0109.jpg;75120fd4d51e867ba1159e25e7cfb5ac355c4b832bf6dcb6951c21f5a55d8b10;Ожидается;Просмотрена обзорно;Не завершена;Нет
56a1fad813b3bea7-p0110-PAGE_CONTEXT;matematika_2kl_ch2_Muravyova_rus_2025.pdf;110;D:\ai-brain-data\visual-lexicon\belarus-primary-20261009\books\56a1fad813b3bea7\pages\0110.jpg;57cacae326622722da7108472e3ebda85cdeb846a9131f0b21389908fe17f3ec;Ожидается;Просмотрена обзорно;Не завершена;Нет
56a1fad813b3bea7-p0111-PAGE_CONTEXT;matematika_2kl_ch2_Muravyova_rus_2025.pdf;111;D:\ai-brain-data\visual-lexicon\belarus-primary-20261009\books\56a1fad813b3bea7\pages\0111.jpg;61e18fb00f22cccc63147a5103f4da1fff90bf1893f79eb3eb4247a268106d6e;Ожидается;Просмотрена обзорно;Не завершена;Нет
56a1fad813b3bea7-p0112-PAGE_CONTEXT;matematika_2kl_ch2_Muravyova_rus_2025.pdf;112;D:\ai-brain-data\visual-lexicon\belarus-primary-20261009\books\56a1fad813b3bea7\pages\0112.jpg;42ec1e98032db60b868a8c8a89eb55226d47f7703f1809db156151182dac1997;Ожидается;Просмотрена обзорно;Не завершена;Нет
56a1fad813b3bea7-p0113-PAGE_CONTEXT;matematika_2kl_ch2_Muravyova_rus_2025.pdf;113;D:\ai-brain-data\visual-lexicon\belarus-primary-20261009\books\56a1fad813b3bea7\pages\0113.jpg;336473cb59b356e8714a164c8f098c298bb03ffd949d9929cd8c4b6aa900f950;Ожидается;Просмотрена обзорно;Не завершена;Нет
56a1fad813b3bea7-p0114-PAGE_CONTEXT;matematika_2kl_ch2_Muravyova_rus_2025.pdf;114;D:\ai-brain-data\visual-lexicon\belarus-primary-20261009\books\56a1fad813b3bea7\pages\0114.jpg;d5b3e564066adbed2777a3cce357310d3c15c06258913182ae515685dca71ba7;Ожидается;Просмотрена обзорно;Не завершена;Нет
56a1fad813b3bea7-p0115-PAGE_CONTEXT;matematika_2kl_ch2_Muravyova_rus_2025.pdf;115;D:\ai-brain-data\visual-lexicon\belarus-primary-20261009\books\56a1fad813b3bea7\pages\0115.jpg;ae1920bb6b844a9d116e2c7509bf5141497eabf36976c685592aaa5ff31a6125;Ожидается;Просмотрена обзорно;Не завершена;Нет
56a1fad813b3bea7-p0116-PAGE_CONTEXT;matematika_2kl_ch2_Muravyova_rus_2025.pdf;116;D:\ai-brain-data\visual-lexicon\belarus-primary-20261009\books\56a1fad813b3bea7\pages\0116.jpg;9f25255f3ce640995dbfad2e5386f2377233104344842cb47ae4a8bf8043064c;Просмотрено выборочно;Просмотрена обзорно;Не завершена;Нет
56a1fad813b3bea7-p0117-PAGE_CONTEXT;matematika_2kl_ch2_Muravyova_rus_2025.pdf;117;D:\ai-brain-data\visual-lexicon\belarus-primary-20261009\books\56a1fad813b3bea7\pages\0117.jpg;39a5e148af27d4b23b6737a438638b4bf6ea5f9ec8b024f3e2df9e330529c42f;Ожидается;Просмотрена обзорно;Не завершена;Нет
56a1fad813b3bea7-p0118-PAGE_CONTEXT;matematika_2kl_ch2_Muravyova_rus_2025.pdf;118;D:\ai-brain-data\visual-lexicon\belarus-primary-20261009\books\56a1fad813b3bea7\pages\0118.jpg;b02982342b988282e053863cc52b6ebaefdc07e767e03eff5cf24bad9df6fe1a;Ожидается;Просмотрена обзорно;Не завершена;Нет
56a1fad813b3bea7-p0119-PAGE_CONTEXT;matematika_2kl_ch2_Muravyova_rus_2025.pdf;119;D:\ai-brain-data\visual-lexicon\belarus-primary-20261009\books\56a1fad813b3bea7\pages\0119.jpg;e98a785df332d1a4afeb07d5d145c55899599b0598a405d5a70b61eacd261641;Ожидается;Просмотрена обзорно;Не завершена;Нет
56a1fad813b3bea7-p0120-PAGE_CONTEXT;matematika_2kl_ch2_Muravyova_rus_2025.pdf;120;D:\ai-brain-data\visual-lexicon\belarus-primary-20261009\books\56a1fad813b3bea7\pages\0120.jpg;24f2b28ed5630041931c88679e26f504f84dcc13f0e8393b792cefe6ed290176;Ожидается;Просмотрена обзорно;Не завершена;Нет
56a1fad813b3bea7-p0121-PAGE_CONTEXT;matematika_2kl_ch2_Muravyova_rus_2025.pdf;121;D:\ai-brain-data\visual-lexicon\belarus-primary-20261009\books\56a1fad813b3bea7\pages\0121.jpg;db70a25b353c8d5551f836a5fcff14c940fcccdeb8e7ec81cfe9347cf2e4bffb;Ожидается;Просмотрена обзорно;Не завершена;Нет
56a1fad813b3bea7-p0122-PAGE_CONTEXT;matematika_2kl_ch2_Muravyova_rus_2025.pdf;122;D:\ai-brain-data\visual-lexicon\belarus-primary-20261009\books\56a1fad813b3bea7\pages\0122.jpg;0768859a162fc67850d4afcc812f06c99f384259eb0efd09a3b8e8e668faf716;Ожидается;Просмотрена обзорно;Не завершена;Нет
56a1fad813b3bea7-p0123-PAGE_CONTEXT;matematika_2kl_ch2_Muravyova_rus_2025.pdf;123;D:\ai-brain-data\visual-lexicon\belarus-primary-20261009\books\56a1fad813b3bea7\pages\0123.jpg;f046c06ddcf1f276eddab3e77b88e0721de096704ba80ca0fb4af73812e54094;Ожидается;Просмотрена обзорно;Не завершена;Нет
56a1fad813b3bea7-p0124-PAGE_CONTEXT;matematika_2kl_ch2_Muravyova_rus_2025.pdf;124;D:\ai-brain-data\visual-lexicon\belarus-primary-20261009\books\56a1fad813b3bea7\pages\0124.jpg;e774eddf8d488baa8d17718ef045787eff1412e9e9f63e89b29b442c92e474eb;Ожидается;Просмотрена обзорно;Не завершена;Нет
56a1fad813b3bea7-p0125-PAGE_CONTEXT;matematika_2kl_ch2_Muravyova_rus_2025.pdf;125;D:\ai-brain-data\visual-lexicon\belarus-primary-20261009\books\56a1fad813b3bea7\pages\0125.jpg;8ef284e0735b6a84a540de4f2838fad7198657b2774afd9781e4c3e631cdf4ec;Ожидается;Просмотрена обзорно;Не завершена;Нет
56a1fad813b3bea7-p0126-PAGE_CONTEXT;matematika_2kl_ch2_Muravyova_rus_2025.pdf;126;D:\ai-brain-data\visual-lexicon\belarus-primary-20261009\books\56a1fad813b3bea7\pages\0126.jpg;527c12ca747ee6dedd465f3a30dbd861671275e6113251d520f8034c50346c42;Ожидается;Просмотрена обзорно;Не завершена;Нет
56a1fad813b3bea7-p0127-PAGE_CONTEXT;matematika_2kl_ch2_Muravyova_rus_2025.pdf;127;D:\ai-brain-data\visual-lexicon\belarus-primary-20261009\books\56a1fad813b3bea7\pages\0127.jpg;45a3703ecca916633042af846f7fc9d92ba6a8c0fbec63144fb91e8bd3e5ba61;Ожидается;Просмотрена обзорно;Не завершена;Нет
56a1fad813b3bea7-p0128-PAGE_CONTEXT;matematika_2kl_ch2_Muravyova_rus_2025.pdf;128;D:\ai-brain-data\visual-lexicon\belarus-primary-20261009\books\56a1fad813b3bea7\pages\0128.jpg;9a80405d02c98c77251c42d625d76813648134e9ddbb26b06f49361fb873f7b3;Ожидается;Просмотрена обзорно;Не завершена;Нет
56a1fad813b3bea7-p0129-PAGE_CONTEXT;matematika_2kl_ch2_Muravyova_rus_2025.pdf;129;D:\ai-brain-data\visual-lexicon\belarus-primary-20261009\books\56a1fad813b3bea7\pages\0129.jpg;ad797820cf6adbfcaad32752f4611e4cf125d1ffc94d7fb8fba31181db21dd4c;Ожидается;Просмотрена обзорно;Не завершена;Нет
56a1fad813b3bea7-p0130-PAGE_CONTEXT;matematika_2kl_ch2_Muravyova_rus_2025.pdf;130;D:\ai-brain-data\visual-lexicon\belarus-primary-20261009\books\56a1fad813b3bea7\pages\0130.jpg;998184066d817d616734874ebdb1c6ca116fc415846b41c1c0c8b95ff3887576;Ожидается;Просмотрена обзорно;Не завершена;Нет
56a1fad813b3bea7-p0131-PAGE_CONTEXT;matematika_2kl_ch2_Muravyova_rus_2025.pdf;131;D:\ai-brain-data\visual-lexicon\belarus-primary-20261009\books\56a1fad813b3bea7\pages\0131.jpg;583e885d5f5bb47a1af974d277134a9dca76d31e3de20783e46d06557547fb34;Ожидается;Просмотрена обзорно;Не завершена;Нет
56a1fad813b3bea7-p0132-PAGE_CONTEXT;matematika_2kl_ch2_Muravyova_rus_2025.pdf;132;D:\ai-brain-data\visual-lexicon\belarus-primary-20261009\books\56a1fad813b3bea7\pages\0132.jpg;124b7ec011770895c8c3536ce374ae1abdfb8659a7eda2a8c3c0bb8721d9cbe3;Ожидается;Просмотрена обзорно;Не завершена;Нет
56a1fad813b3bea7-p0133-PAGE_CONTEXT;matematika_2kl_ch2_Muravyova_rus_2025.pdf;133;D:\ai-brain-data\visual-lexicon\belarus-primary-20261009\books\56a1fad813b3bea7\pages\0133.jpg;f937edfbb4af20c9ffc6990bef685af691e9049c9ab6295864725033f1751a31;Ожидается;Просмотрена обзорно;Не завершена;Нет
56a1fad813b3bea7-p0134-PAGE_CONTEXT;matematika_2kl_ch2_Muravyova_rus_2025.pdf;134;D:\ai-brain-data\visual-lexicon\belarus-primary-20261009\books\56a1fad813b3bea7\pages\0134.jpg;4a855a1110abb40a16a629c3c693583845ebc9be623c5a0472d39d46a685e98d;Ожидается;Просмотрена обзорно;Не завершена;Нет
56a1fad813b3bea7-p0135-PAGE_CONTEXT;matematika_2kl_ch2_Muravyova_rus_2025.pdf;135;D:\ai-brain-data\visual-lexicon\belarus-primary-20261009\books\56a1fad813b3bea7\pages\0135.jpg;bd65122fabca6edc8daabace0dc934efefcf06d2bf6118aaddc822ccb82eb307;Ожидается;Просмотрена обзорно;Не завершена;Нет
56a1fad813b3bea7-p0136-PAGE_CONTEXT;matematika_2kl_ch2_Muravyova_rus_2025.pdf;136;D:\ai-brain-data\visual-lexicon\belarus-primary-20261009\books\56a1fad813b3bea7\pages\0136.jpg;8a2460eb8ac88651ecab60a005b041edd4f323388c5264a0af9cf2e0d7599444;Ожидается;Просмотрена обзорно;Не завершена;Нет
56a1fad813b3bea7-p0137-PAGE_CONTEXT;matematika_2kl_ch2_Muravyova_rus_2025.pdf;137;D:\ai-brain-data\visual-lexicon\belarus-primary-20261009\books\56a1fad813b3bea7\pages\0137.jpg;425609607ed8f803d6389ba0a85df523cb73d271e8669bdd4c79337ae04d3761;Ожидается;Просмотрена обзорно;Не завершена;Нет
56a1fad813b3bea7-p0138-PAGE_CONTEXT;matematika_2kl_ch2_Muravyova_rus_2025.pdf;138;D:\ai-brain-data\visual-lexicon\belarus-primary-20261009\books\56a1fad813b3bea7\pages\0138.jpg;24f79169ea20809bd8a2fcc7e6e772c1b6cd6fbea34ecd9cdb6545b1323dfb99;Ожидается;Просмотрена обзорно;Не завершена;Нет
56a1fad813b3bea7-p0139-PAGE_CONTEXT;matematika_2kl_ch2_Muravyova_rus_2025.pdf;139;D:\ai-brain-data\visual-lexicon\belarus-primary-20261009\books\56a1fad813b3bea7\pages\0139.jpg;69863795fa3696ee9af30634ea53c9d0b224f108989f27feae8690500f47a7e1;Ожидается;Просмотрена обзорно;Не завершена;Нет
56a1fad813b3bea7-p0140-PAGE_CONTEXT;matematika_2kl_ch2_Muravyova_rus_2025.pdf;140;D:\ai-brain-data\visual-lexicon\belarus-primary-20261009\books\56a1fad813b3bea7\pages\0140.jpg;fce1b284b9e4cb6475765ebb37e767d1eccb2a5de702214c95d6da74d71795b4;Просмотрено выборочно;Просмотрена обзорно;Не завершена;Нет
56a1fad813b3bea7-p0141-PAGE_CONTEXT;matematika_2kl_ch2_Muravyova_rus_2025.pdf;141;D:\ai-brain-data\visual-lexicon\belarus-primary-20261009\books\56a1fad813b3bea7\pages\0141.jpg;43d4ca09f190bccb8bfde396aa116d9715f370be5dcb9107a3767d30a9c26def;Ожидается;Просмотрена обзорно;Не завершена;Нет
56a1fad813b3bea7-p0142-PAGE_CONTEXT;matematika_2kl_ch2_Muravyova_rus_2025.pdf;142;D:\ai-brain-data\visual-lexicon\belarus-primary-20261009\books\56a1fad813b3bea7\pages\0142.jpg;ac984bfa9404bb30ad1a9a80b642efcbc10c1064bbac00df117d0f136259e9af;Ожидается;Просмотрена обзорно;Не завершена;Нет
56a1fad813b3bea7-p0143-PAGE_CONTEXT;matematika_2kl_ch2_Muravyova_rus_2025.pdf;143;D:\ai-brain-data\visual-lexicon\belarus-primary-20261009\books\56a1fad813b3bea7\pages\0143.jpg;a2a2c91c23fb04eebd98a7312ad73d8e831bc9ea5bb5fb1f12bb86ccfd860df8;Ожидается;Просмотрена обзорно;Не завершена;Нет
56a1fad813b3bea7-p0144-PAGE_CONTEXT;matematika_2kl_ch2_Muravyova_rus_2025.pdf;144;D:\ai-brain-data\visual-lexicon\belarus-primary-20261009\books\56a1fad813b3bea7\pages\0144.jpg;3c934b96e60c45f41b7b9d261e3b4a3e058241e730d18000d9bfa0a877f8331e;Ожидается;Просмотрена обзорно;Не завершена;Нет
56a1fad813b3bea7-p0145-PAGE_CONTEXT;matematika_2kl_ch2_Muravyova_rus_2025.pdf;145;D:\ai-brain-data\visual-lexicon\belarus-primary-20261009\books\56a1fad813b3bea7\pages\0145.jpg;75fd91b3a43a053bca2dbb28422597240a58be3c4feb5de90464bdf190b4e742;Ожидается;Просмотрена обзорно;Не завершена;Нет
56a1fad813b3bea7-p0146-PAGE_CONTEXT;matematika_2kl_ch2_Muravyova_rus_2025.pdf;146;D:\ai-brain-data\visual-lexicon\belarus-primary-20261009\books\56a1fad813b3bea7\pages\0146.jpg;b4a80680186cebcbb70b32a6d8187475eaa1113792aabba59eb8ae0dcaf41704;Ожидается;Просмотрена обзорно;Не завершена;Нет
56a1fad813b3bea7-p0147-PAGE_CONTEXT;matematika_2kl_ch2_Muravyova_rus_2025.pdf;147;D:\ai-brain-data\visual-lexicon\belarus-primary-20261009\books\56a1fad813b3bea7\pages\0147.jpg;3efe65fb6482c18f3dab55dab9f860cbd9f6532dc0806aff70b686ab5009f3d5;Ожидается;Просмотрена обзорно;Не завершена;Нет
56a1fad813b3bea7-p0148-PAGE_CONTEXT;matematika_2kl_ch2_Muravyova_rus_2025.pdf;148;D:\ai-brain-data\visual-lexicon\belarus-primary-20261009\books\56a1fad813b3bea7\pages\0148.jpg;ebcfd5292b4a870a03f7d07d8a73363454462c3dde62dff9e5b9416a4086ffff;Ожидается;Просмотрена обзорно;Не завершена;Нет
56a1fad813b3bea7-p0149-PAGE_CONTEXT;matematika_2kl_ch2_Muravyova_rus_2025.pdf;149;D:\ai-brain-data\visual-lexicon\belarus-primary-20261009\books\56a1fad813b3bea7\pages\0149.jpg;f2c3b9dde4f20cef6eb5908127ca47a7936324a27394365755df92c004d8aef3;Ожидается;Просмотрена обзорно;Не завершена;Нет
56a1fad813b3bea7-p0150-PAGE_CONTEXT;matematika_2kl_ch2_Muravyova_rus_2025.pdf;150;D:\ai-brain-data\visual-lexicon\belarus-primary-20261009\books\56a1fad813b3bea7\pages\0150.jpg;d76c7f48c8188e192a86941450fff21b55ac36b5f7e3d37e93f6fc055bc88a1d;Ожидается;Просмотрена обзорно;Не завершена;Нет
87b1e0db7b0b7831-p0001-PAGE_CONTEXT;matematika_2kl_1ch_Muravyova_rus_2025.pdf;1;D:\ai-brain-data\visual-lexicon\belarus-primary-20261009\geometry-corrections\87b1e0db7b0b7831\pages\0001.jpg;bd2e02b4a5fb62c6bdaa304abf75f7428255ed99afe2c1b00a435a65fbcf32b9;Ожидается;Просмотрена обзорно;Не завершена;Нет
87b1e0db7b0b7831-p0002-PAGE_CONTEXT;matematika_2kl_1ch_Muravyova_rus_2025.pdf;2;D:\ai-brain-data\visual-lexicon\belarus-primary-20261009\geometry-corrections\87b1e0db7b0b7831\pages\0002.jpg;a66fd235d6e58fbc19539386fd3ca2df1dea9893b24c3b47ed332f30fffd2893;Ожидается;Просмотрена обзорно;Не завершена;Нет
87b1e0db7b0b7831-p0003-PAGE_CONTEXT;matematika_2kl_1ch_Muravyova_rus_2025.pdf;3;D:\ai-brain-data\visual-lexicon\belarus-primary-20261009\geometry-corrections\87b1e0db7b0b7831\pages\0003.jpg;de2000d7497bb3babb95dd3bc0e0481fe0f0dc8ece6da1614e289d3312f3eb17;Ожидается;Просмотрена обзорно;Не завершена;Нет
87b1e0db7b0b7831-p0004-PAGE_CONTEXT;matematika_2kl_1ch_Muravyova_rus_2025.pdf;4;D:\ai-brain-data\visual-lexicon\belarus-primary-20261009\geometry-corrections\87b1e0db7b0b7831\pages\0004.jpg;72b948bb5c187bdeab4335001d217265bf1e7468432ac8386aeb34e554b3d69f;Ожидается;Просмотрена обзорно;Не завершена;Нет
87b1e0db7b0b7831-p0005-PAGE_CONTEXT;matematika_2kl_1ch_Muravyova_rus_2025.pdf;5;D:\ai-brain-data\visual-lexicon\belarus-primary-20261009\geometry-corrections\87b1e0db7b0b7831\pages\0005.jpg;1ec575947e6b19043cfc1af86817239d27a89fa20c32fb7c90a2336e73c0d78e;Ожидается;Просмотрена обзорно;Не завершена;Нет
87b1e0db7b0b7831-p0006-PAGE_CONTEXT;matematika_2kl_1ch_Muravyova_rus_2025.pdf;6;D:\ai-brain-data\visual-lexicon\belarus-primary-20261009\books\87b1e0db7b0b7831\pages\0006.jpg;13f2e2e3899de150ea932477589bc7216d225966f1b07614a28e229b6b4232f3;Ожидается;Просмотрена обзорно;Не завершена;Нет
87b1e0db7b0b7831-p0007-PAGE_CONTEXT;matematika_2kl_1ch_Muravyova_rus_2025.pdf;7;D:\ai-brain-data\visual-lexicon\belarus-primary-20261009\books\87b1e0db7b0b7831\pages\0007.jpg;57ee2d9cb64366193a1edc542bca131f977df9a43cd7194f385770656808cc6d;Ожидается;Просмотрена обзорно;Не завершена;Нет
87b1e0db7b0b7831-p0008-PAGE_CONTEXT;matematika_2kl_1ch_Muravyova_rus_2025.pdf;8;D:\ai-brain-data\visual-lexicon\belarus-primary-20261009\books\87b1e0db7b0b7831\pages\0008.jpg;5d0129901e1b3f39bda5c03926344eaebd2c6bcd4bbb9a170409f164e22684f4;Ожидается;Просмотрена обзорно;Не завершена;Нет
87b1e0db7b0b7831-p0009-PAGE_CONTEXT;matematika_2kl_1ch_Muravyova_rus_2025.pdf;9;D:\ai-brain-data\visual-lexicon\belarus-primary-20261009\books\87b1e0db7b0b7831\pages\0009.jpg;54d6e7ef34bc3a3d0d6f1ed7a77a5dfb1ac3bc4f3108aea3757a439fc7af3205;Ожидается;Просмотрена обзорно;Не завершена;Нет
87b1e0db7b0b7831-p0010-PAGE_CONTEXT;matematika_2kl_1ch_Muravyova_rus_2025.pdf;10;D:\ai-brain-data\visual-lexicon\belarus-primary-20261009\books\87b1e0db7b0b7831\pages\0010.jpg;958f10fb48fffa6ff379ebc11b2db6749d1d10bc6a6d76f93a925d23a39c01d8;Ожидается;Просмотрена обзорно;Не завершена;Нет
87b1e0db7b0b7831-p0011-PAGE_CONTEXT;matematika_2kl_1ch_Muravyova_rus_2025.pdf;11;D:\ai-brain-data\visual-lexicon\belarus-primary-20261009\books\87b1e0db7b0b7831\pages\0011.jpg;c81362642700525a2ccfba571cf779919bd007b3c20a12768fa326d9f32de1da;Ожидается;Просмотрена обзорно;Не завершена;Нет
87b1e0db7b0b7831-p0012-PAGE_CONTEXT;matematika_2kl_1ch_Muravyova_rus_2025.pdf;12;D:\ai-brain-data\visual-lexicon\belarus-primary-20261009\books\87b1e0db7b0b7831\pages\0012.jpg;7b5c944d4fc46feb64330a41909b954133f12cc11d3691147d3030680d264f14;Ожидается;Просмотрена обзорно;Не завершена;Нет
87b1e0db7b0b7831-p0013-PAGE_CONTEXT;matematika_2kl_1ch_Muravyova_rus_2025.pdf;13;D:\ai-brain-data\visual-lexicon\belarus-primary-20261009\books\87b1e0db7b0b7831\pages\0013.jpg;4a4c28baea4da84edcb1b4bb377de0e708ce66c43584b9167b2ab91de769de49;Ожидается;Просмотрена обзорно;Не завершена;Нет
87b1e0db7b0b7831-p0014-PAGE_CONTEXT;matematika_2kl_1ch_Muravyova_rus_2025.pdf;14;D:\ai-brain-data\visual-lexicon\belarus-primary-20261009\books\87b1e0db7b0b7831\pages\0014.jpg;9fd96bd29db29972910b8f8be6a5e68f7bf87312d98109e1d6027905d2d8e5e1;Ожидается;Просмотрена обзорно;Не завершена;Нет
87b1e0db7b0b7831-p0015-PAGE_CONTEXT;matematika_2kl_1ch_Muravyova_rus_2025.pdf;15;D:\ai-brain-data\visual-lexicon\belarus-primary-20261009\books\87b1e0db7b0b7831\pages\0015.jpg;7c4c4ccbb3ef09b9a748da9e17ea8bc8879605e9a5eb2e470cd67171646e736b;Ожидается;Просмотрена обзорно;Не завершена;Нет
87b1e0db7b0b7831-p0016-PAGE_CONTEXT;matematika_2kl_1ch_Muravyova_rus_2025.pdf;16;D:\ai-brain-data\visual-lexicon\belarus-primary-20261009\books\87b1e0db7b0b7831\pages\0016.jpg;f080e7433e2bcde6ccffb6af8efb18ce6433e320dfe61a35e95395af5dc09ede;Ожидается;Просмотрена обзорно;Не завершена;Нет
87b1e0db7b0b7831-p0017-PAGE_CONTEXT;matematika_2kl_1ch_Muravyova_rus_2025.pdf;17;D:\ai-brain-data\visual-lexicon\belarus-primary-20261009\books\87b1e0db7b0b7831\pages\0017.jpg;1836b43e042b54cc86a29f10be8fde535a980f9b428f7a0d49fb480df0894b70;Ожидается;Просмотрена обзорно;Не завершена;Нет
87b1e0db7b0b7831-p0018-PAGE_CONTEXT;matematika_2kl_1ch_Muravyova_rus_2025.pdf;18;D:\ai-brain-data\visual-lexicon\belarus-primary-20261009\books\87b1e0db7b0b7831\pages\0018.jpg;de247dd8de846c6019d6ca7b4d821ef2f3106e572a9c926025f647c561af5b90;Просмотрено выборочно;Просмотрена обзорно;Не завершена;Нет
87b1e0db7b0b7831-p0019-PAGE_CONTEXT;matematika_2kl_1ch_Muravyova_rus_2025.pdf;19;D:\ai-brain-data\visual-lexicon\belarus-primary-20261009\books\87b1e0db7b0b7831\pages\0019.jpg;fdd26ffda522237f43b0740024e34ced6d770f9f37175bff3838c35667b0a5f8;Ожидается;Просмотрена обзорно;Не завершена;Нет
87b1e0db7b0b7831-p0020-PAGE_CONTEXT;matematika_2kl_1ch_Muravyova_rus_2025.pdf;20;D:\ai-brain-data\visual-lexicon\belarus-primary-20261009\books\87b1e0db7b0b7831\pages\0020.jpg;a41760dc7973b8c6d1c51f9115fdc3c74555979b5bed96811a0a815f80811729;Ожидается;Просмотрена обзорно;Не завершена;Нет
87b1e0db7b0b7831-p0021-PAGE_CONTEXT;matematika_2kl_1ch_Muravyova_rus_2025.pdf;21;D:\ai-brain-data\visual-lexicon\belarus-primary-20261009\books\87b1e0db7b0b7831\pages\0021.jpg;8f29499567ef1e3064be14d3f68d6bc1f312b42198f58149934deb080a35654c;Ожидается;Просмотрена обзорно;Не завершена;Нет
87b1e0db7b0b7831-p0022-PAGE_CONTEXT;matematika_2kl_1ch_Muravyova_rus_2025.pdf;22;D:\ai-brain-data\visual-lexicon\belarus-primary-20261009\books\87b1e0db7b0b7831\pages\0022.jpg;42ec689fbe796d22b3995ef22c687eb21d6c3e1534a339aa07fde4233445eac9;Ожидается;Просмотрена обзорно;Не завершена;Нет
87b1e0db7b0b7831-p0023-PAGE_CONTEXT;matematika_2kl_1ch_Muravyova_rus_2025.pdf;23;D:\ai-brain-data\visual-lexicon\belarus-primary-20261009\books\87b1e0db7b0b7831\pages\0023.jpg;ac8c05022c08796461a9b159ae232bfaaf0dd246f4a5f1b7e1f83a5e17f8fd0b;Ожидается;Просмотрена обзорно;Не завершена;Нет
87b1e0db7b0b7831-p0024-PAGE_CONTEXT;matematika_2kl_1ch_Muravyova_rus_2025.pdf;24;D:\ai-brain-data\visual-lexicon\belarus-primary-20261009\books\87b1e0db7b0b7831\pages\0024.jpg;a3a77ea979044e402d7c54cb5bc07c5a3a20cdd415220e7e0338cfc1967a50b1;Ожидается;Просмотрена обзорно;Не завершена;Нет
87b1e0db7b0b7831-p0025-PAGE_CONTEXT;matematika_2kl_1ch_Muravyova_rus_2025.pdf;25;D:\ai-brain-data\visual-lexicon\belarus-primary-20261009\books\87b1e0db7b0b7831\pages\0025.jpg;df5deb16e331bd6c077540bb3c749888433877f1d5761552541ae33c4851a6d4;Ожидается;Просмотрена обзорно;Не завершена;Нет
87b1e0db7b0b7831-p0026-PAGE_CONTEXT;matematika_2kl_1ch_Muravyova_rus_2025.pdf;26;D:\ai-brain-data\visual-lexicon\belarus-primary-20261009\books\87b1e0db7b0b7831\pages\0026.jpg;26b7ef5baa2b692b9ef3d06260a052523473cbcf0341239a493c1f03994238e8;Ожидается;Просмотрена обзорно;Не завершена;Нет
87b1e0db7b0b7831-p0027-PAGE_CONTEXT;matematika_2kl_1ch_Muravyova_rus_2025.pdf;27;D:\ai-brain-data\visual-lexicon\belarus-primary-20261009\books\87b1e0db7b0b7831\pages\0027.jpg;ff485aec3c989743f6cb26bc038041eebdb847b73bd68c1fa37dac4851d40067;Ожидается;Просмотрена обзорно;Не завершена;Нет
87b1e0db7b0b7831-p0028-PAGE_CONTEXT;matematika_2kl_1ch_Muravyova_rus_2025.pdf;28;D:\ai-brain-data\visual-lexicon\belarus-primary-20261009\books\87b1e0db7b0b7831\pages\0028.jpg;29c2e5a4b302ad21446b8c6c5329b6028e4dad949ec2251303c4baddc1ba9d3e;Ожидается;Просмотрена обзорно;Не завершена;Нет
87b1e0db7b0b7831-p0029-PAGE_CONTEXT;matematika_2kl_1ch_Muravyova_rus_2025.pdf;29;D:\ai-brain-data\visual-lexicon\belarus-primary-20261009\books\87b1e0db7b0b7831\pages\0029.jpg;cb2cc703d3144a0941b9b1d9062b02107df360ee4875f36426f6d4f5f7b13b44;Ожидается;Просмотрена обзорно;Не завершена;Нет
87b1e0db7b0b7831-p0030-PAGE_CONTEXT;matematika_2kl_1ch_Muravyova_rus_2025.pdf;30;D:\ai-brain-data\visual-lexicon\belarus-primary-20261009\books\87b1e0db7b0b7831\pages\0030.jpg;f5a56af7c0081eef1fdf3bc392cc806f1508f8120c8913d2895638bf1069d2aa;Ожидается;Просмотрена обзорно;Не завершена;Нет
87b1e0db7b0b7831-p0031-PAGE_CONTEXT;matematika_2kl_1ch_Muravyova_rus_2025.pdf;31;D:\ai-brain-data\visual-lexicon\belarus-primary-20261009\books\87b1e0db7b0b7831\pages\0031.jpg;93bec113f6e4bf35c30d28f6dd4fc50c7a2c581895427cfe1c5ede18539d46ab;Ожидается;Просмотрена обзорно;Не завершена;Нет
87b1e0db7b0b7831-p0032-PAGE_CONTEXT;matematika_2kl_1ch_Muravyova_rus_2025.pdf;32;D:\ai-brain-data\visual-lexicon\belarus-primary-20261009\books\87b1e0db7b0b7831\pages\0032.jpg;2d5f158e02d4fb707f8b14d01f59453906994302c1eddd6b33361f78c02658eb;Просмотрено выборочно;Просмотрена обзорно;Не завершена;Нет
87b1e0db7b0b7831-p0033-PAGE_CONTEXT;matematika_2kl_1ch_Muravyova_rus_2025.pdf;33;D:\ai-brain-data\visual-lexicon\belarus-primary-20261009\books\87b1e0db7b0b7831\pages\0033.jpg;a51645a81e79453607cda6f93664353e7bfa5cde911312c6a4e7651aed5bfa6b;Ожидается;Просмотрена обзорно;Не завершена;Нет
87b1e0db7b0b7831-p0034-PAGE_CONTEXT;matematika_2kl_1ch_Muravyova_rus_2025.pdf;34;D:\ai-brain-data\visual-lexicon\belarus-primary-20261009\books\87b1e0db7b0b7831\pages\0034.jpg;83351e68d8249631d4997785acb9c5c278257ab4b1473e857979ebacfee9408e;Ожидается;Просмотрена обзорно;Не завершена;Нет
87b1e0db7b0b7831-p0035-PAGE_CONTEXT;matematika_2kl_1ch_Muravyova_rus_2025.pdf;35;D:\ai-brain-data\visual-lexicon\belarus-primary-20261009\books\87b1e0db7b0b7831\pages\0035.jpg;3ebb2f3046e6a20f3240abfd793763b51a5a5274a7055776a74cf6b205a5aa05;Ожидается;Просмотрена обзорно;Не завершена;Нет
87b1e0db7b0b7831-p0036-PAGE_CONTEXT;matematika_2kl_1ch_Muravyova_rus_2025.pdf;36;D:\ai-brain-data\visual-lexicon\belarus-primary-20261009\books\87b1e0db7b0b7831\pages\0036.jpg;934462a71babf71b394022df061c85089addd9d7557360f1e84b5f622ed4bbfd;Ожидается;Просмотрена обзорно;Не завершена;Нет
87b1e0db7b0b7831-p0037-PAGE_CONTEXT;matematika_2kl_1ch_Muravyova_rus_2025.pdf;37;D:\ai-brain-data\visual-lexicon\belarus-primary-20261009\books\87b1e0db7b0b7831\pages\0037.jpg;10c760d1bfb05c17d689e1287eb4785658cc5f9e1d21ed6ce959ce970dafac30;Ожидается;Просмотрена обзорно;Не завершена;Нет
87b1e0db7b0b7831-p0038-PAGE_CONTEXT;matematika_2kl_1ch_Muravyova_rus_2025.pdf;38;D:\ai-brain-data\visual-lexicon\belarus-primary-20261009\books\87b1e0db7b0b7831\pages\0038.jpg;ddbc6b27599f6298fb465c4dd95488058ca5b36c55c619ded63e49d7f8417881;Ожидается;Просмотрена обзорно;Не завершена;Нет
87b1e0db7b0b7831-p0039-PAGE_CONTEXT;matematika_2kl_1ch_Muravyova_rus_2025.pdf;39;D:\ai-brain-data\visual-lexicon\belarus-primary-20261009\books\87b1e0db7b0b7831\pages\0039.jpg;2bb5217b452448021db3063f3ce0cc06f05e1f32ec1a8f1de7bb3987bfd46379;Ожидается;Просмотрена обзорно;Не завершена;Нет
87b1e0db7b0b7831-p0040-PAGE_CONTEXT;matematika_2kl_1ch_Muravyova_rus_2025.pdf;40;D:\ai-brain-data\visual-lexicon\belarus-primary-20261009\books\87b1e0db7b0b7831\pages\0040.jpg;aee95a065710a350720bee4d9d8934864fd8b7986b53483132006c5cf33f94a2;Ожидается;Просмотрена обзорно;Не завершена;Нет
87b1e0db7b0b7831-p0041-PAGE_CONTEXT;matematika_2kl_1ch_Muravyova_rus_2025.pdf;41;D:\ai-brain-data\visual-lexicon\belarus-primary-20261009\books\87b1e0db7b0b7831\pages\0041.jpg;e2375900a5917b939a27af2f6abebdf822f0e0eac95d640a1f07527160199209;Ожидается;Просмотрена обзорно;Не завершена;Нет
87b1e0db7b0b7831-p0042-PAGE_CONTEXT;matematika_2kl_1ch_Muravyova_rus_2025.pdf;42;D:\ai-brain-data\visual-lexicon\belarus-primary-20261009\books\87b1e0db7b0b7831\pages\0042.jpg;3f0b11637d9b970a6f26a8e3a1da339a659eb5d7c194573b2aeb421d0ecd9f4f;Ожидается;Просмотрена обзорно;Не завершена;Нет
87b1e0db7b0b7831-p0043-PAGE_CONTEXT;matematika_2kl_1ch_Muravyova_rus_2025.pdf;43;D:\ai-brain-data\visual-lexicon\belarus-primary-20261009\books\87b1e0db7b0b7831\pages\0043.jpg;6d604a4d77e6d15893e75b8dd7dbd1fe4403e859891d7c62fb78cd0171ae291b;Ожидается;Просмотрена обзорно;Не завершена;Нет
87b1e0db7b0b7831-p0044-PAGE_CONTEXT;matematika_2kl_1ch_Muravyova_rus_2025.pdf;44;D:\ai-brain-data\visual-lexicon\belarus-primary-20261009\books\87b1e0db7b0b7831\pages\0044.jpg;21d93af24dd251c7c298bc17071e5a7efef2508dc4a04f7a68034e63f98e7518;Ожидается;Просмотрена обзорно;Не завершена;Нет
87b1e0db7b0b7831-p0045-PAGE_CONTEXT;matematika_2kl_1ch_Muravyova_rus_2025.pdf;45;D:\ai-brain-data\visual-lexicon\belarus-primary-20261009\books\87b1e0db7b0b7831\pages\0045.jpg;d8ba329289eaa017b33ed324f15b6f40e5ef5281c7b59439df41ba28f4e56945;Ожидается;Просмотрена обзорно;Не завершена;Нет
87b1e0db7b0b7831-p0046-PAGE_CONTEXT;matematika_2kl_1ch_Muravyova_rus_2025.pdf;46;D:\ai-brain-data\visual-lexicon\belarus-primary-20261009\books\87b1e0db7b0b7831\pages\0046.jpg;7c59106746c394bbcfbd22190af9495747c12144c68fe593cab9f374ef425882;Ожидается;Просмотрена обзорно;Не завершена;Нет
87b1e0db7b0b7831-p0047-PAGE_CONTEXT;matematika_2kl_1ch_Muravyova_rus_2025.pdf;47;D:\ai-brain-data\visual-lexicon\belarus-primary-20261009\books\87b1e0db7b0b7831\pages\0047.jpg;748a9974d183ce61a3033d83aa0c2820f7435f6a28a8b42e9c709362bc0c28ff;Ожидается;Просмотрена обзорно;Не завершена;Нет
87b1e0db7b0b7831-p0048-PAGE_CONTEXT;matematika_2kl_1ch_Muravyova_rus_2025.pdf;48;D:\ai-brain-data\visual-lexicon\belarus-primary-20261009\books\87b1e0db7b0b7831\pages\0048.jpg;05bbaee7b0de0561703cec069b041651bf179ffcad98d2e5f39dcf2b75cc1435;Просмотрено выборочно;Просмотрена обзорно;Не завершена;Нет
87b1e0db7b0b7831-p0049-PAGE_CONTEXT;matematika_2kl_1ch_Muravyova_rus_2025.pdf;49;D:\ai-brain-data\visual-lexicon\belarus-primary-20261009\books\87b1e0db7b0b7831\pages\0049.jpg;8c2255bfd9f71d9b5913a4732ab5bb1b4d4cd8ca59ffc1b7c7b79c729778dbe2;Ожидается;Просмотрена обзорно;Не завершена;Нет
87b1e0db7b0b7831-p0050-PAGE_CONTEXT;matematika_2kl_1ch_Muravyova_rus_2025.pdf;50;D:\ai-brain-data\visual-lexicon\belarus-primary-20261009\books\87b1e0db7b0b7831\pages\0050.jpg;79bc9d944dc95c1cf2d8649b4f606a287be087887a1a743dcb6f2d83fb361f24;Ожидается;Просмотрена обзорно;Не завершена;Нет
87b1e0db7b0b7831-p0051-PAGE_CONTEXT;matematika_2kl_1ch_Muravyova_rus_2025.pdf;51;D:\ai-brain-data\visual-lexicon\belarus-primary-20261009\books\87b1e0db7b0b7831\pages\0051.jpg;e5b25808017668b8ce8789815e651763c4e1729bdbf20677d53944fb45a10f00;Ожидается;Просмотрена обзорно;Не завершена;Нет
87b1e0db7b0b7831-p0052-PAGE_CONTEXT;matematika_2kl_1ch_Muravyova_rus_2025.pdf;52;D:\ai-brain-data\visual-lexicon\belarus-primary-20261009\books\87b1e0db7b0b7831\pages\0052.jpg;23c779dbec2c3a90510b7e254d7e3f16cdca0ac0309f9922a748b517b319f1e0;Ожидается;Просмотрена обзорно;Не завершена;Нет
87b1e0db7b0b7831-p0053-PAGE_CONTEXT;matematika_2kl_1ch_Muravyova_rus_2025.pdf;53;D:\ai-brain-data\visual-lexicon\belarus-primary-20261009\books\87b1e0db7b0b7831\pages\0053.jpg;e97cc0c0483797cf22c82f64394d81676317c6786c433cbcdf49a998b74f391d;Ожидается;Просмотрена обзорно;Не завершена;Нет
87b1e0db7b0b7831-p0054-PAGE_CONTEXT;matematika_2kl_1ch_Muravyova_rus_2025.pdf;54;D:\ai-brain-data\visual-lexicon\belarus-primary-20261009\books\87b1e0db7b0b7831\pages\0054.jpg;73919d2edacd51639e71394c085a448a31ce317069ab6ec15a84d1b1886691b1;Ожидается;Просмотрена обзорно;Не завершена;Нет
87b1e0db7b0b7831-p0055-PAGE_CONTEXT;matematika_2kl_1ch_Muravyova_rus_2025.pdf;55;D:\ai-brain-data\visual-lexicon\belarus-primary-20261009\books\87b1e0db7b0b7831\pages\0055.jpg;792ed7955d7174195c2929a227f2a36e4968928eb17e782c267917f5cfe39a83;Ожидается;Просмотрена обзорно;Не завершена;Нет
87b1e0db7b0b7831-p0056-PAGE_CONTEXT;matematika_2kl_1ch_Muravyova_rus_2025.pdf;56;D:\ai-brain-data\visual-lexicon\belarus-primary-20261009\books\87b1e0db7b0b7831\pages\0056.jpg;5f9855a41bc7b38a56238d164aba27da879486d447b2feab16e3509fdbc2777d;Ожидается;Просмотрена обзорно;Не завершена;Нет
87b1e0db7b0b7831-p0057-PAGE_CONTEXT;matematika_2kl_1ch_Muravyova_rus_2025.pdf;57;D:\ai-brain-data\visual-lexicon\belarus-primary-20261009\books\87b1e0db7b0b7831\pages\0057.jpg;f76af0309f5e2599ed87fa3dabf16cd2b6ae3a3167187022aaa294d970e6fef7;Ожидается;Просмотрена обзорно;Не завершена;Нет
87b1e0db7b0b7831-p0058-PAGE_CONTEXT;matematika_2kl_1ch_Muravyova_rus_2025.pdf;58;D:\ai-brain-data\visual-lexicon\belarus-primary-20261009\books\87b1e0db7b0b7831\pages\0058.jpg;9c2eb874bc9e85ab50a499e562354d3bcb0597808ad20f0c9693334369ff7eb4;Ожидается;Просмотрена обзорно;Не завершена;Нет
87b1e0db7b0b7831-p0059-PAGE_CONTEXT;matematika_2kl_1ch_Muravyova_rus_2025.pdf;59;D:\ai-brain-data\visual-lexicon\belarus-primary-20261009\books\87b1e0db7b0b7831\pages\0059.jpg;b42e524b6bebc0b1c2ff9497a98bcf8588761d78c2b0dddef942c79816dfe0cb;Ожидается;Просмотрена обзорно;Не завершена;Нет
87b1e0db7b0b7831-p0060-PAGE_CONTEXT;matematika_2kl_1ch_Muravyova_rus_2025.pdf;60;D:\ai-brain-data\visual-lexicon\belarus-primary-20261009\books\87b1e0db7b0b7831\pages\0060.jpg;f531342e305082fad80840c7b7115a7bf247eccf2f6adde9469a589580b5173c;Ожидается;Просмотрена обзорно;Не завершена;Нет
87b1e0db7b0b7831-p0061-PAGE_CONTEXT;matematika_2kl_1ch_Muravyova_rus_2025.pdf;61;D:\ai-brain-data\visual-lexicon\belarus-primary-20261009\books\87b1e0db7b0b7831\pages\0061.jpg;f4e03e536d9e365794e0eec6bd21b4d31dd8452e415dc5b3218ef32415f4a530;Ожидается;Просмотрена обзорно;Не завершена;Нет
87b1e0db7b0b7831-p0062-PAGE_CONTEXT;matematika_2kl_1ch_Muravyova_rus_2025.pdf;62;D:\ai-brain-data\visual-lexicon\belarus-primary-20261009\books\87b1e0db7b0b7831\pages\0062.jpg;2d783ad72db925f130c7d5a65d6d7a87d0d4a506cc381f924ecbdc5120d670af;Ожидается;Просмотрена обзорно;Не завершена;Нет
87b1e0db7b0b7831-p0063-PAGE_CONTEXT;matematika_2kl_1ch_Muravyova_rus_2025.pdf;63;D:\ai-brain-data\visual-lexicon\belarus-primary-20261009\books\87b1e0db7b0b7831\pages\0063.jpg;0c50aa68f9f3ca097cab36dd9c68666c0b4a4724c2a16afac56049756b41a233;Ожидается;Просмотрена обзорно;Не завершена;Нет
87b1e0db7b0b7831-p0064-PAGE_CONTEXT;matematika_2kl_1ch_Muravyova_rus_2025.pdf;64;D:\ai-brain-data\visual-lexicon\belarus-primary-20261009\books\87b1e0db7b0b7831\pages\0064.jpg;779fdb69b4a40bc1b6cbc426cfd3007937a535ebc9b3e803737d81e831371b6b;Просмотрено выборочно;Просмотрена обзорно;Не завершена;Нет
87b1e0db7b0b7831-p0065-PAGE_CONTEXT;matematika_2kl_1ch_Muravyova_rus_2025.pdf;65;D:\ai-brain-data\visual-lexicon\belarus-primary-20261009\books\87b1e0db7b0b7831\pages\0065.jpg;858640e105002cfe75ee289bcaa11e2961cf1fdcffcf3dd324ac07c9f688ba19;Ожидается;Просмотрена обзорно;Не завершена;Нет
87b1e0db7b0b7831-p0066-PAGE_CONTEXT;matematika_2kl_1ch_Muravyova_rus_2025.pdf;66;D:\ai-brain-data\visual-lexicon\belarus-primary-20261009\books\87b1e0db7b0b7831\pages\0066.jpg;4245153e2b1344647e93f5362add51ecdc09cad82855e353e5d83a48ab1e9915;Ожидается;Просмотрена обзорно;Не завершена;Нет
87b1e0db7b0b7831-p0067-PAGE_CONTEXT;matematika_2kl_1ch_Muravyova_rus_2025.pdf;67;D:\ai-brain-data\visual-lexicon\belarus-primary-20261009\books\87b1e0db7b0b7831\pages\0067.jpg;6392abbcc8baab85c2623772577245ad238ba19a4120e450e30726848def4eb7;Ожидается;Просмотрена обзорно;Не завершена;Нет
87b1e0db7b0b7831-p0068-PAGE_CONTEXT;matematika_2kl_1ch_Muravyova_rus_2025.pdf;68;D:\ai-brain-data\visual-lexicon\belarus-primary-20261009\books\87b1e0db7b0b7831\pages\0068.jpg;30bf2eaafbfe794d2a8aff1c3bcd870a9b7a8d6bf0d6dbf0ae5485dd91e36e8f;Ожидается;Просмотрена обзорно;Не завершена;Нет
87b1e0db7b0b7831-p0069-PAGE_CONTEXT;matematika_2kl_1ch_Muravyova_rus_2025.pdf;69;D:\ai-brain-data\visual-lexicon\belarus-primary-20261009\books\87b1e0db7b0b7831\pages\0069.jpg;4d310110c9c0e1c3523fe45b8cb662f0646961250d396d8592fb6c71a7e16def;Ожидается;Просмотрена обзорно;Не завершена;Нет
87b1e0db7b0b7831-p0070-PAGE_CONTEXT;matematika_2kl_1ch_Muravyova_rus_2025.pdf;70;D:\ai-brain-data\visual-lexicon\belarus-primary-20261009\books\87b1e0db7b0b7831\pages\0070.jpg;d3b23a59c19a0b4bb3a4b03d8fd35b09d4b99b078e1971163181278e929574dd;Ожидается;Просмотрена обзорно;Не завершена;Нет
87b1e0db7b0b7831-p0071-PAGE_CONTEXT;matematika_2kl_1ch_Muravyova_rus_2025.pdf;71;D:\ai-brain-data\visual-lexicon\belarus-primary-20261009\books\87b1e0db7b0b7831\pages\0071.jpg;8ee97e2207f7c50a0a1bdb4a561678420264b29b307f3fac6e15aa7d66328ad3;Ожидается;Просмотрена обзорно;Не завершена;Нет
87b1e0db7b0b7831-p0072-PAGE_CONTEXT;matematika_2kl_1ch_Muravyova_rus_2025.pdf;72;D:\ai-brain-data\visual-lexicon\belarus-primary-20261009\books\87b1e0db7b0b7831\pages\0072.jpg;89bd620703f1ac3e1b2d59190a9fd481a7411073a2e8568f4d9688b09a48d063;Ожидается;Просмотрена обзорно;Не завершена;Нет
87b1e0db7b0b7831-p0073-PAGE_CONTEXT;matematika_2kl_1ch_Muravyova_rus_2025.pdf;73;D:\ai-brain-data\visual-lexicon\belarus-primary-20261009\books\87b1e0db7b0b7831\pages\0073.jpg;a8a96f7a788ee5c31cfee19973d811123d6ceeb05c16b2d1e6302d017629c269;Ожидается;Просмотрена обзорно;Не завершена;Нет
87b1e0db7b0b7831-p0074-PAGE_CONTEXT;matematika_2kl_1ch_Muravyova_rus_2025.pdf;74;D:\ai-brain-data\visual-lexicon\belarus-primary-20261009\books\87b1e0db7b0b7831\pages\0074.jpg;71464311ae3a50946ca41fd2842a26faae9bda0eb8e204c9cc3ff718940265e5;Ожидается;Просмотрена обзорно;Не завершена;Нет
87b1e0db7b0b7831-p0075-PAGE_CONTEXT;matematika_2kl_1ch_Muravyova_rus_2025.pdf;75;D:\ai-brain-data\visual-lexicon\belarus-primary-20261009\books\87b1e0db7b0b7831\pages\0075.jpg;70bb0adabc9ea7f4f73ece2069723530afabbadf9f5bf4c3aaa65df4c5a0ab31;Ожидается;Просмотрена обзорно;Не завершена;Нет
87b1e0db7b0b7831-p0076-PAGE_CONTEXT;matematika_2kl_1ch_Muravyova_rus_2025.pdf;76;D:\ai-brain-data\visual-lexicon\belarus-primary-20261009\books\87b1e0db7b0b7831\pages\0076.jpg;2ee1958f0494614ea7a40c866684539c16f4a6b5031dbada6aa137dd8161fd55;Ожидается;Просмотрена обзорно;Не завершена;Нет
87b1e0db7b0b7831-p0077-PAGE_CONTEXT;matematika_2kl_1ch_Muravyova_rus_2025.pdf;77;D:\ai-brain-data\visual-lexicon\belarus-primary-20261009\books\87b1e0db7b0b7831\pages\0077.jpg;25bef2a7cee77f64b09b24c97744eac8f74155044c0ec24a3ca6936eac6a6cd2;Ожидается;Просмотрена обзорно;Не завершена;Нет
87b1e0db7b0b7831-p0078-PAGE_CONTEXT;matematika_2kl_1ch_Muravyova_rus_2025.pdf;78;D:\ai-brain-data\visual-lexicon\belarus-primary-20261009\books\87b1e0db7b0b7831\pages\0078.jpg;9ec9ada3f2a6dc579ddeaa2e4040079ccb7548fd799dfbfd5a2ee78fbbe37eae;Ожидается;Просмотрена обзорно;Не завершена;Нет
87b1e0db7b0b7831-p0079-PAGE_CONTEXT;matematika_2kl_1ch_Muravyova_rus_2025.pdf;79;D:\ai-brain-data\visual-lexicon\belarus-primary-20261009\books\87b1e0db7b0b7831\pages\0079.jpg;984ae9739104d16b62c064d76bf85f12520fa64551dd2c87ef348560b8b27b4a;Ожидается;Просмотрена обзорно;Не завершена;Нет
87b1e0db7b0b7831-p0080-PAGE_CONTEXT;matematika_2kl_1ch_Muravyova_rus_2025.pdf;80;D:\ai-brain-data\visual-lexicon\belarus-primary-20261009\books\87b1e0db7b0b7831\pages\0080.jpg;8f3e658e6be4579400a26abca715dc08a5b70a14591083bf015361f9d98c306d;Просмотрено выборочно;Просмотрена обзорно;Не завершена;Нет
87b1e0db7b0b7831-p0081-PAGE_CONTEXT;matematika_2kl_1ch_Muravyova_rus_2025.pdf;81;D:\ai-brain-data\visual-lexicon\belarus-primary-20261009\books\87b1e0db7b0b7831\pages\0081.jpg;b79ed20c75bf55f9e89faf00eedf397431909a6ae473cc16ea1e6335f411fdfe;Ожидается;Просмотрена обзорно;Не завершена;Нет
87b1e0db7b0b7831-p0082-PAGE_CONTEXT;matematika_2kl_1ch_Muravyova_rus_2025.pdf;82;D:\ai-brain-data\visual-lexicon\belarus-primary-20261009\books\87b1e0db7b0b7831\pages\0082.jpg;cd0992f650dd380a103271bd24c6227870334583f9bc4c33f79bf946cf86c51f;Ожидается;Просмотрена обзорно;Не завершена;Нет
87b1e0db7b0b7831-p0083-PAGE_CONTEXT;matematika_2kl_1ch_Muravyova_rus_2025.pdf;83;D:\ai-brain-data\visual-lexicon\belarus-primary-20261009\books\87b1e0db7b0b7831\pages\0083.jpg;4bc0d78f9b5b901264fe290a082ab57290539b6894ccb7f1c56eb7ee28a0ab6e;Ожидается;Просмотрена обзорно;Не завершена;Нет
87b1e0db7b0b7831-p0084-PAGE_CONTEXT;matematika_2kl_1ch_Muravyova_rus_2025.pdf;84;D:\ai-brain-data\visual-lexicon\belarus-primary-20261009\books\87b1e0db7b0b7831\pages\0084.jpg;e7f811ff14114ef9ece26de7ae37dea7dc0fbc3400ca35e6e66994c5e14e2e1a;Ожидается;Просмотрена обзорно;Не завершена;Нет
87b1e0db7b0b7831-p0085-PAGE_CONTEXT;matematika_2kl_1ch_Muravyova_rus_2025.pdf;85;D:\ai-brain-data\visual-lexicon\belarus-primary-20261009\books\87b1e0db7b0b7831\pages\0085.jpg;b41a3eb7c09f1f2d195a827a6915c128cd8063ffa695dffb4956add1c6d90c3f;Ожидается;Просмотрена обзорно;Не завершена;Нет
87b1e0db7b0b7831-p0086-PAGE_CONTEXT;matematika_2kl_1ch_Muravyova_rus_2025.pdf;86;D:\ai-brain-data\visual-lexicon\belarus-primary-20261009\books\87b1e0db7b0b7831\pages\0086.jpg;67e5bc490b40d4cca77a58f3bbba32b00f106ca69c7c076487d1653d5518ce41;Ожидается;Просмотрена обзорно;Не завершена;Нет
87b1e0db7b0b7831-p0087-PAGE_CONTEXT;matematika_2kl_1ch_Muravyova_rus_2025.pdf;87;D:\ai-brain-data\visual-lexicon\belarus-primary-20261009\books\87b1e0db7b0b7831\pages\0087.jpg;8d5801794de9d679cb2460f92390ad906bc22231d5f3193fe89fde99d6fc0459;Ожидается;Просмотрена обзорно;Не завершена;Нет
87b1e0db7b0b7831-p0088-PAGE_CONTEXT;matematika_2kl_1ch_Muravyova_rus_2025.pdf;88;D:\ai-brain-data\visual-lexicon\belarus-primary-20261009\books\87b1e0db7b0b7831\pages\0088.jpg;a7978a1612c1335a9eb305fa1f598b19f507052441124874a210a09f9a1e6c72;Ожидается;Просмотрена обзорно;Не завершена;Нет
87b1e0db7b0b7831-p0089-PAGE_CONTEXT;matematika_2kl_1ch_Muravyova_rus_2025.pdf;89;D:\ai-brain-data\visual-lexicon\belarus-primary-20261009\books\87b1e0db7b0b7831\pages\0089.jpg;347883796091ece9385127d3c8cd5a6feb85d79672452fc4dc3756790e2bfaf3;Ожидается;Просмотрена обзорно;Не завершена;Нет
87b1e0db7b0b7831-p0090-PAGE_CONTEXT;matematika_2kl_1ch_Muravyova_rus_2025.pdf;90;D:\ai-brain-data\visual-lexicon\belarus-primary-20261009\books\87b1e0db7b0b7831\pages\0090.jpg;7ec5d6903d21eaddc7414d76ae5453a900faca852df5c62414906537fe254364;Ожидается;Просмотрена обзорно;Не завершена;Нет
87b1e0db7b0b7831-p0091-PAGE_CONTEXT;matematika_2kl_1ch_Muravyova_rus_2025.pdf;91;D:\ai-brain-data\visual-lexicon\belarus-primary-20261009\books\87b1e0db7b0b7831\pages\0091.jpg;e1b08f56c9c45b3d0e43b787698070499f986641482248f3491895b5673a2f5c;Ожидается;Просмотрена обзорно;Не завершена;Нет
87b1e0db7b0b7831-p0092-PAGE_CONTEXT;matematika_2kl_1ch_Muravyova_rus_2025.pdf;92;D:\ai-brain-data\visual-lexicon\belarus-primary-20261009\books\87b1e0db7b0b7831\pages\0092.jpg;842405cf253e2ac6357e79c69eb4b7e701ca011387b91a563eba0af1cf3cff33;Ожидается;Просмотрена обзорно;Не завершена;Нет
87b1e0db7b0b7831-p0093-PAGE_CONTEXT;matematika_2kl_1ch_Muravyova_rus_2025.pdf;93;D:\ai-brain-data\visual-lexicon\belarus-primary-20261009\books\87b1e0db7b0b7831\pages\0093.jpg;79d46adf8a2353cf865f088715c136a6a00ed5c3241a53b67c6546082af651f1;Ожидается;Просмотрена обзорно;Не завершена;Нет
87b1e0db7b0b7831-p0094-PAGE_CONTEXT;matematika_2kl_1ch_Muravyova_rus_2025.pdf;94;D:\ai-brain-data\visual-lexicon\belarus-primary-20261009\books\87b1e0db7b0b7831\pages\0094.jpg;0510db9ad4cab6760d240d1fba19b7aa5d1175c638b91ba83d64190a2bde4589;Ожидается;Просмотрена обзорно;Не завершена;Нет
87b1e0db7b0b7831-p0095-PAGE_CONTEXT;matematika_2kl_1ch_Muravyova_rus_2025.pdf;95;D:\ai-brain-data\visual-lexicon\belarus-primary-20261009\books\87b1e0db7b0b7831\pages\0095.jpg;775cb55f92f822dfc6bb96d33738a8400d9b225607c5220ebbc9ae4f6b170d2d;Ожидается;Просмотрена обзорно;Не завершена;Нет
87b1e0db7b0b7831-p0096-PAGE_CONTEXT;matematika_2kl_1ch_Muravyova_rus_2025.pdf;96;D:\ai-brain-data\visual-lexicon\belarus-primary-20261009\books\87b1e0db7b0b7831\pages\0096.jpg;f1e78a34b8758b7f1be6ebbdcd9fdd86f49024229877ac37ad5d1be9f4aec9cc;Ожидается;Просмотрена обзорно;Не завершена;Нет
87b1e0db7b0b7831-p0097-PAGE_CONTEXT;matematika_2kl_1ch_Muravyova_rus_2025.pdf;97;D:\ai-brain-data\visual-lexicon\belarus-primary-20261009\books\87b1e0db7b0b7831\pages\0097.jpg;11b021605dda43d0e85c6e549357e69f3724740d816b37ba1cd96cf080ee7f53;Ожидается;Просмотрена обзорно;Не завершена;Нет
87b1e0db7b0b7831-p0098-PAGE_CONTEXT;matematika_2kl_1ch_Muravyova_rus_2025.pdf;98;D:\ai-brain-data\visual-lexicon\belarus-primary-20261009\books\87b1e0db7b0b7831\pages\0098.jpg;5b2ae86f67601530467fa5196cc7716f9a4785f70facddf2ad6bd421d7a4e918;Ожидается;Просмотрена обзорно;Не завершена;Нет
87b1e0db7b0b7831-p0099-PAGE_CONTEXT;matematika_2kl_1ch_Muravyova_rus_2025.pdf;99;D:\ai-brain-data\visual-lexicon\belarus-primary-20261009\books\87b1e0db7b0b7831\pages\0099.jpg;07df1bf29aa0adaed0dcd7739fc2bee6e68150517cca1edc59cac45042487f31;Ожидается;Просмотрена обзорно;Не завершена;Нет
87b1e0db7b0b7831-p0100-PAGE_CONTEXT;matematika_2kl_1ch_Muravyova_rus_2025.pdf;100;D:\ai-brain-data\visual-lexicon\belarus-primary-20261009\books\87b1e0db7b0b7831\pages\0100.jpg;a49c6eba28c8be5a451dd19ad56d4b4edabdf58fa904c9938ecde64e18ed306a;Просмотрено выборочно;Просмотрена обзорно;Не завершена;Нет
87b1e0db7b0b7831-p0101-PAGE_CONTEXT;matematika_2kl_1ch_Muravyova_rus_2025.pdf;101;D:\ai-brain-data\visual-lexicon\belarus-primary-20261009\books\87b1e0db7b0b7831\pages\0101.jpg;558cb63253c054a9bcdccd5f8c1ed181929880415a34d2908881527f57f04a4b;Ожидается;Просмотрена обзорно;Не завершена;Нет
87b1e0db7b0b7831-p0102-PAGE_CONTEXT;matematika_2kl_1ch_Muravyova_rus_2025.pdf;102;D:\ai-brain-data\visual-lexicon\belarus-primary-20261009\books\87b1e0db7b0b7831\pages\0102.jpg;7dc0647aaf13bf77c4ea87736bb73637b93b56d5582ea4156da1b1a14cf0f96f;Ожидается;Просмотрена обзорно;Не завершена;Нет
87b1e0db7b0b7831-p0103-PAGE_CONTEXT;matematika_2kl_1ch_Muravyova_rus_2025.pdf;103;D:\ai-brain-data\visual-lexicon\belarus-primary-20261009\books\87b1e0db7b0b7831\pages\0103.jpg;46d33610a948cc226013b42ba91e16dc72871505df2a7f9af603e5c31160e0b5;Ожидается;Просмотрена обзорно;Не завершена;Нет
87b1e0db7b0b7831-p0104-PAGE_CONTEXT;matematika_2kl_1ch_Muravyova_rus_2025.pdf;104;D:\ai-brain-data\visual-lexicon\belarus-primary-20261009\books\87b1e0db7b0b7831\pages\0104.jpg;7731f042ee2aeba25f662e86872bab81aaadf8f7cbde00851d64156118fcd44f;Ожидается;Просмотрена обзорно;Не завершена;Нет
87b1e0db7b0b7831-p0105-PAGE_CONTEXT;matematika_2kl_1ch_Muravyova_rus_2025.pdf;105;D:\ai-brain-data\visual-lexicon\belarus-primary-20261009\books\87b1e0db7b0b7831\pages\0105.jpg;ecf4b31ab1ee19095347dd057aec526ac5fcf49f6175cecf5b508bfeff509dc3;Ожидается;Просмотрена обзорно;Не завершена;Нет
87b1e0db7b0b7831-p0106-PAGE_CONTEXT;matematika_2kl_1ch_Muravyova_rus_2025.pdf;106;D:\ai-brain-data\visual-lexicon\belarus-primary-20261009\books\87b1e0db7b0b7831\pages\0106.jpg;0dd2511e83e2ba8a6fe1033e1414fbfe00f5fde25687b322cadd741012b0732f;Ожидается;Просмотрена обзорно;Не завершена;Нет
87b1e0db7b0b7831-p0107-PAGE_CONTEXT;matematika_2kl_1ch_Muravyova_rus_2025.pdf;107;D:\ai-brain-data\visual-lexicon\belarus-primary-20261009\books\87b1e0db7b0b7831\pages\0107.jpg;7c198876cce1a20d5d63117865dc99f9baf3f86e4415b072a6ca6a7ca549112f;Ожидается;Просмотрена обзорно;Не завершена;Нет
87b1e0db7b0b7831-p0108-PAGE_CONTEXT;matematika_2kl_1ch_Muravyova_rus_2025.pdf;108;D:\ai-brain-data\visual-lexicon\belarus-primary-20261009\books\87b1e0db7b0b7831\pages\0108.jpg;aa163f438bca89a2d8c5edd885d83fb0afea38f1bc1c83ba882c0203dda43c26;Ожидается;Просмотрена обзорно;Не завершена;Нет
87b1e0db7b0b7831-p0109-PAGE_CONTEXT;matematika_2kl_1ch_Muravyova_rus_2025.pdf;109;D:\ai-brain-data\visual-lexicon\belarus-primary-20261009\books\87b1e0db7b0b7831\pages\0109.jpg;c986060e2b259e4a1917584e43248b880f4784781c667ed9ef9620537de74a4d;Ожидается;Просмотрена обзорно;Не завершена;Нет
87b1e0db7b0b7831-p0110-PAGE_CONTEXT;matematika_2kl_1ch_Muravyova_rus_2025.pdf;110;D:\ai-brain-data\visual-lexicon\belarus-primary-20261009\books\87b1e0db7b0b7831\pages\0110.jpg;a26fc01aaba18a5d0f5f74af03b8b624aca40a0c535fd644121e95cefb6386ce;Ожидается;Просмотрена обзорно;Не завершена;Нет
87b1e0db7b0b7831-p0111-PAGE_CONTEXT;matematika_2kl_1ch_Muravyova_rus_2025.pdf;111;D:\ai-brain-data\visual-lexicon\belarus-primary-20261009\books\87b1e0db7b0b7831\pages\0111.jpg;99b848b7496f2aeebd3d55f10c14ffdc8d34c6c2302c6b7100afdb2e4f1b1d79;Ожидается;Просмотрена обзорно;Не завершена;Нет
87b1e0db7b0b7831-p0112-PAGE_CONTEXT;matematika_2kl_1ch_Muravyova_rus_2025.pdf;112;D:\ai-brain-data\visual-lexicon\belarus-primary-20261009\books\87b1e0db7b0b7831\pages\0112.jpg;9a6e1a40d887b0b208836b22442a39a3ad7f89ce1260abf0e1ea8fbca70b32f1;Ожидается;Просмотрена обзорно;Не завершена;Нет
87b1e0db7b0b7831-p0113-PAGE_CONTEXT;matematika_2kl_1ch_Muravyova_rus_2025.pdf;113;D:\ai-brain-data\visual-lexicon\belarus-primary-20261009\books\87b1e0db7b0b7831\pages\0113.jpg;efc2f13652201739ac68e39bf5a054ddc78f7a2ccbd94f99be03f27eafc8269b;Ожидается;Просмотрена обзорно;Не завершена;Нет
87b1e0db7b0b7831-p0114-PAGE_CONTEXT;matematika_2kl_1ch_Muravyova_rus_2025.pdf;114;D:\ai-brain-data\visual-lexicon\belarus-primary-20261009\books\87b1e0db7b0b7831\pages\0114.jpg;607ed8cbf2c236763105434da0b29c219dfca0a8526451ee0ce4d26368aed181;Ожидается;Просмотрена обзорно;Не завершена;Нет
87b1e0db7b0b7831-p0115-PAGE_CONTEXT;matematika_2kl_1ch_Muravyova_rus_2025.pdf;115;D:\ai-brain-data\visual-lexicon\belarus-primary-20261009\books\87b1e0db7b0b7831\pages\0115.jpg;7856c3102a85c995fef9004d48f67d58b59f34d7fba84be59213251a23c55da0;Ожидается;Просмотрена обзорно;Не завершена;Нет
87b1e0db7b0b7831-p0116-PAGE_CONTEXT;matematika_2kl_1ch_Muravyova_rus_2025.pdf;116;D:\ai-brain-data\visual-lexicon\belarus-primary-20261009\books\87b1e0db7b0b7831\pages\0116.jpg;1100c624ede61817cfbc53494228bd88c10d585c742fa1dd8f1e73ecbd04828c;Просмотрено выборочно;Просмотрена обзорно;Не завершена;Нет
87b1e0db7b0b7831-p0117-PAGE_CONTEXT;matematika_2kl_1ch_Muravyova_rus_2025.pdf;117;D:\ai-brain-data\visual-lexicon\belarus-primary-20261009\books\87b1e0db7b0b7831\pages\0117.jpg;92ea2d5dbc34881d93ed73fc0e70b09219ac7394d02668cf04ccaa8082e5049c;Ожидается;Просмотрена обзорно;Не завершена;Нет
87b1e0db7b0b7831-p0118-PAGE_CONTEXT;matematika_2kl_1ch_Muravyova_rus_2025.pdf;118;D:\ai-brain-data\visual-lexicon\belarus-primary-20261009\books\87b1e0db7b0b7831\pages\0118.jpg;e1d382e1a9be865a485f7e005a4d53e66bfc68f091c82622e3b6a58d616c69ee;Ожидается;Просмотрена обзорно;Не завершена;Нет
87b1e0db7b0b7831-p0119-PAGE_CONTEXT;matematika_2kl_1ch_Muravyova_rus_2025.pdf;119;D:\ai-brain-data\visual-lexicon\belarus-primary-20261009\books\87b1e0db7b0b7831\pages\0119.jpg;99f252e37cb31837adee078e4454d8a44a040fe849039f0c97511c787a48b272;Ожидается;Просмотрена обзорно;Не завершена;Нет
87b1e0db7b0b7831-p0120-PAGE_CONTEXT;matematika_2kl_1ch_Muravyova_rus_2025.pdf;120;D:\ai-brain-data\visual-lexicon\belarus-primary-20261009\books\87b1e0db7b0b7831\pages\0120.jpg;896ac243e4a7d514cd1db311bcf33d822724f2cbbc203e0b073da6c08b27425e;Ожидается;Просмотрена обзорно;Не завершена;Нет
87b1e0db7b0b7831-p0121-PAGE_CONTEXT;matematika_2kl_1ch_Muravyova_rus_2025.pdf;121;D:\ai-brain-data\visual-lexicon\belarus-primary-20261009\books\87b1e0db7b0b7831\pages\0121.jpg;e4850f3247f705824341003c3aa2a3a1845e63860a247f2363a7d7993b29f4f7;Ожидается;Просмотрена обзорно;Не завершена;Нет
87b1e0db7b0b7831-p0122-PAGE_CONTEXT;matematika_2kl_1ch_Muravyova_rus_2025.pdf;122;D:\ai-brain-data\visual-lexicon\belarus-primary-20261009\books\87b1e0db7b0b7831\pages\0122.jpg;48d1c8b04af6dc7699489d54c1ea5dcae86b4a7d0b01807ab1c1a5f69ceb4995;Ожидается;Просмотрена обзорно;Не завершена;Нет
87b1e0db7b0b7831-p0123-PAGE_CONTEXT;matematika_2kl_1ch_Muravyova_rus_2025.pdf;123;D:\ai-brain-data\visual-lexicon\belarus-primary-20261009\books\87b1e0db7b0b7831\pages\0123.jpg;8e33537b997c006e90fcda3807dd82390260a0348ecc74d4e512b08576e0bd59;Ожидается;Просмотрена обзорно;Не завершена;Нет
87b1e0db7b0b7831-p0124-PAGE_CONTEXT;matematika_2kl_1ch_Muravyova_rus_2025.pdf;124;D:\ai-brain-data\visual-lexicon\belarus-primary-20261009\books\87b1e0db7b0b7831\pages\0124.jpg;dab9ebb552b404e80e5a6eb3038b476bf092705361b5486ff12cd6b2d4af811f;Ожидается;Просмотрена обзорно;Не завершена;Нет
87b1e0db7b0b7831-p0125-PAGE_CONTEXT;matematika_2kl_1ch_Muravyova_rus_2025.pdf;125;D:\ai-brain-data\visual-lexicon\belarus-primary-20261009\books\87b1e0db7b0b7831\pages\0125.jpg;f22096e695a3bbcddf356352bb6de8932e7a158644e1dd2a4bef08104705e739;Ожидается;Просмотрена обзорно;Не завершена;Нет
87b1e0db7b0b7831-p0126-PAGE_CONTEXT;matematika_2kl_1ch_Muravyova_rus_2025.pdf;126;D:\ai-brain-data\visual-lexicon\belarus-primary-20261009\books\87b1e0db7b0b7831\pages\0126.jpg;366a4a9de10ba637d4a7ee6d666e66812ff1ef77b2c0d3f83362a08c95170b1b;Ожидается;Просмотрена обзорно;Не завершена;Нет
87b1e0db7b0b7831-p0127-PAGE_CONTEXT;matematika_2kl_1ch_Muravyova_rus_2025.pdf;127;D:\ai-brain-data\visual-lexicon\belarus-primary-20261009\books\87b1e0db7b0b7831\pages\0127.jpg;2b55e6612dd259209ee4ac8db05d8e72b8a3fd81eea0882064fd8ba97a06e00d;Ожидается;Просмотрена обзорно;Не завершена;Нет
87b1e0db7b0b7831-p0128-PAGE_CONTEXT;matematika_2kl_1ch_Muravyova_rus_2025.pdf;128;D:\ai-brain-data\visual-lexicon\belarus-primary-20261009\books\87b1e0db7b0b7831\pages\0128.jpg;3f21e576870ad61e4872eeabeb728ac77339e9f7e6271a450e3a07cae7135600;Ожидается;Просмотрена обзорно;Не завершена;Нет
87b1e0db7b0b7831-p0129-PAGE_CONTEXT;matematika_2kl_1ch_Muravyova_rus_2025.pdf;129;D:\ai-brain-data\visual-lexicon\belarus-primary-20261009\books\87b1e0db7b0b7831\pages\0129.jpg;2e5b4aeb743efa447f32371141f44aad6cf598fdfce78404630fcbd3adae2c78;Ожидается;Просмотрена обзорно;Не завершена;Нет
87b1e0db7b0b7831-p0130-PAGE_CONTEXT;matematika_2kl_1ch_Muravyova_rus_2025.pdf;130;D:\ai-brain-data\visual-lexicon\belarus-primary-20261009\books\87b1e0db7b0b7831\pages\0130.jpg;af10deb4dd3eb565a67b8218fc26ed1163d5e9515bd8e4f97de7b5f2fb48819c;Ожидается;Просмотрена обзорно;Не завершена;Нет
87b1e0db7b0b7831-p0131-PAGE_CONTEXT;matematika_2kl_1ch_Muravyova_rus_2025.pdf;131;D:\ai-brain-data\visual-lexicon\belarus-primary-20261009\books\87b1e0db7b0b7831\pages\0131.jpg;30375a6a71e2038d36d9d3f6809ff0a56511ebcd07988d955061ee62062bdf05;Ожидается;Просмотрена обзорно;Не завершена;Нет
87b1e0db7b0b7831-p0132-PAGE_CONTEXT;matematika_2kl_1ch_Muravyova_rus_2025.pdf;132;D:\ai-brain-data\visual-lexicon\belarus-primary-20261009\books\87b1e0db7b0b7831\pages\0132.jpg;b14b56901b7a3a3f5373dbb8bac0287393a7478ec65d19977f3154d18b0ede75;Ожидается;Просмотрена обзорно;Не завершена;Нет
87b1e0db7b0b7831-p0133-PAGE_CONTEXT;matematika_2kl_1ch_Muravyova_rus_2025.pdf;133;D:\ai-brain-data\visual-lexicon\belarus-primary-20261009\books\87b1e0db7b0b7831\pages\0133.jpg;e0228eb4ba0e6a2902aa7e856e5c886934372fecba4369076fb6abe238c82a9a;Ожидается;Просмотрена обзорно;Не завершена;Нет
87b1e0db7b0b7831-p0134-PAGE_CONTEXT;matematika_2kl_1ch_Muravyova_rus_2025.pdf;134;D:\ai-brain-data\visual-lexicon\belarus-primary-20261009\books\87b1e0db7b0b7831\pages\0134.jpg;fa09b29f1002e2784cec6d05b36c7fda1f5fe407e4b1caf76601c4ab0beee5f4;Ожидается;Просмотрена обзорно;Не завершена;Нет
87b1e0db7b0b7831-p0135-PAGE_CONTEXT;matematika_2kl_1ch_Muravyova_rus_2025.pdf;135;D:\ai-brain-data\visual-lexicon\belarus-primary-20261009\books\87b1e0db7b0b7831\pages\0135.jpg;7102515571803397b7f9aefff497d229195ad9ceee1130d2702c8a73dcbd816b;Ожидается;Просмотрена обзорно;Не завершена;Нет
87b1e0db7b0b7831-p0136-PAGE_CONTEXT;matematika_2kl_1ch_Muravyova_rus_2025.pdf;136;D:\ai-brain-data\visual-lexicon\belarus-primary-20261009\books\87b1e0db7b0b7831\pages\0136.jpg;defbda420a161889d76a15971f6b817dc8e0bc73d5f4f6628832801b95dda025;Ожидается;Просмотрена обзорно;Не завершена;Нет
87b1e0db7b0b7831-p0137-PAGE_CONTEXT;matematika_2kl_1ch_Muravyova_rus_2025.pdf;137;D:\ai-brain-data\visual-lexicon\belarus-primary-20261009\books\87b1e0db7b0b7831\pages\0137.jpg;d1eff6e4f61824be2715e3a53602b07bc37ed65411db41b59f088123c7676dd5;Ожидается;Просмотрена обзорно;Не завершена;Нет
87b1e0db7b0b7831-p0138-PAGE_CONTEXT;matematika_2kl_1ch_Muravyova_rus_2025.pdf;138;D:\ai-brain-data\visual-lexicon\belarus-primary-20261009\books\87b1e0db7b0b7831\pages\0138.jpg;cb3a6441dd75d39695791395d5d6b5ca743f3e6c7a460202881446c07bd01d88;Ожидается;Просмотрена обзорно;Не завершена;Нет
87b1e0db7b0b7831-p0139-PAGE_CONTEXT;matematika_2kl_1ch_Muravyova_rus_2025.pdf;139;D:\ai-brain-data\visual-lexicon\belarus-primary-20261009\books\87b1e0db7b0b7831\pages\0139.jpg;3a500ee56b97a356df9cb75d88051d99cd902031ffbda75861229e258fcac7de;Ожидается;Просмотрена обзорно;Не завершена;Нет
87b1e0db7b0b7831-p0140-PAGE_CONTEXT;matematika_2kl_1ch_Muravyova_rus_2025.pdf;140;D:\ai-brain-data\visual-lexicon\belarus-primary-20261009\books\87b1e0db7b0b7831\pages\0140.jpg;2d3a46505e666ae69f763d6b9371bef7032b3c850b83da2844ffd93ee1b520c6;Просмотрено выборочно;Просмотрена обзорно;Не завершена;Нет
87b1e0db7b0b7831-p0141-PAGE_CONTEXT;matematika_2kl_1ch_Muravyova_rus_2025.pdf;141;D:\ai-brain-data\visual-lexicon\belarus-primary-20261009\books\87b1e0db7b0b7831\pages\0141.jpg;7d05210a52721d278f8c4857bef972c6ddedff2f2b5aed985e84dc03c5252d1f;Ожидается;Просмотрена обзорно;Не завершена;Нет
87b1e0db7b0b7831-p0142-PAGE_CONTEXT;matematika_2kl_1ch_Muravyova_rus_2025.pdf;142;D:\ai-brain-data\visual-lexicon\belarus-primary-20261009\books\87b1e0db7b0b7831\pages\0142.jpg;e49509bfbe18fb7b40a964c20c0f5e042898b0f680e402d6c5c86e6031c610c6;Ожидается;Просмотрена обзорно;Не завершена;Нет
87b1e0db7b0b7831-p0143-PAGE_CONTEXT;matematika_2kl_1ch_Muravyova_rus_2025.pdf;143;D:\ai-brain-data\visual-lexicon\belarus-primary-20261009\books\87b1e0db7b0b7831\pages\0143.jpg;8eaa82b6027870ef0e2116adec88100c4b0238c2964c36b30b7566b3083b531d;Ожидается;Просмотрена обзорно;Не завершена;Нет
87b1e0db7b0b7831-p0144-PAGE_CONTEXT;matematika_2kl_1ch_Muravyova_rus_2025.pdf;144;D:\ai-brain-data\visual-lexicon\belarus-primary-20261009\books\87b1e0db7b0b7831\pages\0144.jpg;f6662a6cf3ef45966c5d3cdbc3ca461830d887ba65696ddb06994645cdde48b6;Ожидается;Просмотрена обзорно;Не завершена;Нет
87b1e0db7b0b7831-p0145-PAGE_CONTEXT;matematika_2kl_1ch_Muravyova_rus_2025.pdf;145;D:\ai-brain-data\visual-lexicon\belarus-primary-20261009\books\87b1e0db7b0b7831\pages\0145.jpg;ec3019a6e1414854079de979bc633f22b714854566fcb14a99712e9a40f8cf92;Ожидается;Просмотрена обзорно;Не завершена;Нет
87b1e0db7b0b7831-p0146-PAGE_CONTEXT;matematika_2kl_1ch_Muravyova_rus_2025.pdf;146;D:\ai-brain-data\visual-lexicon\belarus-primary-20261009\books\87b1e0db7b0b7831\pages\0146.jpg;7dfa0c5ed96c66c736112c81364bd8e8922bd387950daa0b614192860379a7bc;Ожидается;Просмотрена обзорно;Не завершена;Нет
87b1e0db7b0b7831-p0147-PAGE_CONTEXT;matematika_2kl_1ch_Muravyova_rus_2025.pdf;147;D:\ai-brain-data\visual-lexicon\belarus-primary-20261009\books\87b1e0db7b0b7831\pages\0147.jpg;0867d9e17412eebe13100d76429564f2ee9dbab614c6531a5967e7bc693edd08;Ожидается;Просмотрена обзорно;Не завершена;Нет
87b1e0db7b0b7831-p0148-PAGE_CONTEXT;matematika_2kl_1ch_Muravyova_rus_2025.pdf;148;D:\ai-brain-data\visual-lexicon\belarus-primary-20261009\books\87b1e0db7b0b7831\pages\0148.jpg;6fe18dfe8bf4ab103b700dc83694d5caf9a0a588e3a01bbc4c44f3e0afb58b68;Ожидается;Просмотрена обзорно;Не завершена;Нет
87b1e0db7b0b7831-p0149-PAGE_CONTEXT;matematika_2kl_1ch_Muravyova_rus_2025.pdf;149;D:\ai-brain-data\visual-lexicon\belarus-primary-20261009\books\87b1e0db7b0b7831\pages\0149.jpg;03151839f2479a64edbf2f25031b6309bbc557902cb258ff1f9819c633588e15;Ожидается;Просмотрена обзорно;Не завершена;Нет
87b1e0db7b0b7831-p0150-PAGE_CONTEXT;matematika_2kl_1ch_Muravyova_rus_2025.pdf;150;D:\ai-brain-data\visual-lexicon\belarus-primary-20261009\books\87b1e0db7b0b7831\pages\0150.jpg;5504736d13edddf53631956591f2dd18176214e38a1038ca5807b34d74264d72;Ожидается;Просмотрена обзорно;Не завершена;Нет
a292fba568b1fcc2-p0001-PAGE_CONTEXT;Rus_yaz_2kl_ch2_Guleckaya_rus_2022.pdf;1;D:\ai-brain-data\visual-lexicon\belarus-primary-20261009\books\a292fba568b1fcc2\pages\0001.jpg;e17b50b4247417bbc773ad7984ca5dc0c5770149a371e8a6e2a141a7865bf4ba;Ожидается;Просмотрена обзорно;Не завершена;Нет
a292fba568b1fcc2-p0002-PAGE_CONTEXT;Rus_yaz_2kl_ch2_Guleckaya_rus_2022.pdf;2;D:\ai-brain-data\visual-lexicon\belarus-primary-20261009\books\a292fba568b1fcc2\pages\0002.jpg;b823e73f607a9e9e962555b9bf58c674bce905d44370bb9eff1e1fa43e7dfeab;Ожидается;Просмотрена обзорно;Не завершена;Нет
a292fba568b1fcc2-p0003-PAGE_CONTEXT;Rus_yaz_2kl_ch2_Guleckaya_rus_2022.pdf;3;D:\ai-brain-data\visual-lexicon\belarus-primary-20261009\books\a292fba568b1fcc2\pages\0003.jpg;249b9dc7f457ba0992ab6ef274f6c517161572773d78b3fafe171ee1aa306287;Ожидается;Просмотрена обзорно;Не завершена;Нет
a292fba568b1fcc2-p0004-PAGE_CONTEXT;Rus_yaz_2kl_ch2_Guleckaya_rus_2022.pdf;4;D:\ai-brain-data\visual-lexicon\belarus-primary-20261009\books\a292fba568b1fcc2\pages\0004.jpg;e6bf363108ccf4a8b7addaeb4bbb7da262e7474e55c9e24ed2f78ff14ab148d2;Ожидается;Просмотрена обзорно;Не завершена;Нет
a292fba568b1fcc2-p0005-PAGE_CONTEXT;Rus_yaz_2kl_ch2_Guleckaya_rus_2022.pdf;5;D:\ai-brain-data\visual-lexicon\belarus-primary-20261009\books\a292fba568b1fcc2\pages\0005.jpg;94cef8d5b37e2338edf55e536a09319cd8d03c9db0a128d722e534076ef17472;Ожидается;Просмотрена обзорно;Не завершена;Нет
a292fba568b1fcc2-p0006-PAGE_CONTEXT;Rus_yaz_2kl_ch2_Guleckaya_rus_2022.pdf;6;D:\ai-brain-data\visual-lexicon\belarus-primary-20261009\books\a292fba568b1fcc2\pages\0006.jpg;cc63eac3f6828a7941ea13a3210b4c19dbd7c77a8cabcaade8ced4f30e8148a9;Ожидается;Просмотрена обзорно;Не завершена;Нет
a292fba568b1fcc2-p0007-PAGE_CONTEXT;Rus_yaz_2kl_ch2_Guleckaya_rus_2022.pdf;7;D:\ai-brain-data\visual-lexicon\belarus-primary-20261009\books\a292fba568b1fcc2\pages\0007.jpg;80dd1c8d4c8aecc6cfb0f68b68a381c855f64964f99f409b9891b193eb2cd3c1;Ожидается;Просмотрена обзорно;Не завершена;Нет
a292fba568b1fcc2-p0008-PAGE_CONTEXT;Rus_yaz_2kl_ch2_Guleckaya_rus_2022.pdf;8;D:\ai-brain-data\visual-lexicon\belarus-primary-20261009\books\a292fba568b1fcc2\pages\0008.jpg;78d015ea04a65950de4f501b775cb7ea93369647ed9dc45d8228d552edd68b29;Ожидается;Просмотрена обзорно;Не завершена;Нет
a292fba568b1fcc2-p0009-PAGE_CONTEXT;Rus_yaz_2kl_ch2_Guleckaya_rus_2022.pdf;9;D:\ai-brain-data\visual-lexicon\belarus-primary-20261009\books\a292fba568b1fcc2\pages\0009.jpg;aff1586baa404538fda84892740d48dc694401a464378796dd91f359a16c6dbe;Ожидается;Просмотрена обзорно;Не завершена;Нет
a292fba568b1fcc2-p0010-PAGE_CONTEXT;Rus_yaz_2kl_ch2_Guleckaya_rus_2022.pdf;10;D:\ai-brain-data\visual-lexicon\belarus-primary-20261009\books\a292fba568b1fcc2\pages\0010.jpg;2b56d14867c2c8a6c561e22a03ab1c7178faf906be41807691cd45755298ea77;Просмотрено выборочно;Просмотрена обзорно;Не завершена;Нет
a292fba568b1fcc2-p0011-PAGE_CONTEXT;Rus_yaz_2kl_ch2_Guleckaya_rus_2022.pdf;11;D:\ai-brain-data\visual-lexicon\belarus-primary-20261009\books\a292fba568b1fcc2\pages\0011.jpg;c0e3c23c1981cd36e61b8f69f64d0ede64c9a4faa28bf28f3750cfa3b04e535e;Ожидается;Просмотрена обзорно;Не завершена;Нет
a292fba568b1fcc2-p0012-PAGE_CONTEXT;Rus_yaz_2kl_ch2_Guleckaya_rus_2022.pdf;12;D:\ai-brain-data\visual-lexicon\belarus-primary-20261009\books\a292fba568b1fcc2\pages\0012.jpg;40b58d1f5665393ba9d97b49766f35286aeaf4b549fdfecfca9f71df4439ed86;Ожидается;Просмотрена обзорно;Не завершена;Нет
a292fba568b1fcc2-p0013-PAGE_CONTEXT;Rus_yaz_2kl_ch2_Guleckaya_rus_2022.pdf;13;D:\ai-brain-data\visual-lexicon\belarus-primary-20261009\books\a292fba568b1fcc2\pages\0013.jpg;22b820c3d82fd3a970dd79bbca08c41072ce03d1475139bb60da0a0473fd48bd;Ожидается;Просмотрена обзорно;Не завершена;Нет
a292fba568b1fcc2-p0014-PAGE_CONTEXT;Rus_yaz_2kl_ch2_Guleckaya_rus_2022.pdf;14;D:\ai-brain-data\visual-lexicon\belarus-primary-20261009\books\a292fba568b1fcc2\pages\0014.jpg;5f23c193c818559e76b595dcc2fda9bee12c4eb934d375a984cc8bfd559ab0a9;Ожидается;Просмотрена обзорно;Не завершена;Нет
a292fba568b1fcc2-p0015-PAGE_CONTEXT;Rus_yaz_2kl_ch2_Guleckaya_rus_2022.pdf;15;D:\ai-brain-data\visual-lexicon\belarus-primary-20261009\books\a292fba568b1fcc2\pages\0015.jpg;4b77ff1b8f5cb40c3c784c7622af72baee29c388fd2b02ff71a8683ce927b825;Ожидается;Просмотрена обзорно;Не завершена;Нет
a292fba568b1fcc2-p0016-PAGE_CONTEXT;Rus_yaz_2kl_ch2_Guleckaya_rus_2022.pdf;16;D:\ai-brain-data\visual-lexicon\belarus-primary-20261009\books\a292fba568b1fcc2\pages\0016.jpg;f33d90afd6307472aca7d89872519fd85a1e5add417e6e651e9ce0a57a875bd1;Ожидается;Просмотрена обзорно;Не завершена;Нет
a292fba568b1fcc2-p0017-PAGE_CONTEXT;Rus_yaz_2kl_ch2_Guleckaya_rus_2022.pdf;17;D:\ai-brain-data\visual-lexicon\belarus-primary-20261009\books\a292fba568b1fcc2\pages\0017.jpg;b3bcb6c6f14660ab4b42d72523f4bb35af5fc20e309fdd39492647a50ecf6319;Ожидается;Просмотрена обзорно;Не завершена;Нет
a292fba568b1fcc2-p0018-PAGE_CONTEXT;Rus_yaz_2kl_ch2_Guleckaya_rus_2022.pdf;18;D:\ai-brain-data\visual-lexicon\belarus-primary-20261009\books\a292fba568b1fcc2\pages\0018.jpg;04938624a0b8172db4aea86bccdd4998ca721b5c69f54b4fe0798448fc9e5cb9;Ожидается;Просмотрена обзорно;Не завершена;Нет
a292fba568b1fcc2-p0019-PAGE_CONTEXT;Rus_yaz_2kl_ch2_Guleckaya_rus_2022.pdf;19;D:\ai-brain-data\visual-lexicon\belarus-primary-20261009\books\a292fba568b1fcc2\pages\0019.jpg;e556ecc805483be822566e4192879a74c05e9f7b5671c6a97e11d7eab91fd94a;Ожидается;Просмотрена обзорно;Не завершена;Нет
a292fba568b1fcc2-p0020-PAGE_CONTEXT;Rus_yaz_2kl_ch2_Guleckaya_rus_2022.pdf;20;D:\ai-brain-data\visual-lexicon\belarus-primary-20261009\books\a292fba568b1fcc2\pages\0020.jpg;4e2f1b3093579cfa357b24bd08cd3d20842e05bdef2ff97c322d4c603a84a2ce;Ожидается;Просмотрена обзорно;Не завершена;Нет
a292fba568b1fcc2-p0021-PAGE_CONTEXT;Rus_yaz_2kl_ch2_Guleckaya_rus_2022.pdf;21;D:\ai-brain-data\visual-lexicon\belarus-primary-20261009\books\a292fba568b1fcc2\pages\0021.jpg;6ca81b76234d439a34ee50c50fa9d67641c3ba63b89935e18e79e1418fb51c83;Ожидается;Просмотрена обзорно;Не завершена;Нет
a292fba568b1fcc2-p0022-PAGE_CONTEXT;Rus_yaz_2kl_ch2_Guleckaya_rus_2022.pdf;22;D:\ai-brain-data\visual-lexicon\belarus-primary-20261009\books\a292fba568b1fcc2\pages\0022.jpg;cdb3b67f7d2d7aec3f1b655bfd6b2c4c6b35eddf5caffd1d2b42f5832946d7b4;Ожидается;Просмотрена обзорно;Не завершена;Нет
a292fba568b1fcc2-p0023-PAGE_CONTEXT;Rus_yaz_2kl_ch2_Guleckaya_rus_2022.pdf;23;D:\ai-brain-data\visual-lexicon\belarus-primary-20261009\books\a292fba568b1fcc2\pages\0023.jpg;11f2d132f2cd99804d169e3931dbef8814eb793bd761b66d3605a8fbfda52024;Ожидается;Просмотрена обзорно;Не завершена;Нет
a292fba568b1fcc2-p0024-PAGE_CONTEXT;Rus_yaz_2kl_ch2_Guleckaya_rus_2022.pdf;24;D:\ai-brain-data\visual-lexicon\belarus-primary-20261009\books\a292fba568b1fcc2\pages\0024.jpg;5c9edd315700b0fc97ee9e7e4747e2773760cc68691f1caf02c91aa11b7421e9;Ожидается;Просмотрена обзорно;Не завершена;Нет
a292fba568b1fcc2-p0025-PAGE_CONTEXT;Rus_yaz_2kl_ch2_Guleckaya_rus_2022.pdf;25;D:\ai-brain-data\visual-lexicon\belarus-primary-20261009\books\a292fba568b1fcc2\pages\0025.jpg;ef4cc20c8e50c6c05bd0c66d9f3a2e0bbcb9cd1c42a89dedf3e8f9b1eb849220;Ожидается;Просмотрена обзорно;Не завершена;Нет
a292fba568b1fcc2-p0026-PAGE_CONTEXT;Rus_yaz_2kl_ch2_Guleckaya_rus_2022.pdf;26;D:\ai-brain-data\visual-lexicon\belarus-primary-20261009\books\a292fba568b1fcc2\pages\0026.jpg;f9a285a4028366e49bfb05e3eecfd8d71b77491e8b0fe5a1531fddbd20a2eba4;Ожидается;Просмотрена обзорно;Не завершена;Нет
a292fba568b1fcc2-p0027-PAGE_CONTEXT;Rus_yaz_2kl_ch2_Guleckaya_rus_2022.pdf;27;D:\ai-brain-data\visual-lexicon\belarus-primary-20261009\books\a292fba568b1fcc2\pages\0027.jpg;630ee974323e116efd3b49f005514f70699e91840b402be51937a1bf3a150480;Ожидается;Просмотрена обзорно;Не завершена;Нет
a292fba568b1fcc2-p0028-PAGE_CONTEXT;Rus_yaz_2kl_ch2_Guleckaya_rus_2022.pdf;28;D:\ai-brain-data\visual-lexicon\belarus-primary-20261009\books\a292fba568b1fcc2\pages\0028.jpg;0c093df78da47d12e9b860378e5b96ea14105eaaf71809071ec0445f372b812b;Ожидается;Просмотрена обзорно;Не завершена;Нет
a292fba568b1fcc2-p0029-PAGE_CONTEXT;Rus_yaz_2kl_ch2_Guleckaya_rus_2022.pdf;29;D:\ai-brain-data\visual-lexicon\belarus-primary-20261009\books\a292fba568b1fcc2\pages\0029.jpg;68f2004ba6bba989e2f182a11f1c77c3354ad7a121b8fd61d44df04303d0499c;Ожидается;Просмотрена обзорно;Не завершена;Нет
a292fba568b1fcc2-p0030-PAGE_CONTEXT;Rus_yaz_2kl_ch2_Guleckaya_rus_2022.pdf;30;D:\ai-brain-data\visual-lexicon\belarus-primary-20261009\books\a292fba568b1fcc2\pages\0030.jpg;0292b587ba99d19be71d43c7bd9182fa7faf89ec4c157dd6e456047b0d32be0d;Ожидается;Просмотрена обзорно;Не завершена;Нет
a292fba568b1fcc2-p0031-PAGE_CONTEXT;Rus_yaz_2kl_ch2_Guleckaya_rus_2022.pdf;31;D:\ai-brain-data\visual-lexicon\belarus-primary-20261009\books\a292fba568b1fcc2\pages\0031.jpg;cd150614de3a3f9b4109382d85b3f9b1ecf1d1a66c8c1facb3e262173a7df122;Ожидается;Просмотрена обзорно;Не завершена;Нет
a292fba568b1fcc2-p0032-PAGE_CONTEXT;Rus_yaz_2kl_ch2_Guleckaya_rus_2022.pdf;32;D:\ai-brain-data\visual-lexicon\belarus-primary-20261009\books\a292fba568b1fcc2\pages\0032.jpg;427f189fd0567e84b002843ab67d6d264409272a9e2bf53e84fa84c5cd7082bc;Ожидается;Просмотрена обзорно;Не завершена;Нет
a292fba568b1fcc2-p0033-PAGE_CONTEXT;Rus_yaz_2kl_ch2_Guleckaya_rus_2022.pdf;33;D:\ai-brain-data\visual-lexicon\belarus-primary-20261009\books\a292fba568b1fcc2\pages\0033.jpg;9b58961c9ccf91b2035e64c451ca273d6d08bbf3e5363462c7c9058635bbe65d;Ожидается;Просмотрена обзорно;Не завершена;Нет
a292fba568b1fcc2-p0034-PAGE_CONTEXT;Rus_yaz_2kl_ch2_Guleckaya_rus_2022.pdf;34;D:\ai-brain-data\visual-lexicon\belarus-primary-20261009\books\a292fba568b1fcc2\pages\0034.jpg;b514af6b9ba0f6fc92ba2b6d750e6108cce9ba78e388a055b1f9aa4f3a9567fa;Ожидается;Просмотрена обзорно;Не завершена;Нет
a292fba568b1fcc2-p0035-PAGE_CONTEXT;Rus_yaz_2kl_ch2_Guleckaya_rus_2022.pdf;35;D:\ai-brain-data\visual-lexicon\belarus-primary-20261009\books\a292fba568b1fcc2\pages\0035.jpg;363c7888996fe42c83a4763dd33b3cc7f3761a6e453b31a19476b2a421c8f7d9;Ожидается;Просмотрена обзорно;Не завершена;Нет
a292fba568b1fcc2-p0036-PAGE_CONTEXT;Rus_yaz_2kl_ch2_Guleckaya_rus_2022.pdf;36;D:\ai-brain-data\visual-lexicon\belarus-primary-20261009\books\a292fba568b1fcc2\pages\0036.jpg;a31666bf2e2e13f67789fd24e078a1bd22b3ed6ac32074a21012a95af5724a09;Ожидается;Просмотрена обзорно;Не завершена;Нет
a292fba568b1fcc2-p0037-PAGE_CONTEXT;Rus_yaz_2kl_ch2_Guleckaya_rus_2022.pdf;37;D:\ai-brain-data\visual-lexicon\belarus-primary-20261009\books\a292fba568b1fcc2\pages\0037.jpg;ed39005104dace746453955936d89e2b8a4eab89f57eddbdffa7b55255724345;Просмотрено выборочно;Просмотрена обзорно;Не завершена;Нет
a292fba568b1fcc2-p0038-PAGE_CONTEXT;Rus_yaz_2kl_ch2_Guleckaya_rus_2022.pdf;38;D:\ai-brain-data\visual-lexicon\belarus-primary-20261009\books\a292fba568b1fcc2\pages\0038.jpg;8df62b673b2ecd2440bdea016130e30c1313de7eb48cb80ab7239b2a5ceddd38;Ожидается;Просмотрена обзорно;Не завершена;Нет
a292fba568b1fcc2-p0039-PAGE_CONTEXT;Rus_yaz_2kl_ch2_Guleckaya_rus_2022.pdf;39;D:\ai-brain-data\visual-lexicon\belarus-primary-20261009\books\a292fba568b1fcc2\pages\0039.jpg;022043299e46f6db48ad059e96c0d9490eef5c043e176cde642638cf3c3f72ff;Ожидается;Просмотрена обзорно;Не завершена;Нет
a292fba568b1fcc2-p0040-PAGE_CONTEXT;Rus_yaz_2kl_ch2_Guleckaya_rus_2022.pdf;40;D:\ai-brain-data\visual-lexicon\belarus-primary-20261009\books\a292fba568b1fcc2\pages\0040.jpg;ac5849e11803f0bd83b9347f7e6e2e7fa3cc1a3b4212a516a87b49cc8380e926;Ожидается;Просмотрена обзорно;Не завершена;Нет
a292fba568b1fcc2-p0041-PAGE_CONTEXT;Rus_yaz_2kl_ch2_Guleckaya_rus_2022.pdf;41;D:\ai-brain-data\visual-lexicon\belarus-primary-20261009\books\a292fba568b1fcc2\pages\0041.jpg;6ddd57de4c41fe783b2dd1ba7882dfbb38fbc8b190e76fcce40176c29592c166;Ожидается;Просмотрена обзорно;Не завершена;Нет
a292fba568b1fcc2-p0042-PAGE_CONTEXT;Rus_yaz_2kl_ch2_Guleckaya_rus_2022.pdf;42;D:\ai-brain-data\visual-lexicon\belarus-primary-20261009\books\a292fba568b1fcc2\pages\0042.jpg;0d91c00cedbaff8be1d0a806051e247d4241ccac4ff344083087d8b5e5893c67;Ожидается;Просмотрена обзорно;Не завершена;Нет
a292fba568b1fcc2-p0043-PAGE_CONTEXT;Rus_yaz_2kl_ch2_Guleckaya_rus_2022.pdf;43;D:\ai-brain-data\visual-lexicon\belarus-primary-20261009\books\a292fba568b1fcc2\pages\0043.jpg;d98d152b751304c1927f1b0fa7c40248a39175efa3d2ad5cab196936d07952e2;Ожидается;Просмотрена обзорно;Не завершена;Нет
a292fba568b1fcc2-p0044-PAGE_CONTEXT;Rus_yaz_2kl_ch2_Guleckaya_rus_2022.pdf;44;D:\ai-brain-data\visual-lexicon\belarus-primary-20261009\books\a292fba568b1fcc2\pages\0044.jpg;f6a1ebdec064c9fb68b0c3fb7c32ee54e4915c6503fb0f69d6ab3369f3b9eee5;Ожидается;Просмотрена обзорно;Не завершена;Нет
a292fba568b1fcc2-p0045-PAGE_CONTEXT;Rus_yaz_2kl_ch2_Guleckaya_rus_2022.pdf;45;D:\ai-brain-data\visual-lexicon\belarus-primary-20261009\books\a292fba568b1fcc2\pages\0045.jpg;741cd453d34a331b91331c548b507e077d94bf81fdd0044d2e06c73adfd7be17;Ожидается;Просмотрена обзорно;Не завершена;Нет
a292fba568b1fcc2-p0046-PAGE_CONTEXT;Rus_yaz_2kl_ch2_Guleckaya_rus_2022.pdf;46;D:\ai-brain-data\visual-lexicon\belarus-primary-20261009\books\a292fba568b1fcc2\pages\0046.jpg;d2e832e0062efb5d935822b90cf9bedcd519429501bd9364a465dc4163c700c3;Ожидается;Просмотрена обзорно;Не завершена;Нет
a292fba568b1fcc2-p0047-PAGE_CONTEXT;Rus_yaz_2kl_ch2_Guleckaya_rus_2022.pdf;47;D:\ai-brain-data\visual-lexicon\belarus-primary-20261009\books\a292fba568b1fcc2\pages\0047.jpg;37c5ce6478dbd30af28554647004e3b163736b9812b24d99aecaf839697f4d91;Ожидается;Просмотрена обзорно;Не завершена;Нет
a292fba568b1fcc2-p0048-PAGE_CONTEXT;Rus_yaz_2kl_ch2_Guleckaya_rus_2022.pdf;48;D:\ai-brain-data\visual-lexicon\belarus-primary-20261009\books\a292fba568b1fcc2\pages\0048.jpg;27581ec994e3145e91e45a67092bb5d84dcbd840fc7b471a96752ebb0adc0571;Ожидается;Просмотрена обзорно;Не завершена;Нет
a292fba568b1fcc2-p0049-PAGE_CONTEXT;Rus_yaz_2kl_ch2_Guleckaya_rus_2022.pdf;49;D:\ai-brain-data\visual-lexicon\belarus-primary-20261009\books\a292fba568b1fcc2\pages\0049.jpg;cb8722c4c21744098bed8eb9bf105638cadf2e51342a47ae4d35e340b20f1548;Ожидается;Просмотрена обзорно;Не завершена;Нет
a292fba568b1fcc2-p0050-PAGE_CONTEXT;Rus_yaz_2kl_ch2_Guleckaya_rus_2022.pdf;50;D:\ai-brain-data\visual-lexicon\belarus-primary-20261009\books\a292fba568b1fcc2\pages\0050.jpg;0b34f745ac88d81d259cce666a6336389739cea894e7f925bd70317727a6ddd1;Ожидается;Просмотрена обзорно;Не завершена;Нет
a292fba568b1fcc2-p0051-PAGE_CONTEXT;Rus_yaz_2kl_ch2_Guleckaya_rus_2022.pdf;51;D:\ai-brain-data\visual-lexicon\belarus-primary-20261009\books\a292fba568b1fcc2\pages\0051.jpg;66e00feedd6126ad47a685e991ab1af7335651f33069eb573e0503b37b6171f6;Ожидается;Просмотрена обзорно;Не завершена;Нет
a292fba568b1fcc2-p0052-PAGE_CONTEXT;Rus_yaz_2kl_ch2_Guleckaya_rus_2022.pdf;52;D:\ai-brain-data\visual-lexicon\belarus-primary-20261009\books\a292fba568b1fcc2\pages\0052.jpg;aaecf93c58db9ce2d9dc817fa0adec5b754ca15b2fbed5f4c7aa851dca881d4c;Ожидается;Просмотрена обзорно;Не завершена;Нет
a292fba568b1fcc2-p0053-PAGE_CONTEXT;Rus_yaz_2kl_ch2_Guleckaya_rus_2022.pdf;53;D:\ai-brain-data\visual-lexicon\belarus-primary-20261009\books\a292fba568b1fcc2\pages\0053.jpg;066843064cbd30473cf6c00c84f25f9c4a86e843e7c84724ec7ea56384d44868;Ожидается;Просмотрена обзорно;Не завершена;Нет
a292fba568b1fcc2-p0054-PAGE_CONTEXT;Rus_yaz_2kl_ch2_Guleckaya_rus_2022.pdf;54;D:\ai-brain-data\visual-lexicon\belarus-primary-20261009\books\a292fba568b1fcc2\pages\0054.jpg;99761085a92debdac4a6045d5950f0db207fb6ef500f51b973151e3aae5f2dc1;Ожидается;Просмотрена обзорно;Не завершена;Нет
a292fba568b1fcc2-p0055-PAGE_CONTEXT;Rus_yaz_2kl_ch2_Guleckaya_rus_2022.pdf;55;D:\ai-brain-data\visual-lexicon\belarus-primary-20261009\books\a292fba568b1fcc2\pages\0055.jpg;e687f1b7900b12bcead09f34f7d1fddbde20e22303173100c8d06a582ea37e2c;Ожидается;Просмотрена обзорно;Не завершена;Нет
a292fba568b1fcc2-p0056-PAGE_CONTEXT;Rus_yaz_2kl_ch2_Guleckaya_rus_2022.pdf;56;D:\ai-brain-data\visual-lexicon\belarus-primary-20261009\books\a292fba568b1fcc2\pages\0056.jpg;deb3293bfae7015527bb26a89e123eece211efdca6a006d5c5a67923d5a359fb;Ожидается;Просмотрена обзорно;Не завершена;Нет
a292fba568b1fcc2-p0057-PAGE_CONTEXT;Rus_yaz_2kl_ch2_Guleckaya_rus_2022.pdf;57;D:\ai-brain-data\visual-lexicon\belarus-primary-20261009\books\a292fba568b1fcc2\pages\0057.jpg;8a1d8c4caddf149b14e1b0f338b59f6a6e51a41629a4222b035ebeef6d0258ae;Ожидается;Просмотрена обзорно;Не завершена;Нет
a292fba568b1fcc2-p0058-PAGE_CONTEXT;Rus_yaz_2kl_ch2_Guleckaya_rus_2022.pdf;58;D:\ai-brain-data\visual-lexicon\belarus-primary-20261009\books\a292fba568b1fcc2\pages\0058.jpg;84eb63802cd63e2b46672b7b3bb2098c983b277cb2f01f2a56dc66f4a154ad3f;Ожидается;Просмотрена обзорно;Не завершена;Нет
a292fba568b1fcc2-p0059-PAGE_CONTEXT;Rus_yaz_2kl_ch2_Guleckaya_rus_2022.pdf;59;D:\ai-brain-data\visual-lexicon\belarus-primary-20261009\books\a292fba568b1fcc2\pages\0059.jpg;479df9186563b2cd757b3253aa62bffc5fe55fac7111c1f099faf5f7055853ed;Ожидается;Просмотрена обзорно;Не завершена;Нет
a292fba568b1fcc2-p0060-PAGE_CONTEXT;Rus_yaz_2kl_ch2_Guleckaya_rus_2022.pdf;60;D:\ai-brain-data\visual-lexicon\belarus-primary-20261009\books\a292fba568b1fcc2\pages\0060.jpg;16bee3d163a09757b4ff6ccac387371945d57bc240fae9dc4805707185bd6387;Ожидается;Просмотрена обзорно;Не завершена;Нет
a292fba568b1fcc2-p0061-PAGE_CONTEXT;Rus_yaz_2kl_ch2_Guleckaya_rus_2022.pdf;61;D:\ai-brain-data\visual-lexicon\belarus-primary-20261009\books\a292fba568b1fcc2\pages\0061.jpg;b95d8afe8456a6723bdc306b99d893193dec9a44e482a87c38fefdf3ead7462a;Ожидается;Просмотрена обзорно;Не завершена;Нет
a292fba568b1fcc2-p0062-PAGE_CONTEXT;Rus_yaz_2kl_ch2_Guleckaya_rus_2022.pdf;62;D:\ai-brain-data\visual-lexicon\belarus-primary-20261009\books\a292fba568b1fcc2\pages\0062.jpg;ee31e972960ed7d4ce76eb42f4dd04722c1f8584dd8ad56d0afa2e2c70c16662;Ожидается;Просмотрена обзорно;Не завершена;Нет
a292fba568b1fcc2-p0063-PAGE_CONTEXT;Rus_yaz_2kl_ch2_Guleckaya_rus_2022.pdf;63;D:\ai-brain-data\visual-lexicon\belarus-primary-20261009\books\a292fba568b1fcc2\pages\0063.jpg;1fc0459cfd84005506ecafc2d03ff652fac96dd488e2a810d3bf33f48639abd5;Ожидается;Просмотрена обзорно;Не завершена;Нет
a292fba568b1fcc2-p0064-PAGE_CONTEXT;Rus_yaz_2kl_ch2_Guleckaya_rus_2022.pdf;64;D:\ai-brain-data\visual-lexicon\belarus-primary-20261009\books\a292fba568b1fcc2\pages\0064.jpg;b78e449ae7a37233ddb8532273feb05812198e87c4ff9f90785e4a265807738f;Ожидается;Просмотрена обзорно;Не завершена;Нет
a292fba568b1fcc2-p0065-PAGE_CONTEXT;Rus_yaz_2kl_ch2_Guleckaya_rus_2022.pdf;65;D:\ai-brain-data\visual-lexicon\belarus-primary-20261009\books\a292fba568b1fcc2\pages\0065.jpg;c82cbc6a8b11ba41793ce1ee4a1544e0f99ea5e86116d2631298c61fd8d21ae7;Ожидается;Просмотрена обзорно;Не завершена;Нет
a292fba568b1fcc2-p0066-PAGE_CONTEXT;Rus_yaz_2kl_ch2_Guleckaya_rus_2022.pdf;66;D:\ai-brain-data\visual-lexicon\belarus-primary-20261009\books\a292fba568b1fcc2\pages\0066.jpg;81762b8cdd5ad8a6398cfaacdc7cfca94c565c5acfe7e3446107334cafa0abd1;Ожидается;Просмотрена обзорно;Не завершена;Нет
a292fba568b1fcc2-p0067-PAGE_CONTEXT;Rus_yaz_2kl_ch2_Guleckaya_rus_2022.pdf;67;D:\ai-brain-data\visual-lexicon\belarus-primary-20261009\books\a292fba568b1fcc2\pages\0067.jpg;ef9a9549c982ce42441e3ec9def64a159346d34cdb68926f6f696d9b1d142835;Ожидается;Просмотрена обзорно;Не завершена;Нет
a292fba568b1fcc2-p0068-PAGE_CONTEXT;Rus_yaz_2kl_ch2_Guleckaya_rus_2022.pdf;68;D:\ai-brain-data\visual-lexicon\belarus-primary-20261009\books\a292fba568b1fcc2\pages\0068.jpg;5dd75fbde0dead51ab72626118940614e59e582dd3e97761ec5acf021b73067a;Ожидается;Просмотрена обзорно;Не завершена;Нет
a292fba568b1fcc2-p0069-PAGE_CONTEXT;Rus_yaz_2kl_ch2_Guleckaya_rus_2022.pdf;69;D:\ai-brain-data\visual-lexicon\belarus-primary-20261009\books\a292fba568b1fcc2\pages\0069.jpg;7f62661e4cce221ee1bb782120c354d006270f3a38eca52804d3bf90e3992060;Ожидается;Просмотрена обзорно;Не завершена;Нет
a292fba568b1fcc2-p0070-PAGE_CONTEXT;Rus_yaz_2kl_ch2_Guleckaya_rus_2022.pdf;70;D:\ai-brain-data\visual-lexicon\belarus-primary-20261009\books\a292fba568b1fcc2\pages\0070.jpg;1acc3fc48ce2a7833cdbd354338ac5936f8948ecf510c2f190e1df77fbacfced;Ожидается;Просмотрена обзорно;Не завершена;Нет
a292fba568b1fcc2-p0071-PAGE_CONTEXT;Rus_yaz_2kl_ch2_Guleckaya_rus_2022.pdf;71;D:\ai-brain-data\visual-lexicon\belarus-primary-20261009\books\a292fba568b1fcc2\pages\0071.jpg;469949f189abda718ef7049a59a9e4a83a122ec07df1a844e229f13c2ab6a1c8;Ожидается;Просмотрена обзорно;Не завершена;Нет
a292fba568b1fcc2-p0072-PAGE_CONTEXT;Rus_yaz_2kl_ch2_Guleckaya_rus_2022.pdf;72;D:\ai-brain-data\visual-lexicon\belarus-primary-20261009\books\a292fba568b1fcc2\pages\0072.jpg;3faae678f3fe74d0b28c954e9efcf901f8a00de7a9f1393a32f122593493170e;Ожидается;Просмотрена обзорно;Не завершена;Нет
a292fba568b1fcc2-p0073-PAGE_CONTEXT;Rus_yaz_2kl_ch2_Guleckaya_rus_2022.pdf;73;D:\ai-brain-data\visual-lexicon\belarus-primary-20261009\books\a292fba568b1fcc2\pages\0073.jpg;9fc26ee80b4f29fa3cd7fd0df98cdbc0da02459ac544ae58786a6728b9209aec;Ожидается;Просмотрена обзорно;Не завершена;Нет
a292fba568b1fcc2-p0074-PAGE_CONTEXT;Rus_yaz_2kl_ch2_Guleckaya_rus_2022.pdf;74;D:\ai-brain-data\visual-lexicon\belarus-primary-20261009\books\a292fba568b1fcc2\pages\0074.jpg;5fc317072f56f34e98a18e6bb1dce9ab8e88fa848f3550bf52cbe6a26dfba407;Просмотрено выборочно;Просмотрена обзорно;Не завершена;Нет
a292fba568b1fcc2-p0075-PAGE_CONTEXT;Rus_yaz_2kl_ch2_Guleckaya_rus_2022.pdf;75;D:\ai-brain-data\visual-lexicon\belarus-primary-20261009\books\a292fba568b1fcc2\pages\0075.jpg;4b1402e541343bc1d4974065da3a3c99cb7bd819b3255601b1ded54c26d1345e;Ожидается;Просмотрена обзорно;Не завершена;Нет
a292fba568b1fcc2-p0076-PAGE_CONTEXT;Rus_yaz_2kl_ch2_Guleckaya_rus_2022.pdf;76;D:\ai-brain-data\visual-lexicon\belarus-primary-20261009\books\a292fba568b1fcc2\pages\0076.jpg;6ae29d092651e97a392e6b1edebb05db2b422cdc119dbeb132d19ab463243d48;Ожидается;Просмотрена обзорно;Не завершена;Нет
a292fba568b1fcc2-p0077-PAGE_CONTEXT;Rus_yaz_2kl_ch2_Guleckaya_rus_2022.pdf;77;D:\ai-brain-data\visual-lexicon\belarus-primary-20261009\books\a292fba568b1fcc2\pages\0077.jpg;6f94ff2f9b6fc2b0ce7785508ed31594c3943e53ca007ca4310a8053014138b4;Ожидается;Просмотрена обзорно;Не завершена;Нет
a292fba568b1fcc2-p0078-PAGE_CONTEXT;Rus_yaz_2kl_ch2_Guleckaya_rus_2022.pdf;78;D:\ai-brain-data\visual-lexicon\belarus-primary-20261009\books\a292fba568b1fcc2\pages\0078.jpg;48a5ec67a02e483bdbbec7d7162c387f88b7e6e72cf62300bdb3bcb3a794d3ee;Ожидается;Просмотрена обзорно;Не завершена;Нет
a292fba568b1fcc2-p0079-PAGE_CONTEXT;Rus_yaz_2kl_ch2_Guleckaya_rus_2022.pdf;79;D:\ai-brain-data\visual-lexicon\belarus-primary-20261009\books\a292fba568b1fcc2\pages\0079.jpg;59156c620e79872595df3c941a83bbb5a3fff531297e425d9f4b8b10bcf80e96;Ожидается;Просмотрена обзорно;Не завершена;Нет
a292fba568b1fcc2-p0080-PAGE_CONTEXT;Rus_yaz_2kl_ch2_Guleckaya_rus_2022.pdf;80;D:\ai-brain-data\visual-lexicon\belarus-primary-20261009\books\a292fba568b1fcc2\pages\0080.jpg;395f3ae6cba7f915350739f6c651ea9cc7bbe71280155ae04b4abc9dd2b6a53a;Ожидается;Просмотрена обзорно;Не завершена;Нет
a292fba568b1fcc2-p0081-PAGE_CONTEXT;Rus_yaz_2kl_ch2_Guleckaya_rus_2022.pdf;81;D:\ai-brain-data\visual-lexicon\belarus-primary-20261009\books\a292fba568b1fcc2\pages\0081.jpg;b31dd3523882bb55a1b5bc02b0224cbde14719d6d240ee6e5182ecd45ed259ed;Ожидается;Просмотрена обзорно;Не завершена;Нет
a292fba568b1fcc2-p0082-PAGE_CONTEXT;Rus_yaz_2kl_ch2_Guleckaya_rus_2022.pdf;82;D:\ai-brain-data\visual-lexicon\belarus-primary-20261009\books\a292fba568b1fcc2\pages\0082.jpg;dc6e6beb83675930e95fba51a29abed095e5b9750a0b63508118eb790035c209;Ожидается;Просмотрена обзорно;Не завершена;Нет
a292fba568b1fcc2-p0083-PAGE_CONTEXT;Rus_yaz_2kl_ch2_Guleckaya_rus_2022.pdf;83;D:\ai-brain-data\visual-lexicon\belarus-primary-20261009\books\a292fba568b1fcc2\pages\0083.jpg;b61e78a5ca82be73e560bfce245c595c826fc791b34b2e128655e064a8de967f;Ожидается;Просмотрена обзорно;Не завершена;Нет
a292fba568b1fcc2-p0084-PAGE_CONTEXT;Rus_yaz_2kl_ch2_Guleckaya_rus_2022.pdf;84;D:\ai-brain-data\visual-lexicon\belarus-primary-20261009\books\a292fba568b1fcc2\pages\0084.jpg;d52e1760f6ecc23d03f38ca46c61b395cb46071fe1be814c8fd54943cf61de27;Ожидается;Просмотрена обзорно;Не завершена;Нет
a292fba568b1fcc2-p0085-PAGE_CONTEXT;Rus_yaz_2kl_ch2_Guleckaya_rus_2022.pdf;85;D:\ai-brain-data\visual-lexicon\belarus-primary-20261009\books\a292fba568b1fcc2\pages\0085.jpg;d1bf804e7de4c14e677eb366aba614346828cb1e360f1dfdaea6be353895ecd6;Ожидается;Просмотрена обзорно;Не завершена;Нет
a292fba568b1fcc2-p0086-PAGE_CONTEXT;Rus_yaz_2kl_ch2_Guleckaya_rus_2022.pdf;86;D:\ai-brain-data\visual-lexicon\belarus-primary-20261009\books\a292fba568b1fcc2\pages\0086.jpg;f211311c563d5726d6b1323a13afef4ad0bb34d2dcbe34e858e3255a5ad1ffcc;Ожидается;Просмотрена обзорно;Не завершена;Нет
a292fba568b1fcc2-p0087-PAGE_CONTEXT;Rus_yaz_2kl_ch2_Guleckaya_rus_2022.pdf;87;D:\ai-brain-data\visual-lexicon\belarus-primary-20261009\books\a292fba568b1fcc2\pages\0087.jpg;a1cad2024bb602d5c3a36f29446d7f3e29dddfe7b14045b352114b913ad277f2;Ожидается;Просмотрена обзорно;Не завершена;Нет
a292fba568b1fcc2-p0088-PAGE_CONTEXT;Rus_yaz_2kl_ch2_Guleckaya_rus_2022.pdf;88;D:\ai-brain-data\visual-lexicon\belarus-primary-20261009\books\a292fba568b1fcc2\pages\0088.jpg;cba57977ac4e1712e559fb49d6263a67d1e3223f7155b4c0438ee290971ddc1f;Ожидается;Просмотрена обзорно;Не завершена;Нет
a292fba568b1fcc2-p0089-PAGE_CONTEXT;Rus_yaz_2kl_ch2_Guleckaya_rus_2022.pdf;89;D:\ai-brain-data\visual-lexicon\belarus-primary-20261009\books\a292fba568b1fcc2\pages\0089.jpg;833e61a74c4e29ab29a5dc72cda475e2c1976b7d6f8ae6ed04f36ddd729c3d85;Ожидается;Просмотрена обзорно;Не завершена;Нет
a292fba568b1fcc2-p0090-PAGE_CONTEXT;Rus_yaz_2kl_ch2_Guleckaya_rus_2022.pdf;90;D:\ai-brain-data\visual-lexicon\belarus-primary-20261009\books\a292fba568b1fcc2\pages\0090.jpg;7a63fdf215d0b9a2c06efb3fc753a7558405b5a7cc2031f47a676aeab4c95170;Ожидается;Просмотрена обзорно;Не завершена;Нет
a292fba568b1fcc2-p0091-PAGE_CONTEXT;Rus_yaz_2kl_ch2_Guleckaya_rus_2022.pdf;91;D:\ai-brain-data\visual-lexicon\belarus-primary-20261009\books\a292fba568b1fcc2\pages\0091.jpg;8b67b0623f5eec33f3ff91ef96b954d3f48832f3c0d114f8ac27258d603e3943;Ожидается;Просмотрена обзорно;Не завершена;Нет
a292fba568b1fcc2-p0092-PAGE_CONTEXT;Rus_yaz_2kl_ch2_Guleckaya_rus_2022.pdf;92;D:\ai-brain-data\visual-lexicon\belarus-primary-20261009\books\a292fba568b1fcc2\pages\0092.jpg;701eb67599eadfd24dfc46c931631e39dd68d5966242d54e8bfaf4b89759380d;Ожидается;Просмотрена обзорно;Не завершена;Нет
a292fba568b1fcc2-p0093-PAGE_CONTEXT;Rus_yaz_2kl_ch2_Guleckaya_rus_2022.pdf;93;D:\ai-brain-data\visual-lexicon\belarus-primary-20261009\books\a292fba568b1fcc2\pages\0093.jpg;d4b535a888aa750d62766de981b0cf3630e9cb19235c0fee96920272f6fa3590;Ожидается;Просмотрена обзорно;Не завершена;Нет
a292fba568b1fcc2-p0094-PAGE_CONTEXT;Rus_yaz_2kl_ch2_Guleckaya_rus_2022.pdf;94;D:\ai-brain-data\visual-lexicon\belarus-primary-20261009\books\a292fba568b1fcc2\pages\0094.jpg;e0a2dd5b400db1720f91a56a2b1e845e0aa55d7732a1ef86aaba491eacca4654;Ожидается;Просмотрена обзорно;Не завершена;Нет
a292fba568b1fcc2-p0095-PAGE_CONTEXT;Rus_yaz_2kl_ch2_Guleckaya_rus_2022.pdf;95;D:\ai-brain-data\visual-lexicon\belarus-primary-20261009\books\a292fba568b1fcc2\pages\0095.jpg;59c043550f5334eb2017a496c48838e922635b753a884538f3f3ea0f0312a978;Ожидается;Просмотрена обзорно;Не завершена;Нет
a292fba568b1fcc2-p0096-PAGE_CONTEXT;Rus_yaz_2kl_ch2_Guleckaya_rus_2022.pdf;96;D:\ai-brain-data\visual-lexicon\belarus-primary-20261009\books\a292fba568b1fcc2\pages\0096.jpg;99fc71e9bbbac3fddc807031bc64bf81e08f89e50acfbf8f4e3021d60fd93f4a;Ожидается;Просмотрена обзорно;Не завершена;Нет
a292fba568b1fcc2-p0097-PAGE_CONTEXT;Rus_yaz_2kl_ch2_Guleckaya_rus_2022.pdf;97;D:\ai-brain-data\visual-lexicon\belarus-primary-20261009\books\a292fba568b1fcc2\pages\0097.jpg;f04a290490488a9f08041f36709c3dfb5fd553993a8185aae938f38c90519515;Ожидается;Просмотрена обзорно;Не завершена;Нет
a292fba568b1fcc2-p0098-PAGE_CONTEXT;Rus_yaz_2kl_ch2_Guleckaya_rus_2022.pdf;98;D:\ai-brain-data\visual-lexicon\belarus-primary-20261009\books\a292fba568b1fcc2\pages\0098.jpg;bbaab3807bf50c0b6a07d6e5a473e45872c122f3b3e34d90c50b3ca483e9cfc9;Ожидается;Просмотрена обзорно;Не завершена;Нет
a292fba568b1fcc2-p0099-PAGE_CONTEXT;Rus_yaz_2kl_ch2_Guleckaya_rus_2022.pdf;99;D:\ai-brain-data\visual-lexicon\belarus-primary-20261009\books\a292fba568b1fcc2\pages\0099.jpg;a83cb6b210dc32d433fdcc25c70860f214499dd7a927384c42cf95baa2700a09;Ожидается;Просмотрена обзорно;Не завершена;Нет
a292fba568b1fcc2-p0100-PAGE_CONTEXT;Rus_yaz_2kl_ch2_Guleckaya_rus_2022.pdf;100;D:\ai-brain-data\visual-lexicon\belarus-primary-20261009\books\a292fba568b1fcc2\pages\0100.jpg;bd9f4208f55f3e2e7dd004e4b6b61e2950fab11f07d3bbcc5393adadeaa65461;Ожидается;Просмотрена обзорно;Не завершена;Нет
a292fba568b1fcc2-p0101-PAGE_CONTEXT;Rus_yaz_2kl_ch2_Guleckaya_rus_2022.pdf;101;D:\ai-brain-data\visual-lexicon\belarus-primary-20261009\books\a292fba568b1fcc2\pages\0101.jpg;f570fbfcc509d98d61ccc8b57c847e368170d891ce90b5bc4f107696cc492dab;Ожидается;Просмотрена обзорно;Не завершена;Нет
a292fba568b1fcc2-p0102-PAGE_CONTEXT;Rus_yaz_2kl_ch2_Guleckaya_rus_2022.pdf;102;D:\ai-brain-data\visual-lexicon\belarus-primary-20261009\books\a292fba568b1fcc2\pages\0102.jpg;c006e92aa7004023efcb4511d673032fe1a84b119c5c6d10641f1705bf1c860f;Ожидается;Просмотрена обзорно;Не завершена;Нет
a292fba568b1fcc2-p0103-PAGE_CONTEXT;Rus_yaz_2kl_ch2_Guleckaya_rus_2022.pdf;103;D:\ai-brain-data\visual-lexicon\belarus-primary-20261009\books\a292fba568b1fcc2\pages\0103.jpg;72310504676f5446f2b760815af1230c5202f8a95d56113247bb782d433ba66e;Ожидается;Просмотрена обзорно;Не завершена;Нет
a292fba568b1fcc2-p0104-PAGE_CONTEXT;Rus_yaz_2kl_ch2_Guleckaya_rus_2022.pdf;104;D:\ai-brain-data\visual-lexicon\belarus-primary-20261009\books\a292fba568b1fcc2\pages\0104.jpg;d8797e883646c9a9b0fdc2bc1bca4f6c8f520b08f1d66e2266d9e4b891203ce9;Ожидается;Просмотрена обзорно;Не завершена;Нет
a292fba568b1fcc2-p0105-PAGE_CONTEXT;Rus_yaz_2kl_ch2_Guleckaya_rus_2022.pdf;105;D:\ai-brain-data\visual-lexicon\belarus-primary-20261009\books\a292fba568b1fcc2\pages\0105.jpg;c284b80716cd7fbc6c17e668159d41b15f7006d88e96ba494a223d060c18ddb8;Ожидается;Просмотрена обзорно;Не завершена;Нет
a292fba568b1fcc2-p0106-PAGE_CONTEXT;Rus_yaz_2kl_ch2_Guleckaya_rus_2022.pdf;106;D:\ai-brain-data\visual-lexicon\belarus-primary-20261009\books\a292fba568b1fcc2\pages\0106.jpg;dda9d05efb2536aab68297cccdc1ed933b283aa3b30e652ae1a52d512efdb3e1;Ожидается;Просмотрена обзорно;Не завершена;Нет
a292fba568b1fcc2-p0107-PAGE_CONTEXT;Rus_yaz_2kl_ch2_Guleckaya_rus_2022.pdf;107;D:\ai-brain-data\visual-lexicon\belarus-primary-20261009\books\a292fba568b1fcc2\pages\0107.jpg;adc794a924b0f777c03516677c2eaf6ee0d83221bc2117e3cf4269210de59f66;Ожидается;Просмотрена обзорно;Не завершена;Нет
a292fba568b1fcc2-p0108-PAGE_CONTEXT;Rus_yaz_2kl_ch2_Guleckaya_rus_2022.pdf;108;D:\ai-brain-data\visual-lexicon\belarus-primary-20261009\books\a292fba568b1fcc2\pages\0108.jpg;c6b4063c2761101d5031a189c66889e3cb4feb89c475542057d923ef268b23a4;Ожидается;Просмотрена обзорно;Не завершена;Нет
a292fba568b1fcc2-p0109-PAGE_CONTEXT;Rus_yaz_2kl_ch2_Guleckaya_rus_2022.pdf;109;D:\ai-brain-data\visual-lexicon\belarus-primary-20261009\books\a292fba568b1fcc2\pages\0109.jpg;163a07d4a63b679ebeb9ecf0a7d6e484be1f38f99b45cacdd2a89bb06c91ad74;Ожидается;Просмотрена обзорно;Не завершена;Нет
a292fba568b1fcc2-p0110-PAGE_CONTEXT;Rus_yaz_2kl_ch2_Guleckaya_rus_2022.pdf;110;D:\ai-brain-data\visual-lexicon\belarus-primary-20261009\books\a292fba568b1fcc2\pages\0110.jpg;b69a00c346552a4f3628870fec963eecdc8925f0b4f1095645af7c9b178174bb;Ожидается;Просмотрена обзорно;Не завершена;Нет
a292fba568b1fcc2-p0111-PAGE_CONTEXT;Rus_yaz_2kl_ch2_Guleckaya_rus_2022.pdf;111;D:\ai-brain-data\visual-lexicon\belarus-primary-20261009\books\a292fba568b1fcc2\pages\0111.jpg;ff09b097ebdad9f00380e0d671920101e3283111c211cd32f4e2d4307d4f8df7;Просмотрено выборочно;Просмотрена обзорно;Не завершена;Нет
a292fba568b1fcc2-p0112-PAGE_CONTEXT;Rus_yaz_2kl_ch2_Guleckaya_rus_2022.pdf;112;D:\ai-brain-data\visual-lexicon\belarus-primary-20261009\books\a292fba568b1fcc2\pages\0112.jpg;6d7b463ebb196b0a8a47d1f0f6cb9b2aa5110175b0ce181f842bb7397fcbaada;Ожидается;Просмотрена обзорно;Не завершена;Нет
a292fba568b1fcc2-p0113-PAGE_CONTEXT;Rus_yaz_2kl_ch2_Guleckaya_rus_2022.pdf;113;D:\ai-brain-data\visual-lexicon\belarus-primary-20261009\books\a292fba568b1fcc2\pages\0113.jpg;9b0d07ff81c43f2f99f9d5e79e8aa5bf1162f794c6e7bf94344002f2d68d99f1;Ожидается;Просмотрена обзорно;Не завершена;Нет
a292fba568b1fcc2-p0114-PAGE_CONTEXT;Rus_yaz_2kl_ch2_Guleckaya_rus_2022.pdf;114;D:\ai-brain-data\visual-lexicon\belarus-primary-20261009\books\a292fba568b1fcc2\pages\0114.jpg;fb795125ca4210b13434ed4188f5e14534e0ea3bc6f980327ab1f33d50cea48b;Ожидается;Просмотрена обзорно;Не завершена;Нет
a292fba568b1fcc2-p0115-PAGE_CONTEXT;Rus_yaz_2kl_ch2_Guleckaya_rus_2022.pdf;115;D:\ai-brain-data\visual-lexicon\belarus-primary-20261009\books\a292fba568b1fcc2\pages\0115.jpg;492866e8e1fa84fdb94de6b4cede803d95c1dd70c5097a5a40d33b9b329edfbe;Ожидается;Просмотрена обзорно;Не завершена;Нет
a292fba568b1fcc2-p0116-PAGE_CONTEXT;Rus_yaz_2kl_ch2_Guleckaya_rus_2022.pdf;116;D:\ai-brain-data\visual-lexicon\belarus-primary-20261009\books\a292fba568b1fcc2\pages\0116.jpg;6a973cec719a097021a711133a8105f471a803c0ac849120d8c536b43daf902b;Ожидается;Просмотрена обзорно;Не завершена;Нет
a292fba568b1fcc2-p0117-PAGE_CONTEXT;Rus_yaz_2kl_ch2_Guleckaya_rus_2022.pdf;117;D:\ai-brain-data\visual-lexicon\belarus-primary-20261009\books\a292fba568b1fcc2\pages\0117.jpg;aab09ca12098e77915faf1c7a79238753ce7634198d0dadbcbf2f030ca4c177f;Ожидается;Просмотрена обзорно;Не завершена;Нет
a292fba568b1fcc2-p0118-PAGE_CONTEXT;Rus_yaz_2kl_ch2_Guleckaya_rus_2022.pdf;118;D:\ai-brain-data\visual-lexicon\belarus-primary-20261009\books\a292fba568b1fcc2\pages\0118.jpg;f8163ed03adf92e9e800813a866da865f89cdee5fd90bf9ac73e7260a35e6194;Ожидается;Просмотрена обзорно;Не завершена;Нет
a292fba568b1fcc2-p0119-PAGE_CONTEXT;Rus_yaz_2kl_ch2_Guleckaya_rus_2022.pdf;119;D:\ai-brain-data\visual-lexicon\belarus-primary-20261009\books\a292fba568b1fcc2\pages\0119.jpg;dfaabd7c76c5066f100f8bd5d73a2c20a265acf09be6c312d79cd79584bd469b;Ожидается;Просмотрена обзорно;Не завершена;Нет
a292fba568b1fcc2-p0120-PAGE_CONTEXT;Rus_yaz_2kl_ch2_Guleckaya_rus_2022.pdf;120;D:\ai-brain-data\visual-lexicon\belarus-primary-20261009\books\a292fba568b1fcc2\pages\0120.jpg;64c654bd97789dddf7b12995aea35f47899c9701ec983eea89553969a54f2e91;Ожидается;Просмотрена обзорно;Не завершена;Нет
a292fba568b1fcc2-p0121-PAGE_CONTEXT;Rus_yaz_2kl_ch2_Guleckaya_rus_2022.pdf;121;D:\ai-brain-data\visual-lexicon\belarus-primary-20261009\books\a292fba568b1fcc2\pages\0121.jpg;6c2f9bb1a3fcb71abc06039acd7649b1d347cbc2fe536087289d8664e0acf83f;Ожидается;Просмотрена обзорно;Не завершена;Нет
a292fba568b1fcc2-p0122-PAGE_CONTEXT;Rus_yaz_2kl_ch2_Guleckaya_rus_2022.pdf;122;D:\ai-brain-data\visual-lexicon\belarus-primary-20261009\books\a292fba568b1fcc2\pages\0122.jpg;bbd804b2591af78a9b7cfcbf6dda27d905636c8636a8a4fab5e5a1d934fd67ac;Ожидается;Просмотрена обзорно;Не завершена;Нет
a292fba568b1fcc2-p0123-PAGE_CONTEXT;Rus_yaz_2kl_ch2_Guleckaya_rus_2022.pdf;123;D:\ai-brain-data\visual-lexicon\belarus-primary-20261009\books\a292fba568b1fcc2\pages\0123.jpg;4e1809e4cf1942d1acdcc4eecc308a2096f6a5824f098a2f0c5f4135ac4ce728;Ожидается;Просмотрена обзорно;Не завершена;Нет
a292fba568b1fcc2-p0124-PAGE_CONTEXT;Rus_yaz_2kl_ch2_Guleckaya_rus_2022.pdf;124;D:\ai-brain-data\visual-lexicon\belarus-primary-20261009\books\a292fba568b1fcc2\pages\0124.jpg;1b5f697c8f600466e61cf6ecdef7fbe90e0ee77840cb010210a35a29186a4f57;Ожидается;Просмотрена обзорно;Не завершена;Нет
a292fba568b1fcc2-p0125-PAGE_CONTEXT;Rus_yaz_2kl_ch2_Guleckaya_rus_2022.pdf;125;D:\ai-brain-data\visual-lexicon\belarus-primary-20261009\books\a292fba568b1fcc2\pages\0125.jpg;ef9bee0c6b1dfda446d1eb65687ab5e9c701d335336d455415d266084d599fcd;Ожидается;Просмотрена обзорно;Не завершена;Нет
a292fba568b1fcc2-p0126-PAGE_CONTEXT;Rus_yaz_2kl_ch2_Guleckaya_rus_2022.pdf;126;D:\ai-brain-data\visual-lexicon\belarus-primary-20261009\books\a292fba568b1fcc2\pages\0126.jpg;94ce7b47f11cbff66b0af39f1b1327ae69fda310414d5401ef9b9c5f95be3a28;Ожидается;Просмотрена обзорно;Не завершена;Нет
a292fba568b1fcc2-p0127-PAGE_CONTEXT;Rus_yaz_2kl_ch2_Guleckaya_rus_2022.pdf;127;D:\ai-brain-data\visual-lexicon\belarus-primary-20261009\books\a292fba568b1fcc2\pages\0127.jpg;9f1bead58ccebdd08f83f348bdaa7ca536b686d96ba54e24e37557e7cc311688;Ожидается;Просмотрена обзорно;Не завершена;Нет
a292fba568b1fcc2-p0128-PAGE_CONTEXT;Rus_yaz_2kl_ch2_Guleckaya_rus_2022.pdf;128;D:\ai-brain-data\visual-lexicon\belarus-primary-20261009\books\a292fba568b1fcc2\pages\0128.jpg;2abe3e1a8074f87848322b2d968c59f0d5f49dc45cd2f9ec8d18a23f98d3361b;Ожидается;Просмотрена обзорно;Не завершена;Нет
a292fba568b1fcc2-p0129-PAGE_CONTEXT;Rus_yaz_2kl_ch2_Guleckaya_rus_2022.pdf;129;D:\ai-brain-data\visual-lexicon\belarus-primary-20261009\books\a292fba568b1fcc2\pages\0129.jpg;a1d53bdc032c2da52a41a0d601bcabe3b6a66c6d9b3a193050af89b0309f861b;Ожидается;Просмотрена обзорно;Не завершена;Нет
a292fba568b1fcc2-p0130-PAGE_CONTEXT;Rus_yaz_2kl_ch2_Guleckaya_rus_2022.pdf;130;D:\ai-brain-data\visual-lexicon\belarus-primary-20261009\books\a292fba568b1fcc2\pages\0130.jpg;e58af31ce5c3f7d567c856bdc51a16d7ee53e674b50256d3a5c1da44130f4792;Ожидается;Просмотрена обзорно;Не завершена;Нет
a292fba568b1fcc2-p0131-PAGE_CONTEXT;Rus_yaz_2kl_ch2_Guleckaya_rus_2022.pdf;131;D:\ai-brain-data\visual-lexicon\belarus-primary-20261009\books\a292fba568b1fcc2\pages\0131.jpg;a3d117da003710d61065c96bc1bf856baae947228e045770477868d81b12a6ee;Ожидается;Просмотрена обзорно;Не завершена;Нет
a292fba568b1fcc2-p0132-PAGE_CONTEXT;Rus_yaz_2kl_ch2_Guleckaya_rus_2022.pdf;132;D:\ai-brain-data\visual-lexicon\belarus-primary-20261009\books\a292fba568b1fcc2\pages\0132.jpg;2eaf2ce9c67653d811020d82021c10fa5f5614e2fb682981ee82a5812447d3df;Ожидается;Просмотрена обзорно;Не завершена;Нет
a292fba568b1fcc2-p0133-PAGE_CONTEXT;Rus_yaz_2kl_ch2_Guleckaya_rus_2022.pdf;133;D:\ai-brain-data\visual-lexicon\belarus-primary-20261009\books\a292fba568b1fcc2\pages\0133.jpg;1a03dbdee17b572cbe2ab6d8bdf1eab3c78cfe544424e2a839afa08bf041d090;Ожидается;Просмотрена обзорно;Не завершена;Нет
a292fba568b1fcc2-p0134-PAGE_CONTEXT;Rus_yaz_2kl_ch2_Guleckaya_rus_2022.pdf;134;D:\ai-brain-data\visual-lexicon\belarus-primary-20261009\books\a292fba568b1fcc2\pages\0134.jpg;4119a658011523ae27c02e8f8b402992a2a5541e844e9352dd4f72cfdb523f0e;Ожидается;Просмотрена обзорно;Не завершена;Нет
a292fba568b1fcc2-p0135-PAGE_CONTEXT;Rus_yaz_2kl_ch2_Guleckaya_rus_2022.pdf;135;D:\ai-brain-data\visual-lexicon\belarus-primary-20261009\books\a292fba568b1fcc2\pages\0135.jpg;2a6a636254fe57597ad61ebb24ebf39cba691c74e1c41864e05ff32d660c0ad5;Ожидается;Просмотрена обзорно;Не завершена;Нет
a292fba568b1fcc2-p0136-PAGE_CONTEXT;Rus_yaz_2kl_ch2_Guleckaya_rus_2022.pdf;136;D:\ai-brain-data\visual-lexicon\belarus-primary-20261009\books\a292fba568b1fcc2\pages\0136.jpg;2a3d26cde9c076e2d02792af721730336eb637b02efb6835abaa4d278f2231b7;Ожидается;Просмотрена обзорно;Не завершена;Нет
a292fba568b1fcc2-p0137-PAGE_CONTEXT;Rus_yaz_2kl_ch2_Guleckaya_rus_2022.pdf;137;D:\ai-brain-data\visual-lexicon\belarus-primary-20261009\books\a292fba568b1fcc2\pages\0137.jpg;281f72702883d549b38cdb909d09340d8dbcc61524f77fb3c4990ab02f3a5976;Ожидается;Просмотрена обзорно;Не завершена;Нет
a292fba568b1fcc2-p0138-PAGE_CONTEXT;Rus_yaz_2kl_ch2_Guleckaya_rus_2022.pdf;138;D:\ai-brain-data\visual-lexicon\belarus-primary-20261009\books\a292fba568b1fcc2\pages\0138.jpg;f088a293ed7bf6fa56c56a479ceb6b584e4de4f170de11ed8486844e62448ae1;Ожидается;Просмотрена обзорно;Не завершена;Нет
a292fba568b1fcc2-p0139-PAGE_CONTEXT;Rus_yaz_2kl_ch2_Guleckaya_rus_2022.pdf;139;D:\ai-brain-data\visual-lexicon\belarus-primary-20261009\books\a292fba568b1fcc2\pages\0139.jpg;021feb08d4035fae2d61c844953e8d0b2b20e3e383a57a1259a7e254970fb589;Ожидается;Просмотрена обзорно;Не завершена;Нет
a292fba568b1fcc2-p0140-PAGE_CONTEXT;Rus_yaz_2kl_ch2_Guleckaya_rus_2022.pdf;140;D:\ai-brain-data\visual-lexicon\belarus-primary-20261009\books\a292fba568b1fcc2\pages\0140.jpg;00bdae563c46dca777f512260da71b9c5aaa56136aa31a71419513b2b1a69667;Ожидается;Просмотрена обзорно;Не завершена;Нет
a292fba568b1fcc2-p0141-PAGE_CONTEXT;Rus_yaz_2kl_ch2_Guleckaya_rus_2022.pdf;141;D:\ai-brain-data\visual-lexicon\belarus-primary-20261009\books\a292fba568b1fcc2\pages\0141.jpg;e11c606e50bcec4009f3668c1989f4d94b9b7c92da5d0ed9eb6e39d344582ba3;Ожидается;Просмотрена обзорно;Не завершена;Нет
a292fba568b1fcc2-p0142-PAGE_CONTEXT;Rus_yaz_2kl_ch2_Guleckaya_rus_2022.pdf;142;D:\ai-brain-data\visual-lexicon\belarus-primary-20261009\books\a292fba568b1fcc2\pages\0142.jpg;b1c9ba0a77482a447365682c65f0e5b6b8a677a6d055b56a90cf03af6dae0c5f;Просмотрено выборочно;Просмотрена обзорно;Не завершена;Нет
a292fba568b1fcc2-p0143-PAGE_CONTEXT;Rus_yaz_2kl_ch2_Guleckaya_rus_2022.pdf;143;D:\ai-brain-data\visual-lexicon\belarus-primary-20261009\books\a292fba568b1fcc2\pages\0143.jpg;3eb3cf8cb14f7592404c7b43b14bf867cf54d1f8f53cdd08942703eb961bd9a6;Ожидается;Просмотрена обзорно;Не завершена;Нет
a292fba568b1fcc2-p0144-PAGE_CONTEXT;Rus_yaz_2kl_ch2_Guleckaya_rus_2022.pdf;144;D:\ai-brain-data\visual-lexicon\belarus-primary-20261009\books\a292fba568b1fcc2\pages\0144.jpg;4b0e9be6cc74b8a159528b75f965fbae331a205bb88e15b54e4eec941943cd70;Ожидается;Просмотрена обзорно;Не завершена;Нет
a292fba568b1fcc2-p0145-PAGE_CONTEXT;Rus_yaz_2kl_ch2_Guleckaya_rus_2022.pdf;145;D:\ai-brain-data\visual-lexicon\belarus-primary-20261009\books\a292fba568b1fcc2\pages\0145.jpg;b2223b1e19367c2b6f2611ae42082a2a135feb2f7e8fccf2c2ce3db2a78121bf;Ожидается;Просмотрена обзорно;Не завершена;Нет
a292fba568b1fcc2-p0146-PAGE_CONTEXT;Rus_yaz_2kl_ch2_Guleckaya_rus_2022.pdf;146;D:\ai-brain-data\visual-lexicon\belarus-primary-20261009\books\a292fba568b1fcc2\pages\0146.jpg;e82464d2e5fabb5be6f6c6de3b5f559b9e0b53d4d8a09feeaa14e4d72b51be81;Ожидается;Просмотрена обзорно;Не завершена;Нет
a292fba568b1fcc2-p0147-PAGE_CONTEXT;Rus_yaz_2kl_ch2_Guleckaya_rus_2022.pdf;147;D:\ai-brain-data\visual-lexicon\belarus-primary-20261009\books\a292fba568b1fcc2\pages\0147.jpg;51896d2192bf4f1e0e0b0d1c30cf5779b150c25572dd703a7ffa97e1711b57df;Ожидается;Просмотрена обзорно;Не завершена;Нет
a292fba568b1fcc2-p0148-PAGE_CONTEXT;Rus_yaz_2kl_ch2_Guleckaya_rus_2022.pdf;148;D:\ai-brain-data\visual-lexicon\belarus-primary-20261009\books\a292fba568b1fcc2\pages\0148.jpg;b1749931aacc0f7ac566590d35f1bbe93e0541f13912b2416ad37400d344182c;Ожидается;Просмотрена обзорно;Не завершена;Нет
a292fba568b1fcc2-p0149-PAGE_CONTEXT;Rus_yaz_2kl_ch2_Guleckaya_rus_2022.pdf;149;D:\ai-brain-data\visual-lexicon\belarus-primary-20261009\books\a292fba568b1fcc2\pages\0149.jpg;6e847994b28cdce215e3c6d02f0ca6abe46ac30836cee63ae22ec8db3767107c;Ожидается;Просмотрена обзорно;Не завершена;Нет
be619e8e5341a267-p0001-PAGE_CONTEXT;lit_chtenie_2k_ch2_Voropaeva_rus_2022.pdf;1;D:\ai-brain-data\visual-lexicon\belarus-primary-20261009\books\be619e8e5341a267\pages\0001.jpg;cb0ec28b7cb2813f5cd8cfdc224b406ce9c139e944150eb13ecc3ee2cd1fe1f7;Ожидается;Просмотрена обзорно;Не завершена;Нет
be619e8e5341a267-p0002-PAGE_CONTEXT;lit_chtenie_2k_ch2_Voropaeva_rus_2022.pdf;2;D:\ai-brain-data\visual-lexicon\belarus-primary-20261009\books\be619e8e5341a267\pages\0002.jpg;59343bc54ae97e90d97915b8314ebe881eb9ddc86f2dd321087399af924d0d0e;Ожидается;Просмотрена обзорно;Не завершена;Нет
be619e8e5341a267-p0003-PAGE_CONTEXT;lit_chtenie_2k_ch2_Voropaeva_rus_2022.pdf;3;D:\ai-brain-data\visual-lexicon\belarus-primary-20261009\books\be619e8e5341a267\pages\0003.jpg;6f2ef29223024ea1712d7eb32fa5e62f225372ff1bd0930392c0183ccb115707;Ожидается;Просмотрена обзорно;Не завершена;Нет
be619e8e5341a267-p0004-PAGE_CONTEXT;lit_chtenie_2k_ch2_Voropaeva_rus_2022.pdf;4;D:\ai-brain-data\visual-lexicon\belarus-primary-20261009\books\be619e8e5341a267\pages\0004.jpg;6f4908ed08e9ff49de513ce7ab84f409a80a4cb6f0b16f0a3edd1eb927bc5dd5;Ожидается;Просмотрена обзорно;Не завершена;Нет
be619e8e5341a267-p0005-PAGE_CONTEXT;lit_chtenie_2k_ch2_Voropaeva_rus_2022.pdf;5;D:\ai-brain-data\visual-lexicon\belarus-primary-20261009\books\be619e8e5341a267\pages\0005.jpg;7b420659cc6415f21ece676a31222a6d3f2a7d54de39ab5ee3fc5c5a3d11d48d;Ожидается;Просмотрена обзорно;Не завершена;Нет
be619e8e5341a267-p0006-PAGE_CONTEXT;lit_chtenie_2k_ch2_Voropaeva_rus_2022.pdf;6;D:\ai-brain-data\visual-lexicon\belarus-primary-20261009\books\be619e8e5341a267\pages\0006.jpg;9868bd3b5fbbf74ddc4dd53d911a8623ca43647bd10728a31ff58bd498d0dd3b;Ожидается;Просмотрена обзорно;Не завершена;Нет
be619e8e5341a267-p0007-PAGE_CONTEXT;lit_chtenie_2k_ch2_Voropaeva_rus_2022.pdf;7;D:\ai-brain-data\visual-lexicon\belarus-primary-20261009\books\be619e8e5341a267\pages\0007.jpg;867da3baee2c631d1af945441c273a1b55a9840728b78bf917173c3793c258b2;Ожидается;Просмотрена обзорно;Не завершена;Нет
be619e8e5341a267-p0008-PAGE_CONTEXT;lit_chtenie_2k_ch2_Voropaeva_rus_2022.pdf;8;D:\ai-brain-data\visual-lexicon\belarus-primary-20261009\books\be619e8e5341a267\pages\0008.jpg;03046262ced3a0be334d00bdd0a3944f2c9a38b79699a64f94f28fe8cd0dc828;Ожидается;Просмотрена обзорно;Не завершена;Нет
be619e8e5341a267-p0009-PAGE_CONTEXT;lit_chtenie_2k_ch2_Voropaeva_rus_2022.pdf;9;D:\ai-brain-data\visual-lexicon\belarus-primary-20261009\books\be619e8e5341a267\pages\0009.jpg;1ccf5780cf3caf23cbd229108acc9051fae742089f4325690f9d029cf2f69696;Ожидается;Просмотрена обзорно;Не завершена;Нет
be619e8e5341a267-p0010-PAGE_CONTEXT;lit_chtenie_2k_ch2_Voropaeva_rus_2022.pdf;10;D:\ai-brain-data\visual-lexicon\belarus-primary-20261009\books\be619e8e5341a267\pages\0010.jpg;17aeb96f2d218752ded9bf5e25f4f65740009245e95f1a805108e0b7a233f67e;Просмотрено выборочно;Просмотрена обзорно;Не завершена;Нет
be619e8e5341a267-p0011-PAGE_CONTEXT;lit_chtenie_2k_ch2_Voropaeva_rus_2022.pdf;11;D:\ai-brain-data\visual-lexicon\belarus-primary-20261009\books\be619e8e5341a267\pages\0011.jpg;facc8ae06c216da84748268e6ec4f48503f12d6d1b6460dfee2d8d281f85cb1a;Ожидается;Просмотрена обзорно;Не завершена;Нет
be619e8e5341a267-p0012-PAGE_CONTEXT;lit_chtenie_2k_ch2_Voropaeva_rus_2022.pdf;12;D:\ai-brain-data\visual-lexicon\belarus-primary-20261009\books\be619e8e5341a267\pages\0012.jpg;d0088476020269e181ceb4a55a8be6d5113cf7b0176121f6ec23c0893205c173;Ожидается;Просмотрена обзорно;Не завершена;Нет
be619e8e5341a267-p0013-PAGE_CONTEXT;lit_chtenie_2k_ch2_Voropaeva_rus_2022.pdf;13;D:\ai-brain-data\visual-lexicon\belarus-primary-20261009\books\be619e8e5341a267\pages\0013.jpg;05cc1ff0195cb8cd64fc3f5befa0633d1c21e1daf2fe06a6854cd2b3577e4af5;Ожидается;Просмотрена обзорно;Не завершена;Нет
be619e8e5341a267-p0014-PAGE_CONTEXT;lit_chtenie_2k_ch2_Voropaeva_rus_2022.pdf;14;D:\ai-brain-data\visual-lexicon\belarus-primary-20261009\books\be619e8e5341a267\pages\0014.jpg;2ddb8e6a777186f89442d06172e871077194b1685bc52ea5b55abc74274a395a;Ожидается;Просмотрена обзорно;Не завершена;Нет
be619e8e5341a267-p0015-PAGE_CONTEXT;lit_chtenie_2k_ch2_Voropaeva_rus_2022.pdf;15;D:\ai-brain-data\visual-lexicon\belarus-primary-20261009\books\be619e8e5341a267\pages\0015.jpg;85ba7d1aca9afa93d3522ca04fc00d4cf10eae63aa150769e21c57c689a34bdf;Ожидается;Просмотрена обзорно;Не завершена;Нет
be619e8e5341a267-p0016-PAGE_CONTEXT;lit_chtenie_2k_ch2_Voropaeva_rus_2022.pdf;16;D:\ai-brain-data\visual-lexicon\belarus-primary-20261009\books\be619e8e5341a267\pages\0016.jpg;70d0166162995c0cdf186e065e3a9bd80a36c1c7424e27b9c2020b4f66810db1;Ожидается;Просмотрена обзорно;Не завершена;Нет
be619e8e5341a267-p0017-PAGE_CONTEXT;lit_chtenie_2k_ch2_Voropaeva_rus_2022.pdf;17;D:\ai-brain-data\visual-lexicon\belarus-primary-20261009\books\be619e8e5341a267\pages\0017.jpg;f0e25be47ab483c8514fce1e45be6175f1443e33f593cd63d607770c41958e9a;Ожидается;Просмотрена обзорно;Не завершена;Нет
be619e8e5341a267-p0018-PAGE_CONTEXT;lit_chtenie_2k_ch2_Voropaeva_rus_2022.pdf;18;D:\ai-brain-data\visual-lexicon\belarus-primary-20261009\books\be619e8e5341a267\pages\0018.jpg;51ff1516b30216e2afa7cd9da0f0fe600ef6753568f73ad8a1339f6ff03a67dd;Ожидается;Просмотрена обзорно;Не завершена;Нет
be619e8e5341a267-p0019-PAGE_CONTEXT;lit_chtenie_2k_ch2_Voropaeva_rus_2022.pdf;19;D:\ai-brain-data\visual-lexicon\belarus-primary-20261009\books\be619e8e5341a267\pages\0019.jpg;8f42defe6d5e3f713cda63719f049ca6d06b6cf9b15b200dd86291b5a6df5a37;Ожидается;Просмотрена обзорно;Не завершена;Нет
be619e8e5341a267-p0020-PAGE_CONTEXT;lit_chtenie_2k_ch2_Voropaeva_rus_2022.pdf;20;D:\ai-brain-data\visual-lexicon\belarus-primary-20261009\books\be619e8e5341a267\pages\0020.jpg;db0efa6602b8e366fcba10bd625a4909cbf5a7c9cae2064509f569af0afa907e;Ожидается;Просмотрена обзорно;Не завершена;Нет
be619e8e5341a267-p0021-PAGE_CONTEXT;lit_chtenie_2k_ch2_Voropaeva_rus_2022.pdf;21;D:\ai-brain-data\visual-lexicon\belarus-primary-20261009\books\be619e8e5341a267\pages\0021.jpg;915017b41819630544559a52d60384de0fa842b34368f03bf948b0846e37d8ef;Ожидается;Просмотрена обзорно;Не завершена;Нет
be619e8e5341a267-p0022-PAGE_CONTEXT;lit_chtenie_2k_ch2_Voropaeva_rus_2022.pdf;22;D:\ai-brain-data\visual-lexicon\belarus-primary-20261009\books\be619e8e5341a267\pages\0022.jpg;0f2813cb3b104dd8c89f9987ccda662d15abb821188a59e5f598efbb9c9f1a4c;Ожидается;Просмотрена обзорно;Не завершена;Нет
be619e8e5341a267-p0023-PAGE_CONTEXT;lit_chtenie_2k_ch2_Voropaeva_rus_2022.pdf;23;D:\ai-brain-data\visual-lexicon\belarus-primary-20261009\books\be619e8e5341a267\pages\0023.jpg;8b53fa94e5169312580b8023c320441c13396b4825fd22287c521ee5cb261491;Ожидается;Просмотрена обзорно;Не завершена;Нет
be619e8e5341a267-p0024-PAGE_CONTEXT;lit_chtenie_2k_ch2_Voropaeva_rus_2022.pdf;24;D:\ai-brain-data\visual-lexicon\belarus-primary-20261009\books\be619e8e5341a267\pages\0024.jpg;b42c27ecddfd7bdc41292680b3b1eb7b1cb2139309f440448f87b4f685eb2db2;Ожидается;Просмотрена обзорно;Не завершена;Нет
be619e8e5341a267-p0025-PAGE_CONTEXT;lit_chtenie_2k_ch2_Voropaeva_rus_2022.pdf;25;D:\ai-brain-data\visual-lexicon\belarus-primary-20261009\books\be619e8e5341a267\pages\0025.jpg;60feecfbbfc0eac7f5f862e23c4703e1ff63fdf46e0763dddd7790234205773f;Ожидается;Просмотрена обзорно;Не завершена;Нет
be619e8e5341a267-p0026-PAGE_CONTEXT;lit_chtenie_2k_ch2_Voropaeva_rus_2022.pdf;26;D:\ai-brain-data\visual-lexicon\belarus-primary-20261009\books\be619e8e5341a267\pages\0026.jpg;d1b204ef200c65241f6367f878ed23a4ff8ae26b0883e71fdbe2052256e16e1d;Ожидается;Просмотрена обзорно;Не завершена;Нет
be619e8e5341a267-p0027-PAGE_CONTEXT;lit_chtenie_2k_ch2_Voropaeva_rus_2022.pdf;27;D:\ai-brain-data\visual-lexicon\belarus-primary-20261009\books\be619e8e5341a267\pages\0027.jpg;bb9040c89b03bc7e2bd1937d383f25e72b7a8d5c7f7f24b3ad56cd1cec961bbe;Ожидается;Просмотрена обзорно;Не завершена;Нет
be619e8e5341a267-p0028-PAGE_CONTEXT;lit_chtenie_2k_ch2_Voropaeva_rus_2022.pdf;28;D:\ai-brain-data\visual-lexicon\belarus-primary-20261009\books\be619e8e5341a267\pages\0028.jpg;deb342b0be592f835695deb019f9bfc9403149121bb91d08a7dacd245dafe6a0;Ожидается;Просмотрена обзорно;Не завершена;Нет
be619e8e5341a267-p0029-PAGE_CONTEXT;lit_chtenie_2k_ch2_Voropaeva_rus_2022.pdf;29;D:\ai-brain-data\visual-lexicon\belarus-primary-20261009\books\be619e8e5341a267\pages\0029.jpg;945e3dc5bfb675611174b2a40b621392b3caf34483d9c58291aba1cb224f42a2;Ожидается;Просмотрена обзорно;Не завершена;Нет
be619e8e5341a267-p0030-PAGE_CONTEXT;lit_chtenie_2k_ch2_Voropaeva_rus_2022.pdf;30;D:\ai-brain-data\visual-lexicon\belarus-primary-20261009\books\be619e8e5341a267\pages\0030.jpg;33cbbfd47b1a635639c69eb88988a80d134b39c82a6bf127533f7b96d44155a3;Ожидается;Просмотрена обзорно;Не завершена;Нет
be619e8e5341a267-p0031-PAGE_CONTEXT;lit_chtenie_2k_ch2_Voropaeva_rus_2022.pdf;31;D:\ai-brain-data\visual-lexicon\belarus-primary-20261009\books\be619e8e5341a267\pages\0031.jpg;ee5dc5006218961d92b6a7e2e06bdb35559876c79b7db233b11527a2fed4068c;Ожидается;Просмотрена обзорно;Не завершена;Нет
be619e8e5341a267-p0032-PAGE_CONTEXT;lit_chtenie_2k_ch2_Voropaeva_rus_2022.pdf;32;D:\ai-brain-data\visual-lexicon\belarus-primary-20261009\books\be619e8e5341a267\pages\0032.jpg;57ce7f201d78141bd455ba109c1b58b09a9cd843bb3b29bdf25f0f5d90fff22c;Ожидается;Просмотрена обзорно;Не завершена;Нет
be619e8e5341a267-p0033-PAGE_CONTEXT;lit_chtenie_2k_ch2_Voropaeva_rus_2022.pdf;33;D:\ai-brain-data\visual-lexicon\belarus-primary-20261009\books\be619e8e5341a267\pages\0033.jpg;0e6065e0cdf668b6db7f5a72f405733d1f6074a12c9dfd1e60376914c0705b3d;Ожидается;Просмотрена обзорно;Не завершена;Нет
be619e8e5341a267-p0034-PAGE_CONTEXT;lit_chtenie_2k_ch2_Voropaeva_rus_2022.pdf;34;D:\ai-brain-data\visual-lexicon\belarus-primary-20261009\books\be619e8e5341a267\pages\0034.jpg;7641c742d1b8ee03f3fddcc30ad993008059dc12918375a72ea6e3d08d7ce7f0;Ожидается;Просмотрена обзорно;Не завершена;Нет
be619e8e5341a267-p0035-PAGE_CONTEXT;lit_chtenie_2k_ch2_Voropaeva_rus_2022.pdf;35;D:\ai-brain-data\visual-lexicon\belarus-primary-20261009\books\be619e8e5341a267\pages\0035.jpg;4828f6a2582718e1b5732c8621844fc908163c8f1c3d9a1485a0b10ce5159568;Просмотрено выборочно;Просмотрена обзорно;Не завершена;Нет
be619e8e5341a267-p0036-PAGE_CONTEXT;lit_chtenie_2k_ch2_Voropaeva_rus_2022.pdf;36;D:\ai-brain-data\visual-lexicon\belarus-primary-20261009\books\be619e8e5341a267\pages\0036.jpg;8014406ade3780634a0197b9ee814d565d195565e4f22857f4e62545964f4356;Ожидается;Просмотрена обзорно;Не завершена;Нет
be619e8e5341a267-p0037-PAGE_CONTEXT;lit_chtenie_2k_ch2_Voropaeva_rus_2022.pdf;37;D:\ai-brain-data\visual-lexicon\belarus-primary-20261009\books\be619e8e5341a267\pages\0037.jpg;1242a454b745111e0e459037a1d86a306cffbd96c534e7714dd43b70948d3551;Ожидается;Просмотрена обзорно;Не завершена;Нет
be619e8e5341a267-p0038-PAGE_CONTEXT;lit_chtenie_2k_ch2_Voropaeva_rus_2022.pdf;38;D:\ai-brain-data\visual-lexicon\belarus-primary-20261009\books\be619e8e5341a267\pages\0038.jpg;7e358d8a515459083b7dd6f8bfc3c979a861c792985f3b281d79bf9e2d16ffd2;Ожидается;Просмотрена обзорно;Не завершена;Нет
be619e8e5341a267-p0039-PAGE_CONTEXT;lit_chtenie_2k_ch2_Voropaeva_rus_2022.pdf;39;D:\ai-brain-data\visual-lexicon\belarus-primary-20261009\books\be619e8e5341a267\pages\0039.jpg;7d92de68f2ce5f19538a06c7670e2aee9fcbdf3d420ec559891817c7aa5065bb;Ожидается;Просмотрена обзорно;Не завершена;Нет
be619e8e5341a267-p0040-PAGE_CONTEXT;lit_chtenie_2k_ch2_Voropaeva_rus_2022.pdf;40;D:\ai-brain-data\visual-lexicon\belarus-primary-20261009\books\be619e8e5341a267\pages\0040.jpg;fcb2c7e7101632fb985f0066d0b6108bc365b9554727cbbbbcd187bc17106c05;Ожидается;Просмотрена обзорно;Не завершена;Нет
be619e8e5341a267-p0041-PAGE_CONTEXT;lit_chtenie_2k_ch2_Voropaeva_rus_2022.pdf;41;D:\ai-brain-data\visual-lexicon\belarus-primary-20261009\books\be619e8e5341a267\pages\0041.jpg;4963de22cb320bc0bbee92d5f7d46c061d90e64274c2ea449d0c8a5b136030a5;Ожидается;Просмотрена обзорно;Не завершена;Нет
be619e8e5341a267-p0042-PAGE_CONTEXT;lit_chtenie_2k_ch2_Voropaeva_rus_2022.pdf;42;D:\ai-brain-data\visual-lexicon\belarus-primary-20261009\books\be619e8e5341a267\pages\0042.jpg;24914e8feaa9dd19bbf9846bfa686affe42bde96d905fc13f11e46c97427b7fd;Ожидается;Просмотрена обзорно;Не завершена;Нет
be619e8e5341a267-p0043-PAGE_CONTEXT;lit_chtenie_2k_ch2_Voropaeva_rus_2022.pdf;43;D:\ai-brain-data\visual-lexicon\belarus-primary-20261009\books\be619e8e5341a267\pages\0043.jpg;4a718f437499a2388a7edd6d4fc1a7bef7a95f2d08057420f0869948978a4cd6;Ожидается;Просмотрена обзорно;Не завершена;Нет
be619e8e5341a267-p0044-PAGE_CONTEXT;lit_chtenie_2k_ch2_Voropaeva_rus_2022.pdf;44;D:\ai-brain-data\visual-lexicon\belarus-primary-20261009\books\be619e8e5341a267\pages\0044.jpg;a8c9bee5f21ccddd41bcde18d41af5af9d60d421e198b82b6b9b0fbbda69c9b0;Ожидается;Просмотрена обзорно;Не завершена;Нет
be619e8e5341a267-p0045-PAGE_CONTEXT;lit_chtenie_2k_ch2_Voropaeva_rus_2022.pdf;45;D:\ai-brain-data\visual-lexicon\belarus-primary-20261009\books\be619e8e5341a267\pages\0045.jpg;4ba5257f0c1e2b7c8fc83fd04dc1198d07ec2ad10bf1d025ae6d9dc3fcf5db75;Ожидается;Просмотрена обзорно;Не завершена;Нет
be619e8e5341a267-p0046-PAGE_CONTEXT;lit_chtenie_2k_ch2_Voropaeva_rus_2022.pdf;46;D:\ai-brain-data\visual-lexicon\belarus-primary-20261009\books\be619e8e5341a267\pages\0046.jpg;3214685fae4168a1538599be863f8ffdd12e6ba8a930a595454cc7bbad281667;Ожидается;Просмотрена обзорно;Не завершена;Нет
be619e8e5341a267-p0047-PAGE_CONTEXT;lit_chtenie_2k_ch2_Voropaeva_rus_2022.pdf;47;D:\ai-brain-data\visual-lexicon\belarus-primary-20261009\books\be619e8e5341a267\pages\0047.jpg;9a1e3740a07dc371369afce223ea45f123cb695fc73f0c0a493e3d36071184a1;Ожидается;Просмотрена обзорно;Не завершена;Нет
be619e8e5341a267-p0048-PAGE_CONTEXT;lit_chtenie_2k_ch2_Voropaeva_rus_2022.pdf;48;D:\ai-brain-data\visual-lexicon\belarus-primary-20261009\books\be619e8e5341a267\pages\0048.jpg;ea9701186eebd531078351ca15cf418736718c1933468af99e0157cfca4b3a13;Ожидается;Просмотрена обзорно;Не завершена;Нет
be619e8e5341a267-p0049-PAGE_CONTEXT;lit_chtenie_2k_ch2_Voropaeva_rus_2022.pdf;49;D:\ai-brain-data\visual-lexicon\belarus-primary-20261009\books\be619e8e5341a267\pages\0049.jpg;616a7689fdb3bb17de3c28efd285a1ef7ef2e496dc0fe1f87fabcb9dec0e4608;Ожидается;Просмотрена обзорно;Не завершена;Нет
be619e8e5341a267-p0050-PAGE_CONTEXT;lit_chtenie_2k_ch2_Voropaeva_rus_2022.pdf;50;D:\ai-brain-data\visual-lexicon\belarus-primary-20261009\books\be619e8e5341a267\pages\0050.jpg;0bcdc62a2fa710bfb4e0be79d34257f4b5c55d05c2ff59d81aa964068d023d66;Ожидается;Просмотрена обзорно;Не завершена;Нет
be619e8e5341a267-p0051-PAGE_CONTEXT;lit_chtenie_2k_ch2_Voropaeva_rus_2022.pdf;51;D:\ai-brain-data\visual-lexicon\belarus-primary-20261009\books\be619e8e5341a267\pages\0051.jpg;a8e3e1cf7997d0aa99031279b8fdc865a5a4b707519323df9a44c61cebb646f7;Ожидается;Просмотрена обзорно;Не завершена;Нет
be619e8e5341a267-p0052-PAGE_CONTEXT;lit_chtenie_2k_ch2_Voropaeva_rus_2022.pdf;52;D:\ai-brain-data\visual-lexicon\belarus-primary-20261009\books\be619e8e5341a267\pages\0052.jpg;0190623c5dc2d38eb6b80b30f719e8b2af5c61c542d610f14db13c407d7ad35d;Ожидается;Просмотрена обзорно;Не завершена;Нет
be619e8e5341a267-p0053-PAGE_CONTEXT;lit_chtenie_2k_ch2_Voropaeva_rus_2022.pdf;53;D:\ai-brain-data\visual-lexicon\belarus-primary-20261009\books\be619e8e5341a267\pages\0053.jpg;250079101183c4c6ab8084499cadc3ac1acf3d07740f6dce20e7f10e46e610e5;Ожидается;Просмотрена обзорно;Не завершена;Нет
be619e8e5341a267-p0054-PAGE_CONTEXT;lit_chtenie_2k_ch2_Voropaeva_rus_2022.pdf;54;D:\ai-brain-data\visual-lexicon\belarus-primary-20261009\books\be619e8e5341a267\pages\0054.jpg;02d6c912fd17f69fe5edacbfbec64ad425caa94ca2bb1946178d26a29ebbc9b4;Ожидается;Просмотрена обзорно;Не завершена;Нет
be619e8e5341a267-p0055-PAGE_CONTEXT;lit_chtenie_2k_ch2_Voropaeva_rus_2022.pdf;55;D:\ai-brain-data\visual-lexicon\belarus-primary-20261009\books\be619e8e5341a267\pages\0055.jpg;151556ad8da6bdb2a09eec1cad794168afe6e424059f3b03479631df59e05b90;Ожидается;Просмотрена обзорно;Не завершена;Нет
be619e8e5341a267-p0056-PAGE_CONTEXT;lit_chtenie_2k_ch2_Voropaeva_rus_2022.pdf;56;D:\ai-brain-data\visual-lexicon\belarus-primary-20261009\books\be619e8e5341a267\pages\0056.jpg;06a96408886ad78547a519db3042a5fd2c21c6bb465627906a99bed9d0c738e6;Ожидается;Просмотрена обзорно;Не завершена;Нет
be619e8e5341a267-p0057-PAGE_CONTEXT;lit_chtenie_2k_ch2_Voropaeva_rus_2022.pdf;57;D:\ai-brain-data\visual-lexicon\belarus-primary-20261009\books\be619e8e5341a267\pages\0057.jpg;0813c2cb9db5cffc62ec87c30b9add1682c50070683242e126bd51f360ec5c8d;Ожидается;Просмотрена обзорно;Не завершена;Нет
be619e8e5341a267-p0058-PAGE_CONTEXT;lit_chtenie_2k_ch2_Voropaeva_rus_2022.pdf;58;D:\ai-brain-data\visual-lexicon\belarus-primary-20261009\books\be619e8e5341a267\pages\0058.jpg;4e840a3acac790a2865fd6c90bcd284e850595e929df2bfbfcfb0d35778e4930;Ожидается;Просмотрена обзорно;Не завершена;Нет
be619e8e5341a267-p0059-PAGE_CONTEXT;lit_chtenie_2k_ch2_Voropaeva_rus_2022.pdf;59;D:\ai-brain-data\visual-lexicon\belarus-primary-20261009\books\be619e8e5341a267\pages\0059.jpg;e259effdc21c2291a8d3a43a0d92e9332000a5a35ea6dab7e1eeb439bc670d90;Ожидается;Просмотрена обзорно;Не завершена;Нет
be619e8e5341a267-p0060-PAGE_CONTEXT;lit_chtenie_2k_ch2_Voropaeva_rus_2022.pdf;60;D:\ai-brain-data\visual-lexicon\belarus-primary-20261009\books\be619e8e5341a267\pages\0060.jpg;b87423c075544a6ea214641b215aea0c050f1de8d8c66ecc2c21750b4da8c8a8;Ожидается;Просмотрена обзорно;Не завершена;Нет
be619e8e5341a267-p0061-PAGE_CONTEXT;lit_chtenie_2k_ch2_Voropaeva_rus_2022.pdf;61;D:\ai-brain-data\visual-lexicon\belarus-primary-20261009\books\be619e8e5341a267\pages\0061.jpg;5b03aa2181a0e4af5c6457863d155ac7f9f9e92c1b3424afe8d991e254b89d14;Ожидается;Просмотрена обзорно;Не завершена;Нет
be619e8e5341a267-p0062-PAGE_CONTEXT;lit_chtenie_2k_ch2_Voropaeva_rus_2022.pdf;62;D:\ai-brain-data\visual-lexicon\belarus-primary-20261009\books\be619e8e5341a267\pages\0062.jpg;2dd14cae43cd7448c814c345a712509d510031d83d92808b50e2bf24c34d9b60;Ожидается;Просмотрена обзорно;Не завершена;Нет
be619e8e5341a267-p0063-PAGE_CONTEXT;lit_chtenie_2k_ch2_Voropaeva_rus_2022.pdf;63;D:\ai-brain-data\visual-lexicon\belarus-primary-20261009\books\be619e8e5341a267\pages\0063.jpg;aedbec955657b625a8f1cafe4e74df685b14eb0e08c6edd42aaa8f5fe9186115;Ожидается;Просмотрена обзорно;Не завершена;Нет
be619e8e5341a267-p0064-PAGE_CONTEXT;lit_chtenie_2k_ch2_Voropaeva_rus_2022.pdf;64;D:\ai-brain-data\visual-lexicon\belarus-primary-20261009\books\be619e8e5341a267\pages\0064.jpg;ee29c813819204e447f90fcc18622a86bbddfc75ea90f79d27b40af9e4d67327;Ожидается;Просмотрена обзорно;Не завершена;Нет
be619e8e5341a267-p0065-PAGE_CONTEXT;lit_chtenie_2k_ch2_Voropaeva_rus_2022.pdf;65;D:\ai-brain-data\visual-lexicon\belarus-primary-20261009\books\be619e8e5341a267\pages\0065.jpg;97a12de5aa5084f2380cc5e0e2e8b27477d0bd2d97ebb3cc4de1817dc89e4f30;Ожидается;Просмотрена обзорно;Не завершена;Нет
be619e8e5341a267-p0066-PAGE_CONTEXT;lit_chtenie_2k_ch2_Voropaeva_rus_2022.pdf;66;D:\ai-brain-data\visual-lexicon\belarus-primary-20261009\books\be619e8e5341a267\pages\0066.jpg;9adb3be1a6a1eddc7278c5c57ac8a004758afe88893615d04114a0208a2d79f3;Ожидается;Просмотрена обзорно;Не завершена;Нет
be619e8e5341a267-p0067-PAGE_CONTEXT;lit_chtenie_2k_ch2_Voropaeva_rus_2022.pdf;67;D:\ai-brain-data\visual-lexicon\belarus-primary-20261009\books\be619e8e5341a267\pages\0067.jpg;fbd20c2e4f6c8c7f714b3ab0a424e8a41653fc5f31114d676219011676af35f2;Ожидается;Просмотрена обзорно;Не завершена;Нет
be619e8e5341a267-p0068-PAGE_CONTEXT;lit_chtenie_2k_ch2_Voropaeva_rus_2022.pdf;68;D:\ai-brain-data\visual-lexicon\belarus-primary-20261009\books\be619e8e5341a267\pages\0068.jpg;b988dfa7e1129b9e45ffa3d397a6036b5391ec266ad327485ee1d549a6ac9592;Ожидается;Просмотрена обзорно;Не завершена;Нет
be619e8e5341a267-p0069-PAGE_CONTEXT;lit_chtenie_2k_ch2_Voropaeva_rus_2022.pdf;69;D:\ai-brain-data\visual-lexicon\belarus-primary-20261009\books\be619e8e5341a267\pages\0069.jpg;383b4922435ee667c8880800eac3d60638a8302d1e2849cc31a492471596ea8c;Ожидается;Просмотрена обзорно;Не завершена;Нет
be619e8e5341a267-p0070-PAGE_CONTEXT;lit_chtenie_2k_ch2_Voropaeva_rus_2022.pdf;70;D:\ai-brain-data\visual-lexicon\belarus-primary-20261009\books\be619e8e5341a267\pages\0070.jpg;def473299041ed2cec894729285d4aa4b64a65088a1f6cfead79a7441ce335c0;Просмотрено выборочно;Просмотрена обзорно;Не завершена;Нет
be619e8e5341a267-p0071-PAGE_CONTEXT;lit_chtenie_2k_ch2_Voropaeva_rus_2022.pdf;71;D:\ai-brain-data\visual-lexicon\belarus-primary-20261009\books\be619e8e5341a267\pages\0071.jpg;098d9d4ff55f6962e3d5d5994fccd1d554f50399e993fb35a14ae5d583398def;Ожидается;Просмотрена обзорно;Не завершена;Нет
be619e8e5341a267-p0072-PAGE_CONTEXT;lit_chtenie_2k_ch2_Voropaeva_rus_2022.pdf;72;D:\ai-brain-data\visual-lexicon\belarus-primary-20261009\books\be619e8e5341a267\pages\0072.jpg;f48b0d48c684630a187b247d9772917ed929ec066afda4a485a57b102d029ce9;Ожидается;Просмотрена обзорно;Не завершена;Нет
be619e8e5341a267-p0073-PAGE_CONTEXT;lit_chtenie_2k_ch2_Voropaeva_rus_2022.pdf;73;D:\ai-brain-data\visual-lexicon\belarus-primary-20261009\books\be619e8e5341a267\pages\0073.jpg;1c7e5983deb4d7340f54f3553d5268f5ca6d70f1b9f0eb26aa5026cb6a80d5db;Ожидается;Просмотрена обзорно;Не завершена;Нет
be619e8e5341a267-p0074-PAGE_CONTEXT;lit_chtenie_2k_ch2_Voropaeva_rus_2022.pdf;74;D:\ai-brain-data\visual-lexicon\belarus-primary-20261009\books\be619e8e5341a267\pages\0074.jpg;de5aa98a8684e4bedeb4db846b2157558aeb7f0f14e1c2d3e8651b10a915122e;Ожидается;Просмотрена обзорно;Не завершена;Нет
be619e8e5341a267-p0075-PAGE_CONTEXT;lit_chtenie_2k_ch2_Voropaeva_rus_2022.pdf;75;D:\ai-brain-data\visual-lexicon\belarus-primary-20261009\books\be619e8e5341a267\pages\0075.jpg;407dd7f31627279cc28fe9940ad34cc8105349dd3db0dbd3f272073d9dbe2632;Ожидается;Просмотрена обзорно;Не завершена;Нет
be619e8e5341a267-p0076-PAGE_CONTEXT;lit_chtenie_2k_ch2_Voropaeva_rus_2022.pdf;76;D:\ai-brain-data\visual-lexicon\belarus-primary-20261009\books\be619e8e5341a267\pages\0076.jpg;970a0d6394addecfed0cc6242f01c88766ffd33e85c2fc92e010b74c4bd59850;Ожидается;Просмотрена обзорно;Не завершена;Нет
be619e8e5341a267-p0077-PAGE_CONTEXT;lit_chtenie_2k_ch2_Voropaeva_rus_2022.pdf;77;D:\ai-brain-data\visual-lexicon\belarus-primary-20261009\books\be619e8e5341a267\pages\0077.jpg;fd6a8b31591fbd5b2bfdb51fff921454fa8848f0164e147c2b7c47fd9243dbcd;Ожидается;Просмотрена обзорно;Не завершена;Нет
be619e8e5341a267-p0078-PAGE_CONTEXT;lit_chtenie_2k_ch2_Voropaeva_rus_2022.pdf;78;D:\ai-brain-data\visual-lexicon\belarus-primary-20261009\books\be619e8e5341a267\pages\0078.jpg;0612f992c6e7f9f9c0d317b3e0ef33d726f0d54f92b31f4f999be725d0aa9315;Ожидается;Просмотрена обзорно;Не завершена;Нет
be619e8e5341a267-p0079-PAGE_CONTEXT;lit_chtenie_2k_ch2_Voropaeva_rus_2022.pdf;79;D:\ai-brain-data\visual-lexicon\belarus-primary-20261009\books\be619e8e5341a267\pages\0079.jpg;326579117f1767a3c7ef84e19e5c26bc2fc93741678b87a0506b71c162bd6011;Ожидается;Просмотрена обзорно;Не завершена;Нет
be619e8e5341a267-p0080-PAGE_CONTEXT;lit_chtenie_2k_ch2_Voropaeva_rus_2022.pdf;80;D:\ai-brain-data\visual-lexicon\belarus-primary-20261009\books\be619e8e5341a267\pages\0080.jpg;0f170219327fcfec0272ead69658be7089bb3fb558200490c6b02d7cb392fab4;Ожидается;Просмотрена обзорно;Не завершена;Нет
be619e8e5341a267-p0081-PAGE_CONTEXT;lit_chtenie_2k_ch2_Voropaeva_rus_2022.pdf;81;D:\ai-brain-data\visual-lexicon\belarus-primary-20261009\books\be619e8e5341a267\pages\0081.jpg;eda26dc7f04c2c53d24901551da13675d313f0dcb64410b21177a44b0000f7da;Ожидается;Просмотрена обзорно;Не завершена;Нет
be619e8e5341a267-p0082-PAGE_CONTEXT;lit_chtenie_2k_ch2_Voropaeva_rus_2022.pdf;82;D:\ai-brain-data\visual-lexicon\belarus-primary-20261009\books\be619e8e5341a267\pages\0082.jpg;9b2224e2357fd8f32856e844eaf1242ec299776774fdc6131d69b5d2c2abfcf8;Ожидается;Просмотрена обзорно;Не завершена;Нет
be619e8e5341a267-p0083-PAGE_CONTEXT;lit_chtenie_2k_ch2_Voropaeva_rus_2022.pdf;83;D:\ai-brain-data\visual-lexicon\belarus-primary-20261009\books\be619e8e5341a267\pages\0083.jpg;ef0cf19247f9c8f0f43e21c6c926966ea38b6fb12fcdcfe714bb603b2e0657db;Ожидается;Просмотрена обзорно;Не завершена;Нет
be619e8e5341a267-p0084-PAGE_CONTEXT;lit_chtenie_2k_ch2_Voropaeva_rus_2022.pdf;84;D:\ai-brain-data\visual-lexicon\belarus-primary-20261009\books\be619e8e5341a267\pages\0084.jpg;be582bb58baa06bcc450c869259cdffb7ba3fd1a85a2fe9d73748efa0e6b6f54;Ожидается;Просмотрена обзорно;Не завершена;Нет
be619e8e5341a267-p0085-PAGE_CONTEXT;lit_chtenie_2k_ch2_Voropaeva_rus_2022.pdf;85;D:\ai-brain-data\visual-lexicon\belarus-primary-20261009\books\be619e8e5341a267\pages\0085.jpg;3fa5799936dc7c1df755d5b34966c0694c299ef7e0b4c9016b3daa31e0f1f9f7;Ожидается;Просмотрена обзорно;Не завершена;Нет
be619e8e5341a267-p0086-PAGE_CONTEXT;lit_chtenie_2k_ch2_Voropaeva_rus_2022.pdf;86;D:\ai-brain-data\visual-lexicon\belarus-primary-20261009\books\be619e8e5341a267\pages\0086.jpg;f86eae9f840e85dc349f2c1530f9a24e52184ed0ebf8b525aa9eaa4d52ac26fc;Ожидается;Просмотрена обзорно;Не завершена;Нет
be619e8e5341a267-p0087-PAGE_CONTEXT;lit_chtenie_2k_ch2_Voropaeva_rus_2022.pdf;87;D:\ai-brain-data\visual-lexicon\belarus-primary-20261009\books\be619e8e5341a267\pages\0087.jpg;49a3077be454308b1f13e9a997341c71088051d30c1fae3de363977ad7216aba;Ожидается;Просмотрена обзорно;Не завершена;Нет
be619e8e5341a267-p0088-PAGE_CONTEXT;lit_chtenie_2k_ch2_Voropaeva_rus_2022.pdf;88;D:\ai-brain-data\visual-lexicon\belarus-primary-20261009\books\be619e8e5341a267\pages\0088.jpg;295fb3ad1eb54471f5de5dae64ab575aed6ea3244dca8fcab398573f75395f12;Ожидается;Просмотрена обзорно;Не завершена;Нет
be619e8e5341a267-p0089-PAGE_CONTEXT;lit_chtenie_2k_ch2_Voropaeva_rus_2022.pdf;89;D:\ai-brain-data\visual-lexicon\belarus-primary-20261009\books\be619e8e5341a267\pages\0089.jpg;ed4cf7c3db46fd657e734bd6220a2312a9dfe5721f6983399e1272523cc58bcc;Ожидается;Просмотрена обзорно;Не завершена;Нет
be619e8e5341a267-p0090-PAGE_CONTEXT;lit_chtenie_2k_ch2_Voropaeva_rus_2022.pdf;90;D:\ai-brain-data\visual-lexicon\belarus-primary-20261009\books\be619e8e5341a267\pages\0090.jpg;45463604c3f490e31178b5bae752707b254da7e7626013c9f3da8ad295da0aa7;Ожидается;Просмотрена обзорно;Не завершена;Нет
be619e8e5341a267-p0091-PAGE_CONTEXT;lit_chtenie_2k_ch2_Voropaeva_rus_2022.pdf;91;D:\ai-brain-data\visual-lexicon\belarus-primary-20261009\books\be619e8e5341a267\pages\0091.jpg;ed2e574fd49ea61a12060031ba41342d4409440c73fdf3a53f5abd1ff75beb9f;Ожидается;Просмотрена обзорно;Не завершена;Нет
be619e8e5341a267-p0092-PAGE_CONTEXT;lit_chtenie_2k_ch2_Voropaeva_rus_2022.pdf;92;D:\ai-brain-data\visual-lexicon\belarus-primary-20261009\books\be619e8e5341a267\pages\0092.jpg;d11fd24e73cc2ca00be78d0f0b8d8b96f5328c27ee9ae1edeb01bad07115ae4e;Ожидается;Просмотрена обзорно;Не завершена;Нет
be619e8e5341a267-p0093-PAGE_CONTEXT;lit_chtenie_2k_ch2_Voropaeva_rus_2022.pdf;93;D:\ai-brain-data\visual-lexicon\belarus-primary-20261009\books\be619e8e5341a267\pages\0093.jpg;158c59b8cf67f613b27e35a505983cde9656158899ed8d100091d27932d9abf1;Ожидается;Просмотрена обзорно;Не завершена;Нет
be619e8e5341a267-p0094-PAGE_CONTEXT;lit_chtenie_2k_ch2_Voropaeva_rus_2022.pdf;94;D:\ai-brain-data\visual-lexicon\belarus-primary-20261009\books\be619e8e5341a267\pages\0094.jpg;55cc2c40fe23589c4fdc00f682f10d60f1e993492c2597378f72bbf78112520e;Ожидается;Просмотрена обзорно;Не завершена;Нет
be619e8e5341a267-p0095-PAGE_CONTEXT;lit_chtenie_2k_ch2_Voropaeva_rus_2022.pdf;95;D:\ai-brain-data\visual-lexicon\belarus-primary-20261009\books\be619e8e5341a267\pages\0095.jpg;324de1718e646dc33513b32e45c2593950d73c002c67ff10766c570caf2862f8;Ожидается;Просмотрена обзорно;Не завершена;Нет
be619e8e5341a267-p0096-PAGE_CONTEXT;lit_chtenie_2k_ch2_Voropaeva_rus_2022.pdf;96;D:\ai-brain-data\visual-lexicon\belarus-primary-20261009\books\be619e8e5341a267\pages\0096.jpg;33f326107854fd38681fb13e5997cb0ce68d0e14ee4e6f58f50636fa41e1bfea;Ожидается;Просмотрена обзорно;Не завершена;Нет
be619e8e5341a267-p0097-PAGE_CONTEXT;lit_chtenie_2k_ch2_Voropaeva_rus_2022.pdf;97;D:\ai-brain-data\visual-lexicon\belarus-primary-20261009\books\be619e8e5341a267\pages\0097.jpg;dd72a54d92b2c12a84d78e3e20817662f78f7764bc61d48f4ba53d1f05a1eed7;Ожидается;Просмотрена обзорно;Не завершена;Нет
be619e8e5341a267-p0098-PAGE_CONTEXT;lit_chtenie_2k_ch2_Voropaeva_rus_2022.pdf;98;D:\ai-brain-data\visual-lexicon\belarus-primary-20261009\books\be619e8e5341a267\pages\0098.jpg;7c33413a2c1154e4be8bff5531efe430537ab138c1c0353de607cffce6233d6b;Ожидается;Просмотрена обзорно;Не завершена;Нет
be619e8e5341a267-p0099-PAGE_CONTEXT;lit_chtenie_2k_ch2_Voropaeva_rus_2022.pdf;99;D:\ai-brain-data\visual-lexicon\belarus-primary-20261009\books\be619e8e5341a267\pages\0099.jpg;3825c144c747be772adde7344f2ccc9046ec5c80d4fc42e7177521cae580de01;Ожидается;Просмотрена обзорно;Не завершена;Нет
be619e8e5341a267-p0100-PAGE_CONTEXT;lit_chtenie_2k_ch2_Voropaeva_rus_2022.pdf;100;D:\ai-brain-data\visual-lexicon\belarus-primary-20261009\books\be619e8e5341a267\pages\0100.jpg;787913b8d876de078386bbea7aa7a61d028844135d1f224e90f71be0cf260868;Ожидается;Просмотрена обзорно;Не завершена;Нет
be619e8e5341a267-p0101-PAGE_CONTEXT;lit_chtenie_2k_ch2_Voropaeva_rus_2022.pdf;101;D:\ai-brain-data\visual-lexicon\belarus-primary-20261009\books\be619e8e5341a267\pages\0101.jpg;303df70847e04f4d0ca92856afc414dc74bef70deb9752882bc1b73317bb0614;Ожидается;Просмотрена обзорно;Не завершена;Нет
be619e8e5341a267-p0102-PAGE_CONTEXT;lit_chtenie_2k_ch2_Voropaeva_rus_2022.pdf;102;D:\ai-brain-data\visual-lexicon\belarus-primary-20261009\books\be619e8e5341a267\pages\0102.jpg;6f828803c5e427552988d4471a57b3bb0a1580817cc1329f7a73e9579b158faa;Ожидается;Просмотрена обзорно;Не завершена;Нет
be619e8e5341a267-p0103-PAGE_CONTEXT;lit_chtenie_2k_ch2_Voropaeva_rus_2022.pdf;103;D:\ai-brain-data\visual-lexicon\belarus-primary-20261009\books\be619e8e5341a267\pages\0103.jpg;9d81b453808a65c93daa77cb1d85d8b3d045b58e7e885b3dc3cfe2d54e390087;Ожидается;Просмотрена обзорно;Не завершена;Нет
be619e8e5341a267-p0104-PAGE_CONTEXT;lit_chtenie_2k_ch2_Voropaeva_rus_2022.pdf;104;D:\ai-brain-data\visual-lexicon\belarus-primary-20261009\books\be619e8e5341a267\pages\0104.jpg;8875adf99f8e94b98846254d18801e60fdf5e3d3fd89d81948c251f899f42aba;Ожидается;Просмотрена обзорно;Не завершена;Нет
be619e8e5341a267-p0105-PAGE_CONTEXT;lit_chtenie_2k_ch2_Voropaeva_rus_2022.pdf;105;D:\ai-brain-data\visual-lexicon\belarus-primary-20261009\books\be619e8e5341a267\pages\0105.jpg;5b16415f781734401cbe2c8470073cce7153a413a81dfb7921b912ec2cea77c7;Просмотрено выборочно;Просмотрена обзорно;Не завершена;Нет
be619e8e5341a267-p0106-PAGE_CONTEXT;lit_chtenie_2k_ch2_Voropaeva_rus_2022.pdf;106;D:\ai-brain-data\visual-lexicon\belarus-primary-20261009\books\be619e8e5341a267\pages\0106.jpg;35a364314a529a911c55d98334c38057be3db42209a28f81e7b8a578bd1824f0;Ожидается;Просмотрена обзорно;Не завершена;Нет
be619e8e5341a267-p0107-PAGE_CONTEXT;lit_chtenie_2k_ch2_Voropaeva_rus_2022.pdf;107;D:\ai-brain-data\visual-lexicon\belarus-primary-20261009\books\be619e8e5341a267\pages\0107.jpg;8dc40eb4ad499079fadbd2888942caa080d61f08c941ee4c617a64985d322424;Ожидается;Просмотрена обзорно;Не завершена;Нет
be619e8e5341a267-p0108-PAGE_CONTEXT;lit_chtenie_2k_ch2_Voropaeva_rus_2022.pdf;108;D:\ai-brain-data\visual-lexicon\belarus-primary-20261009\books\be619e8e5341a267\pages\0108.jpg;d3d15e74c18de09c8672cc6bf51be9e49888284f8cd6f6dc89a9706667e7bfd9;Ожидается;Просмотрена обзорно;Не завершена;Нет
be619e8e5341a267-p0109-PAGE_CONTEXT;lit_chtenie_2k_ch2_Voropaeva_rus_2022.pdf;109;D:\ai-brain-data\visual-lexicon\belarus-primary-20261009\books\be619e8e5341a267\pages\0109.jpg;3354eb21cb1e1194860eb494f9cffc299cc1de0c7a40da036ff69791de2de6f1;Ожидается;Просмотрена обзорно;Не завершена;Нет
be619e8e5341a267-p0110-PAGE_CONTEXT;lit_chtenie_2k_ch2_Voropaeva_rus_2022.pdf;110;D:\ai-brain-data\visual-lexicon\belarus-primary-20261009\books\be619e8e5341a267\pages\0110.jpg;fe01ea5abc834a2b3971924546d49ea997144666cc1a99f7bc0378acecbfbaab;Ожидается;Просмотрена обзорно;Не завершена;Нет
be619e8e5341a267-p0111-PAGE_CONTEXT;lit_chtenie_2k_ch2_Voropaeva_rus_2022.pdf;111;D:\ai-brain-data\visual-lexicon\belarus-primary-20261009\books\be619e8e5341a267\pages\0111.jpg;fb99ab9a9b88c1b1b1056924afd099fdd5690c0200be22c1ba1e2dc482f6579d;Ожидается;Просмотрена обзорно;Не завершена;Нет
be619e8e5341a267-p0112-PAGE_CONTEXT;lit_chtenie_2k_ch2_Voropaeva_rus_2022.pdf;112;D:\ai-brain-data\visual-lexicon\belarus-primary-20261009\books\be619e8e5341a267\pages\0112.jpg;bd88b330ce9c0703ca7d097dc09a97533286a21c71a3520b19c8327d3f79a1f9;Ожидается;Просмотрена обзорно;Не завершена;Нет
be619e8e5341a267-p0113-PAGE_CONTEXT;lit_chtenie_2k_ch2_Voropaeva_rus_2022.pdf;113;D:\ai-brain-data\visual-lexicon\belarus-primary-20261009\books\be619e8e5341a267\pages\0113.jpg;b22692f00c3afa9f18b905dd29635a11fcb199bd69775f076207ebfe701e9995;Ожидается;Просмотрена обзорно;Не завершена;Нет
be619e8e5341a267-p0114-PAGE_CONTEXT;lit_chtenie_2k_ch2_Voropaeva_rus_2022.pdf;114;D:\ai-brain-data\visual-lexicon\belarus-primary-20261009\books\be619e8e5341a267\pages\0114.jpg;7d27354cf42e8abab69e57c9dc7833d70b7a44f09e7e919e1880035d98bfea60;Ожидается;Просмотрена обзорно;Не завершена;Нет
be619e8e5341a267-p0115-PAGE_CONTEXT;lit_chtenie_2k_ch2_Voropaeva_rus_2022.pdf;115;D:\ai-brain-data\visual-lexicon\belarus-primary-20261009\books\be619e8e5341a267\pages\0115.jpg;fc15fd68c795d5b3afca988f949bf397164841c70e5ae6c54d81af0e911be651;Ожидается;Просмотрена обзорно;Не завершена;Нет
be619e8e5341a267-p0116-PAGE_CONTEXT;lit_chtenie_2k_ch2_Voropaeva_rus_2022.pdf;116;D:\ai-brain-data\visual-lexicon\belarus-primary-20261009\books\be619e8e5341a267\pages\0116.jpg;d8c7dce1a18b6727932697ef4e4f673608f89b6e15435b9e818dc7775d46b68c;Ожидается;Просмотрена обзорно;Не завершена;Нет
be619e8e5341a267-p0117-PAGE_CONTEXT;lit_chtenie_2k_ch2_Voropaeva_rus_2022.pdf;117;D:\ai-brain-data\visual-lexicon\belarus-primary-20261009\books\be619e8e5341a267\pages\0117.jpg;b0adebe756de4d6a43273e45531f4ee53253cbf458a9a40c600a9625c75ec608;Ожидается;Просмотрена обзорно;Не завершена;Нет
be619e8e5341a267-p0118-PAGE_CONTEXT;lit_chtenie_2k_ch2_Voropaeva_rus_2022.pdf;118;D:\ai-brain-data\visual-lexicon\belarus-primary-20261009\books\be619e8e5341a267\pages\0118.jpg;af8b4ff065b1fb0bc7a53fce02e2e564de3ff5440ea555a32aab7a6d54cf6d7c;Ожидается;Просмотрена обзорно;Не завершена;Нет
be619e8e5341a267-p0119-PAGE_CONTEXT;lit_chtenie_2k_ch2_Voropaeva_rus_2022.pdf;119;D:\ai-brain-data\visual-lexicon\belarus-primary-20261009\books\be619e8e5341a267\pages\0119.jpg;324d95adc9865540c2029383c60d9c012904d32034de3339f7f6f3359bb47621;Ожидается;Просмотрена обзорно;Не завершена;Нет
be619e8e5341a267-p0120-PAGE_CONTEXT;lit_chtenie_2k_ch2_Voropaeva_rus_2022.pdf;120;D:\ai-brain-data\visual-lexicon\belarus-primary-20261009\books\be619e8e5341a267\pages\0120.jpg;afb72d444af801435db746b46f1c39d7eb9995ba41a3d92a98a3ff923fbfddce;Ожидается;Просмотрена обзорно;Не завершена;Нет
be619e8e5341a267-p0121-PAGE_CONTEXT;lit_chtenie_2k_ch2_Voropaeva_rus_2022.pdf;121;D:\ai-brain-data\visual-lexicon\belarus-primary-20261009\books\be619e8e5341a267\pages\0121.jpg;fa5f1e90df020b8b7fc10aa664abe9ac010cf69e4d2335189fc15fd6ffcce52f;Ожидается;Просмотрена обзорно;Не завершена;Нет
be619e8e5341a267-p0122-PAGE_CONTEXT;lit_chtenie_2k_ch2_Voropaeva_rus_2022.pdf;122;D:\ai-brain-data\visual-lexicon\belarus-primary-20261009\books\be619e8e5341a267\pages\0122.jpg;2abe4a339c828ff9fe7ddede046cc643eb0c99eab879fbc5ad70913461423d94;Ожидается;Просмотрена обзорно;Не завершена;Нет
be619e8e5341a267-p0123-PAGE_CONTEXT;lit_chtenie_2k_ch2_Voropaeva_rus_2022.pdf;123;D:\ai-brain-data\visual-lexicon\belarus-primary-20261009\books\be619e8e5341a267\pages\0123.jpg;3047632a21b07b04fe6eb836da1db851b69d4477552d6b9848a5f2c195aaac81;Ожидается;Просмотрена обзорно;Не завершена;Нет
be619e8e5341a267-p0124-PAGE_CONTEXT;lit_chtenie_2k_ch2_Voropaeva_rus_2022.pdf;124;D:\ai-brain-data\visual-lexicon\belarus-primary-20261009\books\be619e8e5341a267\pages\0124.jpg;af746e2fc70ed2a9d80a04e637051453f1e48302d4809a3367c2f18d41553636;Ожидается;Просмотрена обзорно;Не завершена;Нет
be619e8e5341a267-p0125-PAGE_CONTEXT;lit_chtenie_2k_ch2_Voropaeva_rus_2022.pdf;125;D:\ai-brain-data\visual-lexicon\belarus-primary-20261009\books\be619e8e5341a267\pages\0125.jpg;fbe63cfa0554df875251c272057f704f7ee235fd01868de9b811ee0ff1b0f939;Ожидается;Просмотрена обзорно;Не завершена;Нет
be619e8e5341a267-p0126-PAGE_CONTEXT;lit_chtenie_2k_ch2_Voropaeva_rus_2022.pdf;126;D:\ai-brain-data\visual-lexicon\belarus-primary-20261009\books\be619e8e5341a267\pages\0126.jpg;b93013fc267264015b7ae08366f46695b5a139786070ef9a9ca58e8a50891e58;Ожидается;Просмотрена обзорно;Не завершена;Нет
be619e8e5341a267-p0127-PAGE_CONTEXT;lit_chtenie_2k_ch2_Voropaeva_rus_2022.pdf;127;D:\ai-brain-data\visual-lexicon\belarus-primary-20261009\books\be619e8e5341a267\pages\0127.jpg;7892bd82960ffbaaba8da8f1f2fdd7d01b14839aa758786030e8eb0bd097949d;Ожидается;Просмотрена обзорно;Не завершена;Нет
be619e8e5341a267-p0128-PAGE_CONTEXT;lit_chtenie_2k_ch2_Voropaeva_rus_2022.pdf;128;D:\ai-brain-data\visual-lexicon\belarus-primary-20261009\books\be619e8e5341a267\pages\0128.jpg;fed2b7ddc3f9e61fb89fc151734a042f1213e95ee15f9594c09ddac12e534fb5;Ожидается;Просмотрена обзорно;Не завершена;Нет
be619e8e5341a267-p0129-PAGE_CONTEXT;lit_chtenie_2k_ch2_Voropaeva_rus_2022.pdf;129;D:\ai-brain-data\visual-lexicon\belarus-primary-20261009\books\be619e8e5341a267\pages\0129.jpg;ac59dffa009f405adc3fdb149a1353b7ece965a82124d3e7802787e2da9d6df5;Ожидается;Просмотрена обзорно;Не завершена;Нет
be619e8e5341a267-p0130-PAGE_CONTEXT;lit_chtenie_2k_ch2_Voropaeva_rus_2022.pdf;130;D:\ai-brain-data\visual-lexicon\belarus-primary-20261009\books\be619e8e5341a267\pages\0130.jpg;bd9d0d16cfeff400991fc48a3a05c47a17bb3cc4dda1a9b3068401d8ead8b308;Ожидается;Просмотрена обзорно;Не завершена;Нет
be619e8e5341a267-p0131-PAGE_CONTEXT;lit_chtenie_2k_ch2_Voropaeva_rus_2022.pdf;131;D:\ai-brain-data\visual-lexicon\belarus-primary-20261009\books\be619e8e5341a267\pages\0131.jpg;9596fa1c7419161bd34a0d2c4a120ab0574f9d945066e91da7a45fa295748283;Ожидается;Просмотрена обзорно;Не завершена;Нет
be619e8e5341a267-p0132-PAGE_CONTEXT;lit_chtenie_2k_ch2_Voropaeva_rus_2022.pdf;132;D:\ai-brain-data\visual-lexicon\belarus-primary-20261009\books\be619e8e5341a267\pages\0132.jpg;09fb10b7dca895129865c68164601adcb9fea8775e6f3dfe6a3cb6b50b5510d2;Ожидается;Просмотрена обзорно;Не завершена;Нет
be619e8e5341a267-p0133-PAGE_CONTEXT;lit_chtenie_2k_ch2_Voropaeva_rus_2022.pdf;133;D:\ai-brain-data\visual-lexicon\belarus-primary-20261009\books\be619e8e5341a267\pages\0133.jpg;01687132b8533adf779542bda4b23fef516b9edab71663e5d887e00fcd3ec502;Ожидается;Просмотрена обзорно;Не завершена;Нет
be619e8e5341a267-p0134-PAGE_CONTEXT;lit_chtenie_2k_ch2_Voropaeva_rus_2022.pdf;134;D:\ai-brain-data\visual-lexicon\belarus-primary-20261009\books\be619e8e5341a267\pages\0134.jpg;f928e4ab4746847acfa18c485d0ae5c4aa04cfb5d373fdf202b14899c9f300e9;Просмотрено выборочно;Просмотрена обзорно;Не завершена;Нет
be619e8e5341a267-p0135-PAGE_CONTEXT;lit_chtenie_2k_ch2_Voropaeva_rus_2022.pdf;135;D:\ai-brain-data\visual-lexicon\belarus-primary-20261009\books\be619e8e5341a267\pages\0135.jpg;2136c3fc526388ba09c38dcb3158328a0d0e308b06692b8b0adb2b7e9e1c37e1;Ожидается;Просмотрена обзорно;Не завершена;Нет
be619e8e5341a267-p0136-PAGE_CONTEXT;lit_chtenie_2k_ch2_Voropaeva_rus_2022.pdf;136;D:\ai-brain-data\visual-lexicon\belarus-primary-20261009\books\be619e8e5341a267\pages\0136.jpg;23048d1ceb971e4c639481df9bfa22d76c3a8d613c598d1ab6a048a3c2011168;Ожидается;Просмотрена обзорно;Не завершена;Нет
be619e8e5341a267-p0137-PAGE_CONTEXT;lit_chtenie_2k_ch2_Voropaeva_rus_2022.pdf;137;D:\ai-brain-data\visual-lexicon\belarus-primary-20261009\books\be619e8e5341a267\pages\0137.jpg;f573170cf4865ff8d7935f4488ec29c0061bfa47fbabefee0ca0d8a6ce85cf56;Ожидается;Просмотрена обзорно;Не завершена;Нет
be619e8e5341a267-p0138-PAGE_CONTEXT;lit_chtenie_2k_ch2_Voropaeva_rus_2022.pdf;138;D:\ai-brain-data\visual-lexicon\belarus-primary-20261009\books\be619e8e5341a267\pages\0138.jpg;46fd71017d1b3278475eb0251100cf4ac1d44977828e57355ef5aa53da4badde;Ожидается;Просмотрена обзорно;Не завершена;Нет
be619e8e5341a267-p0139-PAGE_CONTEXT;lit_chtenie_2k_ch2_Voropaeva_rus_2022.pdf;139;D:\ai-brain-data\visual-lexicon\belarus-primary-20261009\books\be619e8e5341a267\pages\0139.jpg;989e1f555ddb5dc0fdc70912bfed9bc9cc60298004e2db350cb5421bd4b46579;Ожидается;Просмотрена обзорно;Не завершена;Нет
be619e8e5341a267-p0140-PAGE_CONTEXT;lit_chtenie_2k_ch2_Voropaeva_rus_2022.pdf;140;D:\ai-brain-data\visual-lexicon\belarus-primary-20261009\books\be619e8e5341a267\pages\0140.jpg;2b8f42625b46c371326e1022db898d3927320280ba844e5f04b7aa05a166681c;Ожидается;Просмотрена обзорно;Не завершена;Нет
be619e8e5341a267-p0141-PAGE_CONTEXT;lit_chtenie_2k_ch2_Voropaeva_rus_2022.pdf;141;D:\ai-brain-data\visual-lexicon\belarus-primary-20261009\books\be619e8e5341a267\pages\0141.jpg;960f240394b5fd83744f37c19da2ef59983af93165fce060a1c690daa18ab255;Ожидается;Просмотрена обзорно;Не завершена;Нет
c3b508ef9abf7f5a-p0001-PAGE_CONTEXT;izo_Sokolova_2kl_rus_2019.pdf;1;D:\ai-brain-data\visual-lexicon\belarus-primary-20261009\books\c3b508ef9abf7f5a\pages\0001.jpg;31ce68d71ca4c12ac996100fe4d26bfb0b2aae99d3c9daa0bd674e22d7efa63a;Ожидается;Просмотрена обзорно;Не завершена;Нет
c3b508ef9abf7f5a-p0002-PAGE_CONTEXT;izo_Sokolova_2kl_rus_2019.pdf;2;D:\ai-brain-data\visual-lexicon\belarus-primary-20261009\books\c3b508ef9abf7f5a\pages\0002.jpg;0f8ae38331e00881c1aed687c1e2ac534d6286caad921730d4da5c68651ce9ac;Ожидается;Просмотрена обзорно;Не завершена;Нет
c3b508ef9abf7f5a-p0003-PAGE_CONTEXT;izo_Sokolova_2kl_rus_2019.pdf;3;D:\ai-brain-data\visual-lexicon\belarus-primary-20261009\books\c3b508ef9abf7f5a\pages\0003.jpg;5e6ad92ff5ad81785787666f0bac0d400b5e8de4543d01eae4b6852a6b5bbafd;Ожидается;Просмотрена обзорно;Не завершена;Нет
c3b508ef9abf7f5a-p0004-PAGE_CONTEXT;izo_Sokolova_2kl_rus_2019.pdf;4;D:\ai-brain-data\visual-lexicon\belarus-primary-20261009\books\c3b508ef9abf7f5a\pages\0004.jpg;af378679f1f290dc2979d340fac0e27c1899bf20b5c64211b3b0b02d6255f33a;Ожидается;Просмотрена обзорно;Не завершена;Нет
c3b508ef9abf7f5a-p0005-PAGE_CONTEXT;izo_Sokolova_2kl_rus_2019.pdf;5;D:\ai-brain-data\visual-lexicon\belarus-primary-20261009\books\c3b508ef9abf7f5a\pages\0005.jpg;afbc58cad0f9f53719397b6a6a9d571b8ca1e025f0fa020165dad48e5ec4dd02;Ожидается;Просмотрена обзорно;Не завершена;Нет
c3b508ef9abf7f5a-p0006-PAGE_CONTEXT;izo_Sokolova_2kl_rus_2019.pdf;6;D:\ai-brain-data\visual-lexicon\belarus-primary-20261009\books\c3b508ef9abf7f5a\pages\0006.jpg;377ebe4245d90f4d7c37b070d97d426060b21e1fe97c4fc6f0e6bd9ccdbd6344;Ожидается;Просмотрена обзорно;Не завершена;Нет
c3b508ef9abf7f5a-p0007-PAGE_CONTEXT;izo_Sokolova_2kl_rus_2019.pdf;7;D:\ai-brain-data\visual-lexicon\belarus-primary-20261009\books\c3b508ef9abf7f5a\pages\0007.jpg;c5626de2982e6c93e25a3669695b2562c1c595a6ddc17cf9c9fa8bda6f4b27a7;Ожидается;Просмотрена обзорно;Не завершена;Нет
c3b508ef9abf7f5a-p0008-PAGE_CONTEXT;izo_Sokolova_2kl_rus_2019.pdf;8;D:\ai-brain-data\visual-lexicon\belarus-primary-20261009\books\c3b508ef9abf7f5a\pages\0008.jpg;74f9e8a53383c92d7e6dab68252af80a2bdaa50ea70c9a96740437b4488c906e;Ожидается;Просмотрена обзорно;Не завершена;Нет
c3b508ef9abf7f5a-p0009-PAGE_CONTEXT;izo_Sokolova_2kl_rus_2019.pdf;9;D:\ai-brain-data\visual-lexicon\belarus-primary-20261009\books\c3b508ef9abf7f5a\pages\0009.jpg;a80b20e46161542ac043ba39ad4fd28bc91b681979fb91b35d5cd11f84bafed4;Ожидается;Просмотрена обзорно;Не завершена;Нет
c3b508ef9abf7f5a-p0010-PAGE_CONTEXT;izo_Sokolova_2kl_rus_2019.pdf;10;D:\ai-brain-data\visual-lexicon\belarus-primary-20261009\books\c3b508ef9abf7f5a\pages\0010.jpg;51c8118c0dd5fcf5e7d973b96509befc4d17b8d32581237d2e53548fb114f6ab;Просмотрено выборочно;Просмотрена обзорно;Не завершена;Нет
c3b508ef9abf7f5a-p0011-PAGE_CONTEXT;izo_Sokolova_2kl_rus_2019.pdf;11;D:\ai-brain-data\visual-lexicon\belarus-primary-20261009\books\c3b508ef9abf7f5a\pages\0011.jpg;f4329ad3bb1d2670194404c7c2cfa0ec6d90f96fd44039ac2cc46529dcd7a770;Ожидается;Просмотрена обзорно;Не завершена;Нет
c3b508ef9abf7f5a-p0012-PAGE_CONTEXT;izo_Sokolova_2kl_rus_2019.pdf;12;D:\ai-brain-data\visual-lexicon\belarus-primary-20261009\books\c3b508ef9abf7f5a\pages\0012.jpg;a2c10780837c0b57571857acf274d1e22d512daaaac93363aef9c6a2cd8c60f2;Ожидается;Просмотрена обзорно;Не завершена;Нет
c3b508ef9abf7f5a-p0013-PAGE_CONTEXT;izo_Sokolova_2kl_rus_2019.pdf;13;D:\ai-brain-data\visual-lexicon\belarus-primary-20261009\books\c3b508ef9abf7f5a\pages\0013.jpg;508f1df3344da2475258724dee3a0239f6a451f2f6b432ac6dfd2dd2c1165bbe;Ожидается;Просмотрена обзорно;Не завершена;Нет
c3b508ef9abf7f5a-p0014-PAGE_CONTEXT;izo_Sokolova_2kl_rus_2019.pdf;14;D:\ai-brain-data\visual-lexicon\belarus-primary-20261009\books\c3b508ef9abf7f5a\pages\0014.jpg;2fb9c6fec049937a4f2d290f0c9ba235e385f11d2bf4a88365d35e4bc5ec687f;Ожидается;Просмотрена обзорно;Не завершена;Нет
c3b508ef9abf7f5a-p0015-PAGE_CONTEXT;izo_Sokolova_2kl_rus_2019.pdf;15;D:\ai-brain-data\visual-lexicon\belarus-primary-20261009\books\c3b508ef9abf7f5a\pages\0015.jpg;54088ea5c8246aac2302f4516346a094cd88ce6d087357d27f98ce1f7547d22c;Ожидается;Просмотрена обзорно;Не завершена;Нет
c3b508ef9abf7f5a-p0016-PAGE_CONTEXT;izo_Sokolova_2kl_rus_2019.pdf;16;D:\ai-brain-data\visual-lexicon\belarus-primary-20261009\books\c3b508ef9abf7f5a\pages\0016.jpg;9dc2bbd832767e8cf6c2df57bc142199f787f7eb8fb9efe6c18717ff85cdec2e;Ожидается;Просмотрена обзорно;Не завершена;Нет
c3b508ef9abf7f5a-p0017-PAGE_CONTEXT;izo_Sokolova_2kl_rus_2019.pdf;17;D:\ai-brain-data\visual-lexicon\belarus-primary-20261009\books\c3b508ef9abf7f5a\pages\0017.jpg;475a637a2adaa794486724a5e2bb79458acf8556b2a42618a44955f5764a0c32;Ожидается;Просмотрена обзорно;Не завершена;Нет
c3b508ef9abf7f5a-p0018-PAGE_CONTEXT;izo_Sokolova_2kl_rus_2019.pdf;18;D:\ai-brain-data\visual-lexicon\belarus-primary-20261009\books\c3b508ef9abf7f5a\pages\0018.jpg;a96d47182d97eafad9ac56a4909603747b2f4337fe4c2745ce773cdf1f2fb2c5;Ожидается;Просмотрена обзорно;Не завершена;Нет
c3b508ef9abf7f5a-p0019-PAGE_CONTEXT;izo_Sokolova_2kl_rus_2019.pdf;19;D:\ai-brain-data\visual-lexicon\belarus-primary-20261009\books\c3b508ef9abf7f5a\pages\0019.jpg;dadb9151d4c532a0c29d5863096b2f09fe8c6aba0082ac9911ff1b9de60563a1;Ожидается;Просмотрена обзорно;Не завершена;Нет
c3b508ef9abf7f5a-p0020-PAGE_CONTEXT;izo_Sokolova_2kl_rus_2019.pdf;20;D:\ai-brain-data\visual-lexicon\belarus-primary-20261009\books\c3b508ef9abf7f5a\pages\0020.jpg;2da919d453300a17dbaba59ede569d2ac9c476c799260df14e51dcf23cc23ca0;Ожидается;Просмотрена обзорно;Не завершена;Нет
c3b508ef9abf7f5a-p0021-PAGE_CONTEXT;izo_Sokolova_2kl_rus_2019.pdf;21;D:\ai-brain-data\visual-lexicon\belarus-primary-20261009\books\c3b508ef9abf7f5a\pages\0021.jpg;4536f6d9028b0876c1dcd261198fd84a6d97a63c0293d6d84a47e8c424eb37ea;Ожидается;Просмотрена обзорно;Не завершена;Нет
c3b508ef9abf7f5a-p0022-PAGE_CONTEXT;izo_Sokolova_2kl_rus_2019.pdf;22;D:\ai-brain-data\visual-lexicon\belarus-primary-20261009\books\c3b508ef9abf7f5a\pages\0022.jpg;e09c6afdf4fee056c0f7f870bf4e1764190135e6a03b4278cab8445231eb752d;Ожидается;Просмотрена обзорно;Не завершена;Нет
c3b508ef9abf7f5a-p0023-PAGE_CONTEXT;izo_Sokolova_2kl_rus_2019.pdf;23;D:\ai-brain-data\visual-lexicon\belarus-primary-20261009\books\c3b508ef9abf7f5a\pages\0023.jpg;2ff3efe57589e6d638d2c0110dc4df0c791412db345c84ae2a014925b6a827b4;Ожидается;Просмотрена обзорно;Не завершена;Нет
c3b508ef9abf7f5a-p0024-PAGE_CONTEXT;izo_Sokolova_2kl_rus_2019.pdf;24;D:\ai-brain-data\visual-lexicon\belarus-primary-20261009\books\c3b508ef9abf7f5a\pages\0024.jpg;b31e38552e8598cb3ef3e0659053f3be0ff3b3097bd44d92f34795931e6c7fba;Ожидается;Просмотрена обзорно;Не завершена;Нет
c3b508ef9abf7f5a-p0025-PAGE_CONTEXT;izo_Sokolova_2kl_rus_2019.pdf;25;D:\ai-brain-data\visual-lexicon\belarus-primary-20261009\books\c3b508ef9abf7f5a\pages\0025.jpg;1969249a730879f944fc3d474f16a283b083a6977dfcd07ba5c89bcdfdeb0f44;Ожидается;Просмотрена обзорно;Не завершена;Нет
c3b508ef9abf7f5a-p0026-PAGE_CONTEXT;izo_Sokolova_2kl_rus_2019.pdf;26;D:\ai-brain-data\visual-lexicon\belarus-primary-20261009\books\c3b508ef9abf7f5a\pages\0026.jpg;1b067b72bfd76408e9533b576505012a81e39a66ec7b9e39ef8495ea8c0c28fe;Ожидается;Просмотрена обзорно;Не завершена;Нет
c3b508ef9abf7f5a-p0027-PAGE_CONTEXT;izo_Sokolova_2kl_rus_2019.pdf;27;D:\ai-brain-data\visual-lexicon\belarus-primary-20261009\books\c3b508ef9abf7f5a\pages\0027.jpg;2f01b613ed98dcaec700e439a525898fd295f4e04f3200f51d8457f0f3dbe3c6;Ожидается;Просмотрена обзорно;Не завершена;Нет
c3b508ef9abf7f5a-p0028-PAGE_CONTEXT;izo_Sokolova_2kl_rus_2019.pdf;28;D:\ai-brain-data\visual-lexicon\belarus-primary-20261009\books\c3b508ef9abf7f5a\pages\0028.jpg;4f6a334755892fefabc7fced4b25632f24d9e2d5c52f6a3ad2670334e01b6094;Ожидается;Просмотрена обзорно;Не завершена;Нет
c3b508ef9abf7f5a-p0029-PAGE_CONTEXT;izo_Sokolova_2kl_rus_2019.pdf;29;D:\ai-brain-data\visual-lexicon\belarus-primary-20261009\books\c3b508ef9abf7f5a\pages\0029.jpg;e98f3e461564a8807780de13cabf46e17642983bddcc8e9d615d3667bfe0fb4f;Ожидается;Просмотрена обзорно;Не завершена;Нет
c3b508ef9abf7f5a-p0030-PAGE_CONTEXT;izo_Sokolova_2kl_rus_2019.pdf;30;D:\ai-brain-data\visual-lexicon\belarus-primary-20261009\books\c3b508ef9abf7f5a\pages\0030.jpg;f049f3017ecf41d6b0c833c3e12044ac42e555db26561f37a436d508cf93024d;Ожидается;Просмотрена обзорно;Не завершена;Нет
c3b508ef9abf7f5a-p0031-PAGE_CONTEXT;izo_Sokolova_2kl_rus_2019.pdf;31;D:\ai-brain-data\visual-lexicon\belarus-primary-20261009\books\c3b508ef9abf7f5a\pages\0031.jpg;97f21d76043254cca2c46a7025e4e9aa8d18d9286ddddf5459c83053e34ef5db;Ожидается;Просмотрена обзорно;Не завершена;Нет
c3b508ef9abf7f5a-p0032-PAGE_CONTEXT;izo_Sokolova_2kl_rus_2019.pdf;32;D:\ai-brain-data\visual-lexicon\belarus-primary-20261009\books\c3b508ef9abf7f5a\pages\0032.jpg;294e6d19c81db6bfdf5be95872dbc8ba413e2ddc2d9499aa5ac41ce9b1ddb599;Ожидается;Просмотрена обзорно;Не завершена;Нет
c3b508ef9abf7f5a-p0033-PAGE_CONTEXT;izo_Sokolova_2kl_rus_2019.pdf;33;D:\ai-brain-data\visual-lexicon\belarus-primary-20261009\books\c3b508ef9abf7f5a\pages\0033.jpg;2116547783225c7d0ae2ae83fe732657ae2966cb66a320c7dd5dd9b71648c8a5;Ожидается;Просмотрена обзорно;Не завершена;Нет
c3b508ef9abf7f5a-p0034-PAGE_CONTEXT;izo_Sokolova_2kl_rus_2019.pdf;34;D:\ai-brain-data\visual-lexicon\belarus-primary-20261009\books\c3b508ef9abf7f5a\pages\0034.jpg;7fd7c9f217be5b388f96c4f580930892601f82931c66f90830664346399513d7;Ожидается;Просмотрена обзорно;Не завершена;Нет
c3b508ef9abf7f5a-p0035-PAGE_CONTEXT;izo_Sokolova_2kl_rus_2019.pdf;35;D:\ai-brain-data\visual-lexicon\belarus-primary-20261009\books\c3b508ef9abf7f5a\pages\0035.jpg;1c7cdbd3b29f5dadd6860896694aa1b88ea910de734d8e6a3e9b8d5e6442b233;Ожидается;Просмотрена обзорно;Не завершена;Нет
c3b508ef9abf7f5a-p0036-PAGE_CONTEXT;izo_Sokolova_2kl_rus_2019.pdf;36;D:\ai-brain-data\visual-lexicon\belarus-primary-20261009\books\c3b508ef9abf7f5a\pages\0036.jpg;63c9d7d1037a52e575333e6a0c8ee2de135eab620edadc5f14e356481f93c22e;Ожидается;Просмотрена обзорно;Не завершена;Нет
c3b508ef9abf7f5a-p0037-PAGE_CONTEXT;izo_Sokolova_2kl_rus_2019.pdf;37;D:\ai-brain-data\visual-lexicon\belarus-primary-20261009\books\c3b508ef9abf7f5a\pages\0037.jpg;662054c59baeb2a944ef55fda3844b0d10971ef735395b047bc24ad6a4356bd9;Ожидается;Просмотрена обзорно;Не завершена;Нет
c3b508ef9abf7f5a-p0038-PAGE_CONTEXT;izo_Sokolova_2kl_rus_2019.pdf;38;D:\ai-brain-data\visual-lexicon\belarus-primary-20261009\books\c3b508ef9abf7f5a\pages\0038.jpg;99da88ca3628c7115204235ce8aaef7784dfa227cd02e41636d92d90253aa470;Ожидается;Просмотрена обзорно;Не завершена;Нет
c3b508ef9abf7f5a-p0039-PAGE_CONTEXT;izo_Sokolova_2kl_rus_2019.pdf;39;D:\ai-brain-data\visual-lexicon\belarus-primary-20261009\books\c3b508ef9abf7f5a\pages\0039.jpg;34e63d39b9df48044ca29f864fe57868bb7c628f765f30a40f36f1866b68b30c;Ожидается;Просмотрена обзорно;Не завершена;Нет
c3b508ef9abf7f5a-p0040-PAGE_CONTEXT;izo_Sokolova_2kl_rus_2019.pdf;40;D:\ai-brain-data\visual-lexicon\belarus-primary-20261009\books\c3b508ef9abf7f5a\pages\0040.jpg;c6a853ba30d98d0817686ee4b3108b5cbd4b45707bf4453e4e45dbebe1e5e785;Ожидается;Просмотрена обзорно;Не завершена;Нет
c3b508ef9abf7f5a-p0041-PAGE_CONTEXT;izo_Sokolova_2kl_rus_2019.pdf;41;D:\ai-brain-data\visual-lexicon\belarus-primary-20261009\books\c3b508ef9abf7f5a\pages\0041.jpg;2418e51ac4455023a66e6b9f446d16c5d968fa9b38a589ed35fea0423db0da59;Ожидается;Просмотрена обзорно;Не завершена;Нет
c3b508ef9abf7f5a-p0042-PAGE_CONTEXT;izo_Sokolova_2kl_rus_2019.pdf;42;D:\ai-brain-data\visual-lexicon\belarus-primary-20261009\books\c3b508ef9abf7f5a\pages\0042.jpg;e35e08a16871749ae47adc028bd0effa8112ac6ff9fcf838b238b761f0848d03;Ожидается;Просмотрена обзорно;Не завершена;Нет
c3b508ef9abf7f5a-p0043-PAGE_CONTEXT;izo_Sokolova_2kl_rus_2019.pdf;43;D:\ai-brain-data\visual-lexicon\belarus-primary-20261009\books\c3b508ef9abf7f5a\pages\0043.jpg;f33a2fcde40879769f3c1ececde3ffd32be7f270da8a9d8903896006fe5b484c;Ожидается;Просмотрена обзорно;Не завершена;Нет
c3b508ef9abf7f5a-p0044-PAGE_CONTEXT;izo_Sokolova_2kl_rus_2019.pdf;44;D:\ai-brain-data\visual-lexicon\belarus-primary-20261009\books\c3b508ef9abf7f5a\pages\0044.jpg;5e251b4f367ad977c41a554e88f9d67bd2f297819e362774025fa7a8189d3aa9;Просмотрено выборочно;Просмотрена обзорно;Не завершена;Нет
c3b508ef9abf7f5a-p0045-PAGE_CONTEXT;izo_Sokolova_2kl_rus_2019.pdf;45;D:\ai-brain-data\visual-lexicon\belarus-primary-20261009\books\c3b508ef9abf7f5a\pages\0045.jpg;c04963d672227a72be98975ab86910724a548da7cd7910b59ed7874bdd4ad9a5;Ожидается;Просмотрена обзорно;Не завершена;Нет
c3b508ef9abf7f5a-p0046-PAGE_CONTEXT;izo_Sokolova_2kl_rus_2019.pdf;46;D:\ai-brain-data\visual-lexicon\belarus-primary-20261009\books\c3b508ef9abf7f5a\pages\0046.jpg;0d114ae824bdc753c6ae07813bbc21a633906c760aea584bb2f7ea9feb4d4efc;Ожидается;Просмотрена обзорно;Не завершена;Нет
c3b508ef9abf7f5a-p0047-PAGE_CONTEXT;izo_Sokolova_2kl_rus_2019.pdf;47;D:\ai-brain-data\visual-lexicon\belarus-primary-20261009\books\c3b508ef9abf7f5a\pages\0047.jpg;30edb78057794f4870ea9073022ea7284a07a14e43a818cee905ba2ed1780ed5;Ожидается;Просмотрена обзорно;Не завершена;Нет
c3b508ef9abf7f5a-p0048-PAGE_CONTEXT;izo_Sokolova_2kl_rus_2019.pdf;48;D:\ai-brain-data\visual-lexicon\belarus-primary-20261009\books\c3b508ef9abf7f5a\pages\0048.jpg;194071caad34e9f51ebe8f1cab85531670217d3e059ed32a54045f88a3471141;Ожидается;Просмотрена обзорно;Не завершена;Нет
c3b508ef9abf7f5a-p0049-PAGE_CONTEXT;izo_Sokolova_2kl_rus_2019.pdf;49;D:\ai-brain-data\visual-lexicon\belarus-primary-20261009\books\c3b508ef9abf7f5a\pages\0049.jpg;d87b68097d6d3d6d810dcb2d2941ef04b8b9746143ba4b8b9ffce6c3fe973021;Ожидается;Просмотрена обзорно;Не завершена;Нет
c3b508ef9abf7f5a-p0050-PAGE_CONTEXT;izo_Sokolova_2kl_rus_2019.pdf;50;D:\ai-brain-data\visual-lexicon\belarus-primary-20261009\books\c3b508ef9abf7f5a\pages\0050.jpg;ca8e0812da2c217c15d92dc07bbb9bce803b94dc3c83b6502e2b2c2a4d998c93;Ожидается;Просмотрена обзорно;Не завершена;Нет
c3b508ef9abf7f5a-p0051-PAGE_CONTEXT;izo_Sokolova_2kl_rus_2019.pdf;51;D:\ai-brain-data\visual-lexicon\belarus-primary-20261009\books\c3b508ef9abf7f5a\pages\0051.jpg;5a0682aae2c7fb025e3832eac35f2c3658595db62b8d92515c55d46957fc063e;Ожидается;Просмотрена обзорно;Не завершена;Нет
c3b508ef9abf7f5a-p0052-PAGE_CONTEXT;izo_Sokolova_2kl_rus_2019.pdf;52;D:\ai-brain-data\visual-lexicon\belarus-primary-20261009\books\c3b508ef9abf7f5a\pages\0052.jpg;cb96bfeda63350a776c2e0d7c410292f3d288cabc37ec29c77b24497bbf627b1;Ожидается;Просмотрена обзорно;Не завершена;Нет
c3b508ef9abf7f5a-p0053-PAGE_CONTEXT;izo_Sokolova_2kl_rus_2019.pdf;53;D:\ai-brain-data\visual-lexicon\belarus-primary-20261009\books\c3b508ef9abf7f5a\pages\0053.jpg;7c34224c9f9aa785d4c3b0357d0e05b5f84b2a332ec96bfe81df262ab955f8a0;Ожидается;Просмотрена обзорно;Не завершена;Нет
c3b508ef9abf7f5a-p0054-PAGE_CONTEXT;izo_Sokolova_2kl_rus_2019.pdf;54;D:\ai-brain-data\visual-lexicon\belarus-primary-20261009\books\c3b508ef9abf7f5a\pages\0054.jpg;a44e5b3fa4dc701edefec14bf359b3712687019425e216cbe8fcf22b3e6674a7;Ожидается;Просмотрена обзорно;Не завершена;Нет
c3b508ef9abf7f5a-p0055-PAGE_CONTEXT;izo_Sokolova_2kl_rus_2019.pdf;55;D:\ai-brain-data\visual-lexicon\belarus-primary-20261009\books\c3b508ef9abf7f5a\pages\0055.jpg;ac02915f0548d34a945a4ea9427ed969ffdc54d00ef96e86bea6c823174fc91c;Ожидается;Просмотрена обзорно;Не завершена;Нет
c3b508ef9abf7f5a-p0056-PAGE_CONTEXT;izo_Sokolova_2kl_rus_2019.pdf;56;D:\ai-brain-data\visual-lexicon\belarus-primary-20261009\books\c3b508ef9abf7f5a\pages\0056.jpg;009d89eaf3ba3c7375704ad49c132764afc83d76a74c5d0999c6e5e865001cf0;Ожидается;Просмотрена обзорно;Не завершена;Нет
c3b508ef9abf7f5a-p0057-PAGE_CONTEXT;izo_Sokolova_2kl_rus_2019.pdf;57;D:\ai-brain-data\visual-lexicon\belarus-primary-20261009\books\c3b508ef9abf7f5a\pages\0057.jpg;ef7059bbb90e63194609fe890b54b584e0159173ff800cf890cc598a3bdeb49b;Ожидается;Просмотрена обзорно;Не завершена;Нет
c3b508ef9abf7f5a-p0058-PAGE_CONTEXT;izo_Sokolova_2kl_rus_2019.pdf;58;D:\ai-brain-data\visual-lexicon\belarus-primary-20261009\books\c3b508ef9abf7f5a\pages\0058.jpg;a0076fcb92f9ed5e9378472feba17da45921ef19a4b6e8e051a74fd1888bb339;Ожидается;Просмотрена обзорно;Не завершена;Нет
c3b508ef9abf7f5a-p0059-PAGE_CONTEXT;izo_Sokolova_2kl_rus_2019.pdf;59;D:\ai-brain-data\visual-lexicon\belarus-primary-20261009\books\c3b508ef9abf7f5a\pages\0059.jpg;0ab8a4bff126bfdea815e768903d3ce48671b41cda410fca6e97aba9b6b6a26e;Ожидается;Просмотрена обзорно;Не завершена;Нет
c3b508ef9abf7f5a-p0060-PAGE_CONTEXT;izo_Sokolova_2kl_rus_2019.pdf;60;D:\ai-brain-data\visual-lexicon\belarus-primary-20261009\books\c3b508ef9abf7f5a\pages\0060.jpg;70fa0b25f626d8a7326a0957da0d63aa04dbe6b48b9ef62954c877951d19323b;Ожидается;Просмотрена обзорно;Не завершена;Нет
c3b508ef9abf7f5a-p0061-PAGE_CONTEXT;izo_Sokolova_2kl_rus_2019.pdf;61;D:\ai-brain-data\visual-lexicon\belarus-primary-20261009\books\c3b508ef9abf7f5a\pages\0061.jpg;747339ef6727e05c887e56c07c6d818f6e22a006c7ba87de44923eaff23a30e3;Ожидается;Просмотрена обзорно;Не завершена;Нет
c3b508ef9abf7f5a-p0062-PAGE_CONTEXT;izo_Sokolova_2kl_rus_2019.pdf;62;D:\ai-brain-data\visual-lexicon\belarus-primary-20261009\books\c3b508ef9abf7f5a\pages\0062.jpg;eb200e698a6ba3b4ff62ace87e84faed1a890fbd9e292f345a8717c03cd6670f;Ожидается;Просмотрена обзорно;Не завершена;Нет
c3b508ef9abf7f5a-p0063-PAGE_CONTEXT;izo_Sokolova_2kl_rus_2019.pdf;63;D:\ai-brain-data\visual-lexicon\belarus-primary-20261009\books\c3b508ef9abf7f5a\pages\0063.jpg;8bf0a53562a8c8875e76ce1227b49cd58b9b3f397168436adf9a64081be873d4;Ожидается;Просмотрена обзорно;Не завершена;Нет
c3b508ef9abf7f5a-p0064-PAGE_CONTEXT;izo_Sokolova_2kl_rus_2019.pdf;64;D:\ai-brain-data\visual-lexicon\belarus-primary-20261009\books\c3b508ef9abf7f5a\pages\0064.jpg;770cdddf4d6eb61923ff1224a1cf275085c7ac77ae5c5c71844a6475b9c45eb3;Ожидается;Просмотрена обзорно;Не завершена;Нет
c3b508ef9abf7f5a-p0065-PAGE_CONTEXT;izo_Sokolova_2kl_rus_2019.pdf;65;D:\ai-brain-data\visual-lexicon\belarus-primary-20261009\books\c3b508ef9abf7f5a\pages\0065.jpg;a574566fab61405dd4e677116dad83c6445e2800405c09f38d839a01d9e1bff6;Ожидается;Просмотрена обзорно;Не завершена;Нет
c3b508ef9abf7f5a-p0066-PAGE_CONTEXT;izo_Sokolova_2kl_rus_2019.pdf;66;D:\ai-brain-data\visual-lexicon\belarus-primary-20261009\books\c3b508ef9abf7f5a\pages\0066.jpg;43a8a928ff4dafdae0bce8f76757c42e4bdccfd42b0c7ba3f9be290ed5311db8;Ожидается;Просмотрена обзорно;Не завершена;Нет
c3b508ef9abf7f5a-p0067-PAGE_CONTEXT;izo_Sokolova_2kl_rus_2019.pdf;67;D:\ai-brain-data\visual-lexicon\belarus-primary-20261009\books\c3b508ef9abf7f5a\pages\0067.jpg;508f4ca63816c3239f13d04e4b56a9f80154cea2e2a3a2de03c41eb77ef238dd;Ожидается;Просмотрена обзорно;Не завершена;Нет
c3b508ef9abf7f5a-p0068-PAGE_CONTEXT;izo_Sokolova_2kl_rus_2019.pdf;68;D:\ai-brain-data\visual-lexicon\belarus-primary-20261009\books\c3b508ef9abf7f5a\pages\0068.jpg;2ef73577ac4d91b171379190e47766ae25be9d8741959d7544050c1c0173797e;Ожидается;Просмотрена обзорно;Не завершена;Нет
c3b508ef9abf7f5a-p0069-PAGE_CONTEXT;izo_Sokolova_2kl_rus_2019.pdf;69;D:\ai-brain-data\visual-lexicon\belarus-primary-20261009\books\c3b508ef9abf7f5a\pages\0069.jpg;38e1eae37a4c3edb5d5025914fddf898025a7ee382ebad3ff2e0943f41e225d6;Ожидается;Просмотрена обзорно;Не завершена;Нет
c3b508ef9abf7f5a-p0070-PAGE_CONTEXT;izo_Sokolova_2kl_rus_2019.pdf;70;D:\ai-brain-data\visual-lexicon\belarus-primary-20261009\books\c3b508ef9abf7f5a\pages\0070.jpg;4abf48715519488126c038a86ff4ac0aa1479f1a2c338923e0ed257440806431;Ожидается;Просмотрена обзорно;Не завершена;Нет
c3b508ef9abf7f5a-p0071-PAGE_CONTEXT;izo_Sokolova_2kl_rus_2019.pdf;71;D:\ai-brain-data\visual-lexicon\belarus-primary-20261009\books\c3b508ef9abf7f5a\pages\0071.jpg;1de7e98487a666a6a7751414da6c000535af6e5046a1f3cde6edf2fcd72d9095;Ожидается;Просмотрена обзорно;Не завершена;Нет
c3b508ef9abf7f5a-p0072-PAGE_CONTEXT;izo_Sokolova_2kl_rus_2019.pdf;72;D:\ai-brain-data\visual-lexicon\belarus-primary-20261009\books\c3b508ef9abf7f5a\pages\0072.jpg;dcf8fa2c36bcec48def39c16d3261d11e397676a425fb6e2540325cd1bbd01b6;Ожидается;Просмотрена обзорно;Не завершена;Нет
c3b508ef9abf7f5a-p0073-PAGE_CONTEXT;izo_Sokolova_2kl_rus_2019.pdf;73;D:\ai-brain-data\visual-lexicon\belarus-primary-20261009\books\c3b508ef9abf7f5a\pages\0073.jpg;8b687cef6003207b432ed71dd07d1e71fb8fe5fa84cd7f5c4ba195d28733ca05;Ожидается;Просмотрена обзорно;Не завершена;Нет
c3b508ef9abf7f5a-p0074-PAGE_CONTEXT;izo_Sokolova_2kl_rus_2019.pdf;74;D:\ai-brain-data\visual-lexicon\belarus-primary-20261009\books\c3b508ef9abf7f5a\pages\0074.jpg;dff676426e924886c6dda441cf5934e51663b3fc92bb2cc7ba6cba27fed9e2c2;Ожидается;Просмотрена обзорно;Не завершена;Нет
c3b508ef9abf7f5a-p0075-PAGE_CONTEXT;izo_Sokolova_2kl_rus_2019.pdf;75;D:\ai-brain-data\visual-lexicon\belarus-primary-20261009\books\c3b508ef9abf7f5a\pages\0075.jpg;17f5a5e69a54c6010169b5d64d68ce3f775c5252c9e54953800dcf62b8b10b57;Ожидается;Просмотрена обзорно;Не завершена;Нет
c3b508ef9abf7f5a-p0076-PAGE_CONTEXT;izo_Sokolova_2kl_rus_2019.pdf;76;D:\ai-brain-data\visual-lexicon\belarus-primary-20261009\books\c3b508ef9abf7f5a\pages\0076.jpg;41bfebd572efbfe066b9cd7a69dc481e32db4ccb7529783c36298c03c8216b29;Ожидается;Просмотрена обзорно;Не завершена;Нет
c3b508ef9abf7f5a-p0077-PAGE_CONTEXT;izo_Sokolova_2kl_rus_2019.pdf;77;D:\ai-brain-data\visual-lexicon\belarus-primary-20261009\books\c3b508ef9abf7f5a\pages\0077.jpg;0afba3902baaedaa598effc0d36a47dd664b3be1e9c89eb6106879715a784a99;Ожидается;Просмотрена обзорно;Не завершена;Нет
c3b508ef9abf7f5a-p0078-PAGE_CONTEXT;izo_Sokolova_2kl_rus_2019.pdf;78;D:\ai-brain-data\visual-lexicon\belarus-primary-20261009\books\c3b508ef9abf7f5a\pages\0078.jpg;8c3646b169ce3e9c10628f331353a09baca3b0d4447b9e9739c024d3f0eb5e38;Ожидается;Просмотрена обзорно;Не завершена;Нет
c3b508ef9abf7f5a-p0079-PAGE_CONTEXT;izo_Sokolova_2kl_rus_2019.pdf;79;D:\ai-brain-data\visual-lexicon\belarus-primary-20261009\books\c3b508ef9abf7f5a\pages\0079.jpg;80eb0e845948a1012195868170ab75c184be10f9ccd0c1df5bd6b12f1c8ec5bb;Ожидается;Просмотрена обзорно;Не завершена;Нет
c3b508ef9abf7f5a-p0080-PAGE_CONTEXT;izo_Sokolova_2kl_rus_2019.pdf;80;D:\ai-brain-data\visual-lexicon\belarus-primary-20261009\books\c3b508ef9abf7f5a\pages\0080.jpg;51a6fd29fcafbc752d6a811e82110132e2bdc7760d0e3b96b2dce3ec3d9de259;Ожидается;Просмотрена обзорно;Не завершена;Нет
c3b508ef9abf7f5a-p0081-PAGE_CONTEXT;izo_Sokolova_2kl_rus_2019.pdf;81;D:\ai-brain-data\visual-lexicon\belarus-primary-20261009\books\c3b508ef9abf7f5a\pages\0081.jpg;7de4ea4c2a511569da15328b972023019492d1f5b6e06675d0128b0b8f08a26c;Ожидается;Просмотрена обзорно;Не завершена;Нет
c3b508ef9abf7f5a-p0082-PAGE_CONTEXT;izo_Sokolova_2kl_rus_2019.pdf;82;D:\ai-brain-data\visual-lexicon\belarus-primary-20261009\books\c3b508ef9abf7f5a\pages\0082.jpg;f689293f16055b157beb6baf29616040c5de9b9794ce38042c4c113ed8c95cd1;Ожидается;Просмотрена обзорно;Не завершена;Нет
c3b508ef9abf7f5a-p0083-PAGE_CONTEXT;izo_Sokolova_2kl_rus_2019.pdf;83;D:\ai-brain-data\visual-lexicon\belarus-primary-20261009\books\c3b508ef9abf7f5a\pages\0083.jpg;66b9abbbbc86f8efec227bfef8e37ee2aa16ef53f9ce7ba8911615e69b8e5312;Ожидается;Просмотрена обзорно;Не завершена;Нет
c3b508ef9abf7f5a-p0084-PAGE_CONTEXT;izo_Sokolova_2kl_rus_2019.pdf;84;D:\ai-brain-data\visual-lexicon\belarus-primary-20261009\books\c3b508ef9abf7f5a\pages\0084.jpg;d43ba21755941323216492551afb0df12049a3cf336df5dcc9a33f844e049622;Ожидается;Просмотрена обзорно;Не завершена;Нет
c3b508ef9abf7f5a-p0085-PAGE_CONTEXT;izo_Sokolova_2kl_rus_2019.pdf;85;D:\ai-brain-data\visual-lexicon\belarus-primary-20261009\books\c3b508ef9abf7f5a\pages\0085.jpg;1fefeb145715fbf59dc5deba28e6f612507acd59827de92bbaad915f570e24a2;Ожидается;Просмотрена обзорно;Не завершена;Нет
c3b508ef9abf7f5a-p0086-PAGE_CONTEXT;izo_Sokolova_2kl_rus_2019.pdf;86;D:\ai-brain-data\visual-lexicon\belarus-primary-20261009\books\c3b508ef9abf7f5a\pages\0086.jpg;056e4f7eeff5aa29c81e70a0e9489cc8c7c6e3cfddf1a4f1bcd94218d385a689;Ожидается;Просмотрена обзорно;Не завершена;Нет
c3b508ef9abf7f5a-p0087-PAGE_CONTEXT;izo_Sokolova_2kl_rus_2019.pdf;87;D:\ai-brain-data\visual-lexicon\belarus-primary-20261009\books\c3b508ef9abf7f5a\pages\0087.jpg;b3913f77fe49c55fc08f5bd6fa5cd768cf1332eaaeb73ab2cff605a20b88f0d6;Ожидается;Просмотрена обзорно;Не завершена;Нет
c3b508ef9abf7f5a-p0088-PAGE_CONTEXT;izo_Sokolova_2kl_rus_2019.pdf;88;D:\ai-brain-data\visual-lexicon\belarus-primary-20261009\books\c3b508ef9abf7f5a\pages\0088.jpg;fa3aa09bbcfafdf3008b49b80417ee0265c89f0270cecfd62b073007e29adb10;Ожидается;Просмотрена обзорно;Не завершена;Нет
c3b508ef9abf7f5a-p0089-PAGE_CONTEXT;izo_Sokolova_2kl_rus_2019.pdf;89;D:\ai-brain-data\visual-lexicon\belarus-primary-20261009\books\c3b508ef9abf7f5a\pages\0089.jpg;970aedd634f4f7eae832e1e0bf7c0296139a5d7ae8085a08145f117a1be359e2;Просмотрено выборочно;Просмотрена обзорно;Не завершена;Нет
c3b508ef9abf7f5a-p0090-PAGE_CONTEXT;izo_Sokolova_2kl_rus_2019.pdf;90;D:\ai-brain-data\visual-lexicon\belarus-primary-20261009\books\c3b508ef9abf7f5a\pages\0090.jpg;2992569e839952dca07a40bc854d8fdde6f542d36760eebabcbcf16ec80474be;Ожидается;Просмотрена обзорно;Не завершена;Нет
c3b508ef9abf7f5a-p0091-PAGE_CONTEXT;izo_Sokolova_2kl_rus_2019.pdf;91;D:\ai-brain-data\visual-lexicon\belarus-primary-20261009\books\c3b508ef9abf7f5a\pages\0091.jpg;01806c3f3e53f7b1a007c20ba637d2b3ef784f4005d8e9c2a7b8b6469c6c2eaa;Ожидается;Просмотрена обзорно;Не завершена;Нет
c3b508ef9abf7f5a-p0092-PAGE_CONTEXT;izo_Sokolova_2kl_rus_2019.pdf;92;D:\ai-brain-data\visual-lexicon\belarus-primary-20261009\books\c3b508ef9abf7f5a\pages\0092.jpg;6406c5da8636fae1a28c363222feaf6a4b3e3ad127cf0373b4c7b0e5a0885561;Ожидается;Просмотрена обзорно;Не завершена;Нет
c3b508ef9abf7f5a-p0093-PAGE_CONTEXT;izo_Sokolova_2kl_rus_2019.pdf;93;D:\ai-brain-data\visual-lexicon\belarus-primary-20261009\books\c3b508ef9abf7f5a\pages\0093.jpg;60f7e87dbd118c573d64c2c85e78c12e236095c9a4fb2500b6f1dc5362fdeae3;Ожидается;Просмотрена обзорно;Не завершена;Нет
c3b508ef9abf7f5a-p0094-PAGE_CONTEXT;izo_Sokolova_2kl_rus_2019.pdf;94;D:\ai-brain-data\visual-lexicon\belarus-primary-20261009\books\c3b508ef9abf7f5a\pages\0094.jpg;1a9dbcbd5ee855af887a5635a5c5f0f1b64ab5fe99962b9ef58b092f98f209a5;Ожидается;Просмотрена обзорно;Не завершена;Нет
c3b508ef9abf7f5a-p0095-PAGE_CONTEXT;izo_Sokolova_2kl_rus_2019.pdf;95;D:\ai-brain-data\visual-lexicon\belarus-primary-20261009\books\c3b508ef9abf7f5a\pages\0095.jpg;a000a6c1b3b211ddf654d8e169cb289eda042af37b9fdbb1fdc6478ced642b7f;Ожидается;Просмотрена обзорно;Не завершена;Нет
c3b508ef9abf7f5a-p0096-PAGE_CONTEXT;izo_Sokolova_2kl_rus_2019.pdf;96;D:\ai-brain-data\visual-lexicon\belarus-primary-20261009\books\c3b508ef9abf7f5a\pages\0096.jpg;19b0093035dab2076c59f765f3cded7978762c45b042fa9786bcfb87f2154ed2;Ожидается;Просмотрена обзорно;Не завершена;Нет
c3b508ef9abf7f5a-p0097-PAGE_CONTEXT;izo_Sokolova_2kl_rus_2019.pdf;97;D:\ai-brain-data\visual-lexicon\belarus-primary-20261009\books\c3b508ef9abf7f5a\pages\0097.jpg;c5d4f73c8beff877a8db048bdee507a63eccf9c78bef47dd2244f09414b7652f;Ожидается;Просмотрена обзорно;Не завершена;Нет
c3b508ef9abf7f5a-p0098-PAGE_CONTEXT;izo_Sokolova_2kl_rus_2019.pdf;98;D:\ai-brain-data\visual-lexicon\belarus-primary-20261009\books\c3b508ef9abf7f5a\pages\0098.jpg;091ceb6a14386374ac7646f89898e537d997b039fb7e07c5b910eab0fa44587c;Ожидается;Просмотрена обзорно;Не завершена;Нет
c3b508ef9abf7f5a-p0099-PAGE_CONTEXT;izo_Sokolova_2kl_rus_2019.pdf;99;D:\ai-brain-data\visual-lexicon\belarus-primary-20261009\books\c3b508ef9abf7f5a\pages\0099.jpg;94110cb45372c7620ff809dd8d89ddf4bc2c0e1e74161503f7c28e0ff3d205f0;Ожидается;Просмотрена обзорно;Не завершена;Нет
c3b508ef9abf7f5a-p0100-PAGE_CONTEXT;izo_Sokolova_2kl_rus_2019.pdf;100;D:\ai-brain-data\visual-lexicon\belarus-primary-20261009\books\c3b508ef9abf7f5a\pages\0100.jpg;3c0810ceeb09f2ad1e5245bdb4cb1f83cbba6b33db56babe94f6cecb296cc3e8;Ожидается;Просмотрена обзорно;Не завершена;Нет
c3b508ef9abf7f5a-p0101-PAGE_CONTEXT;izo_Sokolova_2kl_rus_2019.pdf;101;D:\ai-brain-data\visual-lexicon\belarus-primary-20261009\books\c3b508ef9abf7f5a\pages\0101.jpg;146534cb5881c8dcf22180a093994aa9598b2fe19988832b786e73e263ea5bf6;Ожидается;Просмотрена обзорно;Не завершена;Нет
c3b508ef9abf7f5a-p0102-PAGE_CONTEXT;izo_Sokolova_2kl_rus_2019.pdf;102;D:\ai-brain-data\visual-lexicon\belarus-primary-20261009\books\c3b508ef9abf7f5a\pages\0102.jpg;7e500f6b8b2e631e6b2242428064862a556a7b19518b742e58cc85687ae87af0;Ожидается;Просмотрена обзорно;Не завершена;Нет
c3b508ef9abf7f5a-p0103-PAGE_CONTEXT;izo_Sokolova_2kl_rus_2019.pdf;103;D:\ai-brain-data\visual-lexicon\belarus-primary-20261009\books\c3b508ef9abf7f5a\pages\0103.jpg;f011d55abc7389770071f2149f824ec7cd76eb2010501f8a6be3bac1b5b9ce5e;Ожидается;Просмотрена обзорно;Не завершена;Нет
c3b508ef9abf7f5a-p0104-PAGE_CONTEXT;izo_Sokolova_2kl_rus_2019.pdf;104;D:\ai-brain-data\visual-lexicon\belarus-primary-20261009\books\c3b508ef9abf7f5a\pages\0104.jpg;0cb9caab448c990f6861dec6bc4f36852154ae0315b0ef9da906c7777e006a76;Ожидается;Просмотрена обзорно;Не завершена;Нет
c3b508ef9abf7f5a-p0105-PAGE_CONTEXT;izo_Sokolova_2kl_rus_2019.pdf;105;D:\ai-brain-data\visual-lexicon\belarus-primary-20261009\books\c3b508ef9abf7f5a\pages\0105.jpg;aac13ef4173547d9fc639021c5ab1144f492fc6f570468f8f7c7be00a79c4a35;Ожидается;Просмотрена обзорно;Не завершена;Нет
c3b508ef9abf7f5a-p0106-PAGE_CONTEXT;izo_Sokolova_2kl_rus_2019.pdf;106;D:\ai-brain-data\visual-lexicon\belarus-primary-20261009\books\c3b508ef9abf7f5a\pages\0106.jpg;5ebfc9ac047ad4794cd3a4948e4df0dca7a649db1ba5ab955cea6c1c7a403469;Ожидается;Просмотрена обзорно;Не завершена;Нет
c3b508ef9abf7f5a-p0107-PAGE_CONTEXT;izo_Sokolova_2kl_rus_2019.pdf;107;D:\ai-brain-data\visual-lexicon\belarus-primary-20261009\books\c3b508ef9abf7f5a\pages\0107.jpg;bb1f5a33ba1b17e0800bed477258cf2b68e5e3a868981e95db293db1c58a6453;Ожидается;Просмотрена обзорно;Не завершена;Нет
c3b508ef9abf7f5a-p0108-PAGE_CONTEXT;izo_Sokolova_2kl_rus_2019.pdf;108;D:\ai-brain-data\visual-lexicon\belarus-primary-20261009\books\c3b508ef9abf7f5a\pages\0108.jpg;4648abd892e50fee4137d904fba939ab5a12cbfb8c0d298b7d34614a3cd2b2c9;Ожидается;Просмотрена обзорно;Не завершена;Нет
c3b508ef9abf7f5a-p0109-PAGE_CONTEXT;izo_Sokolova_2kl_rus_2019.pdf;109;D:\ai-brain-data\visual-lexicon\belarus-primary-20261009\books\c3b508ef9abf7f5a\pages\0109.jpg;06f35921cf5db6b20235715a1245b20c0f8ad02eed25430013b39d0dc60ce950;Ожидается;Просмотрена обзорно;Не завершена;Нет
c3b508ef9abf7f5a-p0110-PAGE_CONTEXT;izo_Sokolova_2kl_rus_2019.pdf;110;D:\ai-brain-data\visual-lexicon\belarus-primary-20261009\books\c3b508ef9abf7f5a\pages\0110.jpg;54c84777ac9a069243e38431c2aaeca09622f94c1883bb9211375a1e712e601e;Ожидается;Просмотрена обзорно;Не завершена;Нет
c3b508ef9abf7f5a-p0111-PAGE_CONTEXT;izo_Sokolova_2kl_rus_2019.pdf;111;D:\ai-brain-data\visual-lexicon\belarus-primary-20261009\books\c3b508ef9abf7f5a\pages\0111.jpg;64edee9dfee215559c10893f31f24a8ec4df2e4b12474d5f0d635c6186c090d1;Ожидается;Просмотрена обзорно;Не завершена;Нет
c3b508ef9abf7f5a-p0112-PAGE_CONTEXT;izo_Sokolova_2kl_rus_2019.pdf;112;D:\ai-brain-data\visual-lexicon\belarus-primary-20261009\books\c3b508ef9abf7f5a\pages\0112.jpg;70236e1ef7a77640598a082ac750fc346da30d8102b61bead26e33e7f2a5127b;Ожидается;Просмотрена обзорно;Не завершена;Нет
c3b508ef9abf7f5a-p0113-PAGE_CONTEXT;izo_Sokolova_2kl_rus_2019.pdf;113;D:\ai-brain-data\visual-lexicon\belarus-primary-20261009\books\c3b508ef9abf7f5a\pages\0113.jpg;4694f528ac7c078b6719c4eb0d485fd1c1ce445ac9e668069b7b1d71be44a6cf;Ожидается;Просмотрена обзорно;Не завершена;Нет
c3b508ef9abf7f5a-p0114-PAGE_CONTEXT;izo_Sokolova_2kl_rus_2019.pdf;114;D:\ai-brain-data\visual-lexicon\belarus-primary-20261009\books\c3b508ef9abf7f5a\pages\0114.jpg;76b5c0413279966862f0478101d9218b9f0842333ca4904cf09b1dd5e308792b;Ожидается;Просмотрена обзорно;Не завершена;Нет
c3b508ef9abf7f5a-p0115-PAGE_CONTEXT;izo_Sokolova_2kl_rus_2019.pdf;115;D:\ai-brain-data\visual-lexicon\belarus-primary-20261009\books\c3b508ef9abf7f5a\pages\0115.jpg;c4bbafd59efc1de7ad9746c676d93706d8a9b4eddc4f945cfb5724892c584794;Ожидается;Просмотрена обзорно;Не завершена;Нет
c3b508ef9abf7f5a-p0116-PAGE_CONTEXT;izo_Sokolova_2kl_rus_2019.pdf;116;D:\ai-brain-data\visual-lexicon\belarus-primary-20261009\books\c3b508ef9abf7f5a\pages\0116.jpg;c645cfec163e0f68bb9c55bae642e4227167c221ffbc669d366321882eb3e822;Ожидается;Просмотрена обзорно;Не завершена;Нет
c3b508ef9abf7f5a-p0117-PAGE_CONTEXT;izo_Sokolova_2kl_rus_2019.pdf;117;D:\ai-brain-data\visual-lexicon\belarus-primary-20261009\books\c3b508ef9abf7f5a\pages\0117.jpg;63d262bf10fa78fca397acfcd61bee5555bc988ecda27c9a46c269e37fb57f84;Ожидается;Просмотрена обзорно;Не завершена;Нет
c3b508ef9abf7f5a-p0118-PAGE_CONTEXT;izo_Sokolova_2kl_rus_2019.pdf;118;D:\ai-brain-data\visual-lexicon\belarus-primary-20261009\books\c3b508ef9abf7f5a\pages\0118.jpg;9a92429a920ce8b4d3afee673ff2467654873e9c783df668ace75ed6a6e6c5b3;Ожидается;Просмотрена обзорно;Не завершена;Нет
c3b508ef9abf7f5a-p0119-PAGE_CONTEXT;izo_Sokolova_2kl_rus_2019.pdf;119;D:\ai-brain-data\visual-lexicon\belarus-primary-20261009\books\c3b508ef9abf7f5a\pages\0119.jpg;8fdc3bd91efc7d60760698ae28cf234b0cb55370f34b22fbd0096ad24f177ac4;Ожидается;Просмотрена обзорно;Не завершена;Нет
c3b508ef9abf7f5a-p0120-PAGE_CONTEXT;izo_Sokolova_2kl_rus_2019.pdf;120;D:\ai-brain-data\visual-lexicon\belarus-primary-20261009\books\c3b508ef9abf7f5a\pages\0120.jpg;aecce8f8f8105d9fae5d8019afd91630a788f75ba2d9c19b8fc08917cc06d1f6;Ожидается;Просмотрена обзорно;Не завершена;Нет
c3b508ef9abf7f5a-p0121-PAGE_CONTEXT;izo_Sokolova_2kl_rus_2019.pdf;121;D:\ai-brain-data\visual-lexicon\belarus-primary-20261009\books\c3b508ef9abf7f5a\pages\0121.jpg;f2fa55d26951efd15a1dce01573f323e5ed7556a71aa28e36d7e143009cb9d93;Ожидается;Просмотрена обзорно;Не завершена;Нет
c3b508ef9abf7f5a-p0122-PAGE_CONTEXT;izo_Sokolova_2kl_rus_2019.pdf;122;D:\ai-brain-data\visual-lexicon\belarus-primary-20261009\books\c3b508ef9abf7f5a\pages\0122.jpg;e0cbaca4885ababe7fa3220cea0fe9fbfc01db2b404b14ace5500f4e0bd9bbb1;Ожидается;Просмотрена обзорно;Не завершена;Нет
c3b508ef9abf7f5a-p0123-PAGE_CONTEXT;izo_Sokolova_2kl_rus_2019.pdf;123;D:\ai-brain-data\visual-lexicon\belarus-primary-20261009\books\c3b508ef9abf7f5a\pages\0123.jpg;d1c36dec3fe9bc7a07e619e993c404c28bac039fe6dac8ae391239434a61a48f;Ожидается;Просмотрена обзорно;Не завершена;Нет
c3b508ef9abf7f5a-p0124-PAGE_CONTEXT;izo_Sokolova_2kl_rus_2019.pdf;124;D:\ai-brain-data\visual-lexicon\belarus-primary-20261009\books\c3b508ef9abf7f5a\pages\0124.jpg;354a04f409814420a96d9c5a5a5c6306b9ac89bb260601b7f9a735066674ad8a;Ожидается;Просмотрена обзорно;Не завершена;Нет
c3b508ef9abf7f5a-p0125-PAGE_CONTEXT;izo_Sokolova_2kl_rus_2019.pdf;125;D:\ai-brain-data\visual-lexicon\belarus-primary-20261009\books\c3b508ef9abf7f5a\pages\0125.jpg;a5c733785054ace7ca86bb4059685374d3b76902939cd9c7dd79b1af6eeb956b;Ожидается;Просмотрена обзорно;Не завершена;Нет
c3b508ef9abf7f5a-p0126-PAGE_CONTEXT;izo_Sokolova_2kl_rus_2019.pdf;126;D:\ai-brain-data\visual-lexicon\belarus-primary-20261009\books\c3b508ef9abf7f5a\pages\0126.jpg;ea9987b4e7fc9b56fc0be68643e8bbd6a16985659b7f503977fc1f07ec011d35;Ожидается;Просмотрена обзорно;Не завершена;Нет
c3b508ef9abf7f5a-p0127-PAGE_CONTEXT;izo_Sokolova_2kl_rus_2019.pdf;127;D:\ai-brain-data\visual-lexicon\belarus-primary-20261009\books\c3b508ef9abf7f5a\pages\0127.jpg;d80d9d67993c8a20e4eaf77e126b503f7a96e45a8b4d486d9a2020eadeb69767;Ожидается;Просмотрена обзорно;Не завершена;Нет
c3b508ef9abf7f5a-p0128-PAGE_CONTEXT;izo_Sokolova_2kl_rus_2019.pdf;128;D:\ai-brain-data\visual-lexicon\belarus-primary-20261009\books\c3b508ef9abf7f5a\pages\0128.jpg;924815390096e6a17c326ca7b501bcc9939b69c8efa16816aaf85ba2ca2f26ed;Ожидается;Просмотрена обзорно;Не завершена;Нет
c3b508ef9abf7f5a-p0129-PAGE_CONTEXT;izo_Sokolova_2kl_rus_2019.pdf;129;D:\ai-brain-data\visual-lexicon\belarus-primary-20261009\books\c3b508ef9abf7f5a\pages\0129.jpg;ce84bcec3ba1bc0646f33e7e91f144843794c9f7bc6db9728ba7959659077724;Ожидается;Просмотрена обзорно;Не завершена;Нет
c3b508ef9abf7f5a-p0130-PAGE_CONTEXT;izo_Sokolova_2kl_rus_2019.pdf;130;D:\ai-brain-data\visual-lexicon\belarus-primary-20261009\books\c3b508ef9abf7f5a\pages\0130.jpg;3a8458e5657dd60f8b7c1c28bcd92257224e1a95653af74175f47b4652508fff;Ожидается;Просмотрена обзорно;Не завершена;Нет
c3b508ef9abf7f5a-p0131-PAGE_CONTEXT;izo_Sokolova_2kl_rus_2019.pdf;131;D:\ai-brain-data\visual-lexicon\belarus-primary-20261009\books\c3b508ef9abf7f5a\pages\0131.jpg;9705a5460571cbf898b6435eb60803ad0b9affb05a834496f3300ed1b0f545a3;Ожидается;Просмотрена обзорно;Не завершена;Нет
c3b508ef9abf7f5a-p0132-PAGE_CONTEXT;izo_Sokolova_2kl_rus_2019.pdf;132;D:\ai-brain-data\visual-lexicon\belarus-primary-20261009\books\c3b508ef9abf7f5a\pages\0132.jpg;dc62de7121b7128ba8d42d37f18e26891881b85c09256551892ce78107ce6a8b;Ожидается;Просмотрена обзорно;Не завершена;Нет
c3b508ef9abf7f5a-p0133-PAGE_CONTEXT;izo_Sokolova_2kl_rus_2019.pdf;133;D:\ai-brain-data\visual-lexicon\belarus-primary-20261009\books\c3b508ef9abf7f5a\pages\0133.jpg;94c5303f65780f65fd3a1f2661531c7fe6a21f33cd7da34fd01d1fb7659cc8a3;Просмотрено выборочно;Просмотрена обзорно;Не завершена;Нет
c3b508ef9abf7f5a-p0134-PAGE_CONTEXT;izo_Sokolova_2kl_rus_2019.pdf;134;D:\ai-brain-data\visual-lexicon\belarus-primary-20261009\books\c3b508ef9abf7f5a\pages\0134.jpg;2ab847dd09f53a805c3bb6c71a7f9d91b7fcd5ce4508eb7fd9096b5ebfd30ec1;Ожидается;Просмотрена обзорно;Не завершена;Нет
c3b508ef9abf7f5a-p0135-PAGE_CONTEXT;izo_Sokolova_2kl_rus_2019.pdf;135;D:\ai-brain-data\visual-lexicon\belarus-primary-20261009\books\c3b508ef9abf7f5a\pages\0135.jpg;8f6484996cde6998316a38344bc7b1b0e7014afd9775962e598740cbd4b88c41;Ожидается;Просмотрена обзорно;Не завершена;Нет
c3b508ef9abf7f5a-p0136-PAGE_CONTEXT;izo_Sokolova_2kl_rus_2019.pdf;136;D:\ai-brain-data\visual-lexicon\belarus-primary-20261009\books\c3b508ef9abf7f5a\pages\0136.jpg;f97d7ec33d3b84a28a765e2be95282b8c461815a59a0abdaf67eacc51b5803f6;Ожидается;Просмотрена обзорно;Не завершена;Нет
c3b508ef9abf7f5a-p0137-PAGE_CONTEXT;izo_Sokolova_2kl_rus_2019.pdf;137;D:\ai-brain-data\visual-lexicon\belarus-primary-20261009\books\c3b508ef9abf7f5a\pages\0137.jpg;d6c519e29080450538be60017936854cd8e2a43016ea9d8f9e7559ef992d8c34;Ожидается;Просмотрена обзорно;Не завершена;Нет
c3b508ef9abf7f5a-p0138-PAGE_CONTEXT;izo_Sokolova_2kl_rus_2019.pdf;138;D:\ai-brain-data\visual-lexicon\belarus-primary-20261009\books\c3b508ef9abf7f5a\pages\0138.jpg;fe8c6cfb173c5d05ad8da7255fc038bef481350370d8c297dc3c0b54ac411499;Ожидается;Просмотрена обзорно;Не завершена;Нет
c3b508ef9abf7f5a-p0139-PAGE_CONTEXT;izo_Sokolova_2kl_rus_2019.pdf;139;D:\ai-brain-data\visual-lexicon\belarus-primary-20261009\books\c3b508ef9abf7f5a\pages\0139.jpg;bedffdfbc81e4cc1957124df6b329f73ab32ffdd3e3525c399822dc2f58d6153;Ожидается;Просмотрена обзорно;Не завершена;Нет
c3b508ef9abf7f5a-p0140-PAGE_CONTEXT;izo_Sokolova_2kl_rus_2019.pdf;140;D:\ai-brain-data\visual-lexicon\belarus-primary-20261009\books\c3b508ef9abf7f5a\pages\0140.jpg;846b9f0782e43052fa8a0f2790a0ecb15052c86326cfe431f55ecd650f7f2411;Ожидается;Просмотрена обзорно;Не завершена;Нет
c3b508ef9abf7f5a-p0141-PAGE_CONTEXT;izo_Sokolova_2kl_rus_2019.pdf;141;D:\ai-brain-data\visual-lexicon\belarus-primary-20261009\books\c3b508ef9abf7f5a\pages\0141.jpg;808f2a531759b0f127a2ab7f95941bbd284f4cd95c115bca91073448705bb1f4;Ожидается;Просмотрена обзорно;Не завершена;Нет
c3b508ef9abf7f5a-p0142-PAGE_CONTEXT;izo_Sokolova_2kl_rus_2019.pdf;142;D:\ai-brain-data\visual-lexicon\belarus-primary-20261009\books\c3b508ef9abf7f5a\pages\0142.jpg;6046de081dcaeade0b9c7a70785d629aac9f7572936d9ede4799fd379e217888;Ожидается;Просмотрена обзорно;Не завершена;Нет
c3b508ef9abf7f5a-p0143-PAGE_CONTEXT;izo_Sokolova_2kl_rus_2019.pdf;143;D:\ai-brain-data\visual-lexicon\belarus-primary-20261009\books\c3b508ef9abf7f5a\pages\0143.jpg;3136a2b00a7df6d333aab9322c11281fda124bad36f6100285703413aeaf61c0;Ожидается;Просмотрена обзорно;Не завершена;Нет
c3b508ef9abf7f5a-p0144-PAGE_CONTEXT;izo_Sokolova_2kl_rus_2019.pdf;144;D:\ai-brain-data\visual-lexicon\belarus-primary-20261009\books\c3b508ef9abf7f5a\pages\0144.jpg;739d2bb65994f66eb7074a10b6eb920902f94e5ee5e5f7366d5718af227eaf04;Ожидается;Просмотрена обзорно;Не завершена;Нет
c3b508ef9abf7f5a-p0145-PAGE_CONTEXT;izo_Sokolova_2kl_rus_2019.pdf;145;D:\ai-brain-data\visual-lexicon\belarus-primary-20261009\books\c3b508ef9abf7f5a\pages\0145.jpg;e344dcc20a779d8b73e076eacf8daf8018a5fa35243923e4c66e6dba1f38725e;Ожидается;Просмотрена обзорно;Не завершена;Нет
c3b508ef9abf7f5a-p0146-PAGE_CONTEXT;izo_Sokolova_2kl_rus_2019.pdf;146;D:\ai-brain-data\visual-lexicon\belarus-primary-20261009\books\c3b508ef9abf7f5a\pages\0146.jpg;11498378fb786eb6282a3c9d78e8f045f35c70c28f023b36a5ef9bc3d5a2c68d;Ожидается;Просмотрена обзорно;Не завершена;Нет
c3b508ef9abf7f5a-p0147-PAGE_CONTEXT;izo_Sokolova_2kl_rus_2019.pdf;147;D:\ai-brain-data\visual-lexicon\belarus-primary-20261009\books\c3b508ef9abf7f5a\pages\0147.jpg;012b609013a44e20c09c384820508adb0bd132ee57469448706e58c10f5b1efd;Ожидается;Просмотрена обзорно;Не завершена;Нет
c3b508ef9abf7f5a-p0148-PAGE_CONTEXT;izo_Sokolova_2kl_rus_2019.pdf;148;D:\ai-brain-data\visual-lexicon\belarus-primary-20261009\books\c3b508ef9abf7f5a\pages\0148.jpg;897483e73e26872a05ab05c94e8a4e0b108269be7293328385ee04000862c2f0;Ожидается;Просмотрена обзорно;Не завершена;Нет
c3b508ef9abf7f5a-p0149-PAGE_CONTEXT;izo_Sokolova_2kl_rus_2019.pdf;149;D:\ai-brain-data\visual-lexicon\belarus-primary-20261009\books\c3b508ef9abf7f5a\pages\0149.jpg;9bd31b1d804bd982dbf5e14b0eccbb65349e1f1170adedcd4a851a8d54d478fe;Ожидается;Просмотрена обзорно;Не завершена;Нет
c3b508ef9abf7f5a-p0150-PAGE_CONTEXT;izo_Sokolova_2kl_rus_2019.pdf;150;D:\ai-brain-data\visual-lexicon\belarus-primary-20261009\books\c3b508ef9abf7f5a\pages\0150.jpg;8c635813051b6c43f26fa8829507d853c17c1e0a6986a2c0e07cf236b14287d7;Ожидается;Просмотрена обзорно;Не завершена;Нет
c3b508ef9abf7f5a-p0151-PAGE_CONTEXT;izo_Sokolova_2kl_rus_2019.pdf;151;D:\ai-brain-data\visual-lexicon\belarus-primary-20261009\books\c3b508ef9abf7f5a\pages\0151.jpg;1472c524ac7ccb7d78778e72c0b659af4aa349a26fee5e1395cea252d1630c78;Ожидается;Просмотрена обзорно;Не завершена;Нет
c3b508ef9abf7f5a-p0152-PAGE_CONTEXT;izo_Sokolova_2kl_rus_2019.pdf;152;D:\ai-brain-data\visual-lexicon\belarus-primary-20261009\books\c3b508ef9abf7f5a\pages\0152.jpg;5e687b7d0e95c0bb5f33a3d02623fb66d0683829991c9872fb31bac1685a6241;Ожидается;Просмотрена обзорно;Не завершена;Нет
c3b508ef9abf7f5a-p0153-PAGE_CONTEXT;izo_Sokolova_2kl_rus_2019.pdf;153;D:\ai-brain-data\visual-lexicon\belarus-primary-20261009\books\c3b508ef9abf7f5a\pages\0153.jpg;2a595d1d30c78ef8e141f3214f5b3174e3ce7ae1462f63ee77d49aae0efeb420;Ожидается;Просмотрена обзорно;Не завершена;Нет
c3b508ef9abf7f5a-p0154-PAGE_CONTEXT;izo_Sokolova_2kl_rus_2019.pdf;154;D:\ai-brain-data\visual-lexicon\belarus-primary-20261009\books\c3b508ef9abf7f5a\pages\0154.jpg;363beb638d7db601672ef95c46cae53758cf75ebcf3c954e22efe8a3d4f9bae1;Ожидается;Просмотрена обзорно;Не завершена;Нет
c3b508ef9abf7f5a-p0155-PAGE_CONTEXT;izo_Sokolova_2kl_rus_2019.pdf;155;D:\ai-brain-data\visual-lexicon\belarus-primary-20261009\books\c3b508ef9abf7f5a\pages\0155.jpg;f17877404430195f6a89d400824e0313d69c3051dd9f6b578f0a27dd38c81a5f;Ожидается;Просмотрена обзорно;Не завершена;Нет
c3b508ef9abf7f5a-p0156-PAGE_CONTEXT;izo_Sokolova_2kl_rus_2019.pdf;156;D:\ai-brain-data\visual-lexicon\belarus-primary-20261009\books\c3b508ef9abf7f5a\pages\0156.jpg;088b06ea0a068f5f031de77365cbb70827ec83f4b80df2a01e8c3c27b60e3c0f;Ожидается;Просмотрена обзорно;Не завершена;Нет
c3b508ef9abf7f5a-p0157-PAGE_CONTEXT;izo_Sokolova_2kl_rus_2019.pdf;157;D:\ai-brain-data\visual-lexicon\belarus-primary-20261009\books\c3b508ef9abf7f5a\pages\0157.jpg;6ee00172bac72261682c55e8a1cac9e17e135cd236370087271f4f7cbf99e301;Ожидается;Просмотрена обзорно;Не завершена;Нет
c3b508ef9abf7f5a-p0158-PAGE_CONTEXT;izo_Sokolova_2kl_rus_2019.pdf;158;D:\ai-brain-data\visual-lexicon\belarus-primary-20261009\books\c3b508ef9abf7f5a\pages\0158.jpg;24510d788e2226c11ffc2df98ac4d3d82a32179d5b3d90984c53583abd6bb55b;Ожидается;Просмотрена обзорно;Не завершена;Нет
c3b508ef9abf7f5a-p0159-PAGE_CONTEXT;izo_Sokolova_2kl_rus_2019.pdf;159;D:\ai-brain-data\visual-lexicon\belarus-primary-20261009\books\c3b508ef9abf7f5a\pages\0159.jpg;c0bdfa78e19f36f01762166fc54fe7a8510ca35862f20df98d75f9681c1ee879;Ожидается;Просмотрена обзорно;Не завершена;Нет
c3b508ef9abf7f5a-p0160-PAGE_CONTEXT;izo_Sokolova_2kl_rus_2019.pdf;160;D:\ai-brain-data\visual-lexicon\belarus-primary-20261009\books\c3b508ef9abf7f5a\pages\0160.jpg;5d418e9f1c5a7837a937b11b29aeb9cb068a2dd5b41a1ae404e9f150d5a902a6;Ожидается;Просмотрена обзорно;Не завершена;Нет
c3b508ef9abf7f5a-p0161-PAGE_CONTEXT;izo_Sokolova_2kl_rus_2019.pdf;161;D:\ai-brain-data\visual-lexicon\belarus-primary-20261009\books\c3b508ef9abf7f5a\pages\0161.jpg;b448f8ec90c69e74115f19240f9ca3f9475c5549909ff6efc05c32e05b735286;Ожидается;Просмотрена обзорно;Не завершена;Нет
c3b508ef9abf7f5a-p0162-PAGE_CONTEXT;izo_Sokolova_2kl_rus_2019.pdf;162;D:\ai-brain-data\visual-lexicon\belarus-primary-20261009\books\c3b508ef9abf7f5a\pages\0162.jpg;96505aeaccb2b13b7929151c16910953acb9377a72d73866de85718f717e5753;Ожидается;Просмотрена обзорно;Не завершена;Нет
c3b508ef9abf7f5a-p0163-PAGE_CONTEXT;izo_Sokolova_2kl_rus_2019.pdf;163;D:\ai-brain-data\visual-lexicon\belarus-primary-20261009\books\c3b508ef9abf7f5a\pages\0163.jpg;91a2f22c10d323a88b0758c7d2b829ac2fcc253e851f8a505e83cc76c7c08f8e;Ожидается;Просмотрена обзорно;Не завершена;Нет
c3b508ef9abf7f5a-p0164-PAGE_CONTEXT;izo_Sokolova_2kl_rus_2019.pdf;164;D:\ai-brain-data\visual-lexicon\belarus-primary-20261009\books\c3b508ef9abf7f5a\pages\0164.jpg;c78ab5b44414c0464b99f0a16765d594e9f660d088b29ecef010cb83912be46d;Ожидается;Просмотрена обзорно;Не завершена;Нет
c3b508ef9abf7f5a-p0165-PAGE_CONTEXT;izo_Sokolova_2kl_rus_2019.pdf;165;D:\ai-brain-data\visual-lexicon\belarus-primary-20261009\books\c3b508ef9abf7f5a\pages\0165.jpg;49a9bef85ab7b0a6ff443f10beef63695a7c39dd6e83c0e7fe5b46f83046c47e;Ожидается;Просмотрена обзорно;Не завершена;Нет
c3b508ef9abf7f5a-p0166-PAGE_CONTEXT;izo_Sokolova_2kl_rus_2019.pdf;166;D:\ai-brain-data\visual-lexicon\belarus-primary-20261009\books\c3b508ef9abf7f5a\pages\0166.jpg;3fc053976db32d528b8e41a7efd772dbc4e54661f561b9e0b7082042166b8598;Ожидается;Просмотрена обзорно;Не завершена;Нет
c3b508ef9abf7f5a-p0167-PAGE_CONTEXT;izo_Sokolova_2kl_rus_2019.pdf;167;D:\ai-brain-data\visual-lexicon\belarus-primary-20261009\books\c3b508ef9abf7f5a\pages\0167.jpg;20524dea91596f5a6aa9122705016bb2ed4a460eb1345eaa64184b11a0c5febc;Ожидается;Просмотрена обзорно;Не завершена;Нет
c3b508ef9abf7f5a-p0168-PAGE_CONTEXT;izo_Sokolova_2kl_rus_2019.pdf;168;D:\ai-brain-data\visual-lexicon\belarus-primary-20261009\books\c3b508ef9abf7f5a\pages\0168.jpg;58207f38d0408cbbafbb48639775be12be1f1536352c97d05dad76abc2cf51cb;Ожидается;Просмотрена обзорно;Не завершена;Нет
c3b508ef9abf7f5a-p0169-PAGE_CONTEXT;izo_Sokolova_2kl_rus_2019.pdf;169;D:\ai-brain-data\visual-lexicon\belarus-primary-20261009\books\c3b508ef9abf7f5a\pages\0169.jpg;be9f30f9da8ea3f1b767cddacce9f016d9e8d48d2b6af15266d3f4c0c7292f96;Ожидается;Просмотрена обзорно;Не завершена;Нет
c3b508ef9abf7f5a-p0170-PAGE_CONTEXT;izo_Sokolova_2kl_rus_2019.pdf;170;D:\ai-brain-data\visual-lexicon\belarus-primary-20261009\books\c3b508ef9abf7f5a\pages\0170.jpg;4636d6646b9bcaad3691e62b14df0edf276b65c47778523926c2a803e734c996;Ожидается;Просмотрена обзорно;Не завершена;Нет
c3b508ef9abf7f5a-p0171-PAGE_CONTEXT;izo_Sokolova_2kl_rus_2019.pdf;171;D:\ai-brain-data\visual-lexicon\belarus-primary-20261009\books\c3b508ef9abf7f5a\pages\0171.jpg;de3262f7645d6189b1e187c3bb1374726b7c4f9ffb1b2aa2593905c8defc812a;Просмотрено выборочно;Просмотрена обзорно;Не завершена;Нет
c3b508ef9abf7f5a-p0172-PAGE_CONTEXT;izo_Sokolova_2kl_rus_2019.pdf;172;D:\ai-brain-data\visual-lexicon\belarus-primary-20261009\books\c3b508ef9abf7f5a\pages\0172.jpg;53804815571cc84f1de00958a909194af217010a08a763ef114bb96146f34f6f;Ожидается;Просмотрена обзорно;Не завершена;Нет
c3b508ef9abf7f5a-p0173-PAGE_CONTEXT;izo_Sokolova_2kl_rus_2019.pdf;173;D:\ai-brain-data\visual-lexicon\belarus-primary-20261009\books\c3b508ef9abf7f5a\pages\0173.jpg;f4f39e2023f9e36f685445cb22a82f3fae01ebba456f1df343a73a1b57867180;Ожидается;Просмотрена обзорно;Не завершена;Нет
c3b508ef9abf7f5a-p0174-PAGE_CONTEXT;izo_Sokolova_2kl_rus_2019.pdf;174;D:\ai-brain-data\visual-lexicon\belarus-primary-20261009\books\c3b508ef9abf7f5a\pages\0174.jpg;68e33d5135585d63397adba074475b59e282a37ad30f957ec325e88e5c608c3d;Ожидается;Просмотрена обзорно;Не завершена;Нет
c3b508ef9abf7f5a-p0175-PAGE_CONTEXT;izo_Sokolova_2kl_rus_2019.pdf;175;D:\ai-brain-data\visual-lexicon\belarus-primary-20261009\books\c3b508ef9abf7f5a\pages\0175.jpg;6f120d9084f3a1252556b0f0630d8725bf29df89dec91f9826909116761178d3;Ожидается;Просмотрена обзорно;Не завершена;Нет
c3b508ef9abf7f5a-p0176-PAGE_CONTEXT;izo_Sokolova_2kl_rus_2019.pdf;176;D:\ai-brain-data\visual-lexicon\belarus-primary-20261009\books\c3b508ef9abf7f5a\pages\0176.jpg;22353f5419df32d9666e3b8fd071548838ed74fb19b9b81626e1dd2503c0a425;Ожидается;Просмотрена обзорно;Не завершена;Нет
c3b508ef9abf7f5a-p0177-PAGE_CONTEXT;izo_Sokolova_2kl_rus_2019.pdf;177;D:\ai-brain-data\visual-lexicon\belarus-primary-20261009\books\c3b508ef9abf7f5a\pages\0177.jpg;36764344087d3eead01e7f00d3fc4ccf51f2a7e5bc771215dc83295af3aecc51;Ожидается;Просмотрена обзорно;Не завершена;Нет
c3b508ef9abf7f5a-p0178-PAGE_CONTEXT;izo_Sokolova_2kl_rus_2019.pdf;178;D:\ai-brain-data\visual-lexicon\belarus-primary-20261009\books\c3b508ef9abf7f5a\pages\0178.jpg;cc8d559ff3ef7bcced7bf05bded6b61f4542e01561b90548ae786492388df68e;Ожидается;Просмотрена обзорно;Не завершена;Нет
ddf715adede67a61-p0001-PAGE_CONTEXT;matematika-muravjova-1kl-ch2-rus_2024.pdf;1;D:\ai-brain-data\visual-lexicon\belarus-primary-20261009\books\ddf715adede67a61\pages\0001.jpg;5e4d524b0e95bd887175c30391f2de619c2157d8aa30aeed1a1ed81fcac9819a;Ожидается;Просмотрена обзорно;Не завершена;Нет
ddf715adede67a61-p0002-PAGE_CONTEXT;matematika-muravjova-1kl-ch2-rus_2024.pdf;2;D:\ai-brain-data\visual-lexicon\belarus-primary-20261009\books\ddf715adede67a61\pages\0002.jpg;b1701b3a43aa779a4e654d327508e993815015b3880145d2f53663c00310bd6c;Ожидается;Просмотрена обзорно;Не завершена;Нет
ddf715adede67a61-p0003-PAGE_CONTEXT;matematika-muravjova-1kl-ch2-rus_2024.pdf;3;D:\ai-brain-data\visual-lexicon\belarus-primary-20261009\books\ddf715adede67a61\pages\0003.jpg;da508004a26ddcdb521d863c64d55f593fced7ced8923c1efcaefc49e8021b3d;Ожидается;Просмотрена обзорно;Не завершена;Нет
ddf715adede67a61-p0004-PAGE_CONTEXT;matematika-muravjova-1kl-ch2-rus_2024.pdf;4;D:\ai-brain-data\visual-lexicon\belarus-primary-20261009\books\ddf715adede67a61\pages\0004.jpg;1d605905647e03e82f71ad7d37a05459ff37a9da9e9eb4a4aa8e00f29d5e3774;Ожидается;Просмотрена обзорно;Не завершена;Нет
ddf715adede67a61-p0005-PAGE_CONTEXT;matematika-muravjova-1kl-ch2-rus_2024.pdf;5;D:\ai-brain-data\visual-lexicon\belarus-primary-20261009\books\ddf715adede67a61\pages\0005.jpg;9c473ef9aee50e1b2215d8e1e261deb8e5862b1957ec8ff224b6e9fab16544bf;Ожидается;Просмотрена обзорно;Не завершена;Нет
ddf715adede67a61-p0006-PAGE_CONTEXT;matematika-muravjova-1kl-ch2-rus_2024.pdf;6;D:\ai-brain-data\visual-lexicon\belarus-primary-20261009\books\ddf715adede67a61\pages\0006.jpg;e5287189abe9b285995c58901c969cde5f4d4e3763e0bb841035de617584c355;Ожидается;Просмотрена обзорно;Не завершена;Нет
ddf715adede67a61-p0007-PAGE_CONTEXT;matematika-muravjova-1kl-ch2-rus_2024.pdf;7;D:\ai-brain-data\visual-lexicon\belarus-primary-20261009\books\ddf715adede67a61\pages\0007.jpg;b6c0d8b4c6b936111d74eea66a0b7ac8d4c0a74d5cdd43e7d89384bd420677ce;Ожидается;Просмотрена обзорно;Не завершена;Нет
ddf715adede67a61-p0008-PAGE_CONTEXT;matematika-muravjova-1kl-ch2-rus_2024.pdf;8;D:\ai-brain-data\visual-lexicon\belarus-primary-20261009\books\ddf715adede67a61\pages\0008.jpg;956a6cd2e633791825b069fdb1600d5b692c3636b2e2b0e798efdda627da8c67;Ожидается;Просмотрена обзорно;Не завершена;Нет
ddf715adede67a61-p0009-PAGE_CONTEXT;matematika-muravjova-1kl-ch2-rus_2024.pdf;9;D:\ai-brain-data\visual-lexicon\belarus-primary-20261009\books\ddf715adede67a61\pages\0009.jpg;98faafe06e762eca496f96cb3f775414020b69953654c3c42d859630871c79a4;Ожидается;Просмотрена обзорно;Не завершена;Нет
ddf715adede67a61-p0010-PAGE_CONTEXT;matematika-muravjova-1kl-ch2-rus_2024.pdf;10;D:\ai-brain-data\visual-lexicon\belarus-primary-20261009\books\ddf715adede67a61\pages\0010.jpg;cb06128bb29f1792309265ee22db8c16e5b798a0549bd5be5c58c5ba988c3de4;Ожидается;Просмотрена обзорно;Не завершена;Нет
ddf715adede67a61-p0011-PAGE_CONTEXT;matematika-muravjova-1kl-ch2-rus_2024.pdf;11;D:\ai-brain-data\visual-lexicon\belarus-primary-20261009\books\ddf715adede67a61\pages\0011.jpg;67593842ced397e897dd5a442b875b50b32b8ad68c6b21353b7b352efb9bfdd1;Ожидается;Просмотрена обзорно;Не завершена;Нет
ddf715adede67a61-p0012-PAGE_CONTEXT;matematika-muravjova-1kl-ch2-rus_2024.pdf;12;D:\ai-brain-data\visual-lexicon\belarus-primary-20261009\books\ddf715adede67a61\pages\0012.jpg;7c50c83b68f4c4d19583187d89966de8a358cc6ab62c4369483c8090437b1cf0;Ожидается;Просмотрена обзорно;Не завершена;Нет
ddf715adede67a61-p0013-PAGE_CONTEXT;matematika-muravjova-1kl-ch2-rus_2024.pdf;13;D:\ai-brain-data\visual-lexicon\belarus-primary-20261009\books\ddf715adede67a61\pages\0013.jpg;32694e291d5affe2b1c9eb81af0d05923ff4d51f91143987bb8e8c0fd1d81496;Ожидается;Просмотрена обзорно;Не завершена;Нет
ddf715adede67a61-p0014-PAGE_CONTEXT;matematika-muravjova-1kl-ch2-rus_2024.pdf;14;D:\ai-brain-data\visual-lexicon\belarus-primary-20261009\books\ddf715adede67a61\pages\0014.jpg;aad8de6ff312e0a22df449a74a799976b79fa9d472a242307011a7169a0cc955;Просмотрено выборочно;Просмотрена обзорно;Не завершена;Нет
ddf715adede67a61-p0015-PAGE_CONTEXT;matematika-muravjova-1kl-ch2-rus_2024.pdf;15;D:\ai-brain-data\visual-lexicon\belarus-primary-20261009\books\ddf715adede67a61\pages\0015.jpg;7b08e8b4cfe5e0b92a4526cd6ec1ee292e9d1681833e291aea0d6be30e1268d7;Ожидается;Просмотрена обзорно;Не завершена;Нет
ddf715adede67a61-p0016-PAGE_CONTEXT;matematika-muravjova-1kl-ch2-rus_2024.pdf;16;D:\ai-brain-data\visual-lexicon\belarus-primary-20261009\books\ddf715adede67a61\pages\0016.jpg;f88f81d0cc9db8dc7fedda2caac6bf1fe5dc85f2ae38f685932a6b3d67738ef6;Ожидается;Просмотрена обзорно;Не завершена;Нет
ddf715adede67a61-p0017-PAGE_CONTEXT;matematika-muravjova-1kl-ch2-rus_2024.pdf;17;D:\ai-brain-data\visual-lexicon\belarus-primary-20261009\books\ddf715adede67a61\pages\0017.jpg;f8a62a860592b7bdadd1265f1434e95566195f11a633892d647d7718bba8cb0b;Ожидается;Просмотрена обзорно;Не завершена;Нет
ddf715adede67a61-p0018-PAGE_CONTEXT;matematika-muravjova-1kl-ch2-rus_2024.pdf;18;D:\ai-brain-data\visual-lexicon\belarus-primary-20261009\books\ddf715adede67a61\pages\0018.jpg;ce7ff346d2d01858facf088abc9ceec7e306ecf49c29b425f52af7f569bffcfb;Ожидается;Просмотрена обзорно;Не завершена;Нет
ddf715adede67a61-p0019-PAGE_CONTEXT;matematika-muravjova-1kl-ch2-rus_2024.pdf;19;D:\ai-brain-data\visual-lexicon\belarus-primary-20261009\books\ddf715adede67a61\pages\0019.jpg;2da4a11466f7453f66ad52ef88357e0e27ce000c19928fd7848d95ec136d08ea;Ожидается;Просмотрена обзорно;Не завершена;Нет
ddf715adede67a61-p0020-PAGE_CONTEXT;matematika-muravjova-1kl-ch2-rus_2024.pdf;20;D:\ai-brain-data\visual-lexicon\belarus-primary-20261009\books\ddf715adede67a61\pages\0020.jpg;a1495311e98941f1f75318c803dbccfa78dfcd8fa3e8730f54c6ea54614791f5;Ожидается;Просмотрена обзорно;Не завершена;Нет
ddf715adede67a61-p0021-PAGE_CONTEXT;matematika-muravjova-1kl-ch2-rus_2024.pdf;21;D:\ai-brain-data\visual-lexicon\belarus-primary-20261009\books\ddf715adede67a61\pages\0021.jpg;9d2e6bd98631fa617038a1435e70af7af40f3788a70070368d2f78d8cfd66ab9;Ожидается;Просмотрена обзорно;Не завершена;Нет
ddf715adede67a61-p0022-PAGE_CONTEXT;matematika-muravjova-1kl-ch2-rus_2024.pdf;22;D:\ai-brain-data\visual-lexicon\belarus-primary-20261009\books\ddf715adede67a61\pages\0022.jpg;8690d72ec5d0a75c1031e29c1327641d34c018933f6c4c5621cab3f7c9e01cbf;Ожидается;Просмотрена обзорно;Не завершена;Нет
ddf715adede67a61-p0023-PAGE_CONTEXT;matematika-muravjova-1kl-ch2-rus_2024.pdf;23;D:\ai-brain-data\visual-lexicon\belarus-primary-20261009\books\ddf715adede67a61\pages\0023.jpg;d95c06766ed82c20987eeaae5ae98617ff31742ffa06c806c494f2b8d3d6ccef;Ожидается;Просмотрена обзорно;Не завершена;Нет
ddf715adede67a61-p0024-PAGE_CONTEXT;matematika-muravjova-1kl-ch2-rus_2024.pdf;24;D:\ai-brain-data\visual-lexicon\belarus-primary-20261009\books\ddf715adede67a61\pages\0024.jpg;34069dd3ec6b2a116046ec6b7cdb1f15fb1da1f242597772d6e2e3356e77d0d1;Ожидается;Просмотрена обзорно;Не завершена;Нет
ddf715adede67a61-p0025-PAGE_CONTEXT;matematika-muravjova-1kl-ch2-rus_2024.pdf;25;D:\ai-brain-data\visual-lexicon\belarus-primary-20261009\books\ddf715adede67a61\pages\0025.jpg;926c4c2cdef019d53771913683ffb1e836bffc17dfbc17097e5e2f455df62c5a;Ожидается;Просмотрена обзорно;Не завершена;Нет
ddf715adede67a61-p0026-PAGE_CONTEXT;matematika-muravjova-1kl-ch2-rus_2024.pdf;26;D:\ai-brain-data\visual-lexicon\belarus-primary-20261009\books\ddf715adede67a61\pages\0026.jpg;5720769101e9d21bf8e165ce71e292e7903fc09219ef619a557ef3859da041ed;Просмотрено выборочно;Просмотрена обзорно;Не завершена;Нет
ddf715adede67a61-p0027-PAGE_CONTEXT;matematika-muravjova-1kl-ch2-rus_2024.pdf;27;D:\ai-brain-data\visual-lexicon\belarus-primary-20261009\books\ddf715adede67a61\pages\0027.jpg;5a50804f4fd515d86089fc7f27325297c19a892617a979207eceed07ce3fa894;Ожидается;Просмотрена обзорно;Не завершена;Нет
ddf715adede67a61-p0028-PAGE_CONTEXT;matematika-muravjova-1kl-ch2-rus_2024.pdf;28;D:\ai-brain-data\visual-lexicon\belarus-primary-20261009\books\ddf715adede67a61\pages\0028.jpg;41d274e239c542ea1bb4eaf46002e7234f34a445d7b595abded91b57f70be7e7;Ожидается;Просмотрена обзорно;Не завершена;Нет
ddf715adede67a61-p0029-PAGE_CONTEXT;matematika-muravjova-1kl-ch2-rus_2024.pdf;29;D:\ai-brain-data\visual-lexicon\belarus-primary-20261009\books\ddf715adede67a61\pages\0029.jpg;cf14d4201b80922eb9d29f078d837828492b2b913b88cc867a88639ac5c74c9e;Ожидается;Просмотрена обзорно;Не завершена;Нет
ddf715adede67a61-p0030-PAGE_CONTEXT;matematika-muravjova-1kl-ch2-rus_2024.pdf;30;D:\ai-brain-data\visual-lexicon\belarus-primary-20261009\books\ddf715adede67a61\pages\0030.jpg;ee3bdcf94e913c98d781ceec2e0e8c6fc77963ba4392ee150ef20686a5161e31;Ожидается;Просмотрена обзорно;Не завершена;Нет
ddf715adede67a61-p0031-PAGE_CONTEXT;matematika-muravjova-1kl-ch2-rus_2024.pdf;31;D:\ai-brain-data\visual-lexicon\belarus-primary-20261009\books\ddf715adede67a61\pages\0031.jpg;66d3d2067111dba99f4fe6647962d9173574c2d3791cab0bfc872bb14efbe735;Ожидается;Просмотрена обзорно;Не завершена;Нет
ddf715adede67a61-p0032-PAGE_CONTEXT;matematika-muravjova-1kl-ch2-rus_2024.pdf;32;D:\ai-brain-data\visual-lexicon\belarus-primary-20261009\books\ddf715adede67a61\pages\0032.jpg;8640ea91bcf1761022d17318d33e3fef4e03bc09d3fcbdbee95b94e86f355097;Ожидается;Просмотрена обзорно;Не завершена;Нет
ddf715adede67a61-p0033-PAGE_CONTEXT;matematika-muravjova-1kl-ch2-rus_2024.pdf;33;D:\ai-brain-data\visual-lexicon\belarus-primary-20261009\books\ddf715adede67a61\pages\0033.jpg;e11bc106b33e667dfb5655790a7b87baea38fe5aa49a3879ed25b005c548cb55;Ожидается;Просмотрена обзорно;Не завершена;Нет
ddf715adede67a61-p0034-PAGE_CONTEXT;matematika-muravjova-1kl-ch2-rus_2024.pdf;34;D:\ai-brain-data\visual-lexicon\belarus-primary-20261009\books\ddf715adede67a61\pages\0034.jpg;0c39a1e39d1bf98f97b8bb16089dbb4e0ea14b90858de402481c5119e196b11a;Ожидается;Просмотрена обзорно;Не завершена;Нет
ddf715adede67a61-p0035-PAGE_CONTEXT;matematika-muravjova-1kl-ch2-rus_2024.pdf;35;D:\ai-brain-data\visual-lexicon\belarus-primary-20261009\books\ddf715adede67a61\pages\0035.jpg;be057b12deab26253d1ab59cdf67b8720656d1974303e066ef0adc984c924ff4;Ожидается;Просмотрена обзорно;Не завершена;Нет
ddf715adede67a61-p0036-PAGE_CONTEXT;matematika-muravjova-1kl-ch2-rus_2024.pdf;36;D:\ai-brain-data\visual-lexicon\belarus-primary-20261009\books\ddf715adede67a61\pages\0036.jpg;5619a27ad0372d1c26f2ede0307ffa8de5889456d1026e12849cf68f1eee6e2f;Ожидается;Просмотрена обзорно;Не завершена;Нет
ddf715adede67a61-p0037-PAGE_CONTEXT;matematika-muravjova-1kl-ch2-rus_2024.pdf;37;D:\ai-brain-data\visual-lexicon\belarus-primary-20261009\books\ddf715adede67a61\pages\0037.jpg;356112b4cd66dc4478591f20d29ef82c2a1e46f58795880e84502d5a4eaa48db;Ожидается;Просмотрена обзорно;Не завершена;Нет
ddf715adede67a61-p0038-PAGE_CONTEXT;matematika-muravjova-1kl-ch2-rus_2024.pdf;38;D:\ai-brain-data\visual-lexicon\belarus-primary-20261009\books\ddf715adede67a61\pages\0038.jpg;2dc17d30741784bd53737e22fe6d84412b7dd2db7ff841df708d7efcc3e8841b;Просмотрено выборочно;Просмотрена обзорно;Не завершена;Нет
ddf715adede67a61-p0039-PAGE_CONTEXT;matematika-muravjova-1kl-ch2-rus_2024.pdf;39;D:\ai-brain-data\visual-lexicon\belarus-primary-20261009\books\ddf715adede67a61\pages\0039.jpg;a5abb80259735ead6e6d108197f7400071ed307798060f07b59519b6250875ee;Ожидается;Просмотрена обзорно;Не завершена;Нет
ddf715adede67a61-p0040-PAGE_CONTEXT;matematika-muravjova-1kl-ch2-rus_2024.pdf;40;D:\ai-brain-data\visual-lexicon\belarus-primary-20261009\books\ddf715adede67a61\pages\0040.jpg;a89b94ae6919a54c5c9c17230a22cfb01ebc1840e1391d0f23c59ddc0179a3b8;Ожидается;Просмотрена обзорно;Не завершена;Нет
ddf715adede67a61-p0041-PAGE_CONTEXT;matematika-muravjova-1kl-ch2-rus_2024.pdf;41;D:\ai-brain-data\visual-lexicon\belarus-primary-20261009\books\ddf715adede67a61\pages\0041.jpg;cf96cdb14b1256b2590e64539088038c7b1b7bb9b47fbdce2091e99a50ef9074;Ожидается;Просмотрена обзорно;Не завершена;Нет
ddf715adede67a61-p0042-PAGE_CONTEXT;matematika-muravjova-1kl-ch2-rus_2024.pdf;42;D:\ai-brain-data\visual-lexicon\belarus-primary-20261009\books\ddf715adede67a61\pages\0042.jpg;6e09a81ac1670510ffad1dcd90e6ddd483afa0745dad6f30bcdce701b32c763b;Ожидается;Просмотрена обзорно;Не завершена;Нет
ddf715adede67a61-p0043-PAGE_CONTEXT;matematika-muravjova-1kl-ch2-rus_2024.pdf;43;D:\ai-brain-data\visual-lexicon\belarus-primary-20261009\books\ddf715adede67a61\pages\0043.jpg;ca5e9689df225ec59e2704882838306a29b0e80cd321f4667f910b032cbe776a;Ожидается;Просмотрена обзорно;Не завершена;Нет
ddf715adede67a61-p0044-PAGE_CONTEXT;matematika-muravjova-1kl-ch2-rus_2024.pdf;44;D:\ai-brain-data\visual-lexicon\belarus-primary-20261009\books\ddf715adede67a61\pages\0044.jpg;f7833f31b7022022fc257b8eec23827506b9bf1ee596ea5b6207e9a79513660f;Ожидается;Просмотрена обзорно;Не завершена;Нет
ddf715adede67a61-p0045-PAGE_CONTEXT;matematika-muravjova-1kl-ch2-rus_2024.pdf;45;D:\ai-brain-data\visual-lexicon\belarus-primary-20261009\books\ddf715adede67a61\pages\0045.jpg;4b6c1dd315dbf026469065abccc76bac39cca2485a8325980892099e11ad13ac;Ожидается;Просмотрена обзорно;Не завершена;Нет
ddf715adede67a61-p0046-PAGE_CONTEXT;matematika-muravjova-1kl-ch2-rus_2024.pdf;46;D:\ai-brain-data\visual-lexicon\belarus-primary-20261009\books\ddf715adede67a61\pages\0046.jpg;6784c8ddf6ae80e1b5a5e4a80b717c91d0c882ae3d2d1e4fd4571d2a0ba798ea;Ожидается;Просмотрена обзорно;Не завершена;Нет
ddf715adede67a61-p0047-PAGE_CONTEXT;matematika-muravjova-1kl-ch2-rus_2024.pdf;47;D:\ai-brain-data\visual-lexicon\belarus-primary-20261009\books\ddf715adede67a61\pages\0047.jpg;fd8b1a43af75759ff02610f750f7b092ab4578db6e2e46405b1d463e7eb22c60;Ожидается;Просмотрена обзорно;Не завершена;Нет
ddf715adede67a61-p0048-PAGE_CONTEXT;matematika-muravjova-1kl-ch2-rus_2024.pdf;48;D:\ai-brain-data\visual-lexicon\belarus-primary-20261009\books\ddf715adede67a61\pages\0048.jpg;073e408aaec1dd9ca1ca311a2a7254b0ad3b2d1628e029276fe55fc2da68b1e6;Ожидается;Просмотрена обзорно;Не завершена;Нет
ddf715adede67a61-p0049-PAGE_CONTEXT;matematika-muravjova-1kl-ch2-rus_2024.pdf;49;D:\ai-brain-data\visual-lexicon\belarus-primary-20261009\books\ddf715adede67a61\pages\0049.jpg;c57bd13b85efaca606026e775d9414b83b7a0f29c52ecfa24e3f05d313cf46b2;Ожидается;Просмотрена обзорно;Не завершена;Нет
ddf715adede67a61-p0050-PAGE_CONTEXT;matematika-muravjova-1kl-ch2-rus_2024.pdf;50;D:\ai-brain-data\visual-lexicon\belarus-primary-20261009\books\ddf715adede67a61\pages\0050.jpg;3ac3eb663a0a003bcb515ea9e042a0dfc2e9a49e2c0ca03629ea4b1d829ca936;Просмотрено выборочно;Просмотрена обзорно;Не завершена;Нет
ddf715adede67a61-p0051-PAGE_CONTEXT;matematika-muravjova-1kl-ch2-rus_2024.pdf;51;D:\ai-brain-data\visual-lexicon\belarus-primary-20261009\books\ddf715adede67a61\pages\0051.jpg;6bb9ceabcd4fa7d757cd59e52cde00b48d13a9392dd6823543026a9a8d0e407d;Ожидается;Просмотрена обзорно;Не завершена;Нет
ddf715adede67a61-p0052-PAGE_CONTEXT;matematika-muravjova-1kl-ch2-rus_2024.pdf;52;D:\ai-brain-data\visual-lexicon\belarus-primary-20261009\books\ddf715adede67a61\pages\0052.jpg;ce5ff84e56e4b54b58b8d23ca26e06b01bceddb8040b793e056c4b341b82e6e6;Ожидается;Просмотрена обзорно;Не завершена;Нет
ddf715adede67a61-p0053-PAGE_CONTEXT;matematika-muravjova-1kl-ch2-rus_2024.pdf;53;D:\ai-brain-data\visual-lexicon\belarus-primary-20261009\books\ddf715adede67a61\pages\0053.jpg;47853b32bbb800732e3164be22814b9f1e5f0010097336be578749923b6d5fa1;Ожидается;Просмотрена обзорно;Не завершена;Нет
ddf715adede67a61-p0054-PAGE_CONTEXT;matematika-muravjova-1kl-ch2-rus_2024.pdf;54;D:\ai-brain-data\visual-lexicon\belarus-primary-20261009\books\ddf715adede67a61\pages\0054.jpg;a0ba30edea98be30f5c243bdb0867841bdc83bd7af348c75df351d98d351331f;Ожидается;Просмотрена обзорно;Не завершена;Нет
ddf715adede67a61-p0055-PAGE_CONTEXT;matematika-muravjova-1kl-ch2-rus_2024.pdf;55;D:\ai-brain-data\visual-lexicon\belarus-primary-20261009\books\ddf715adede67a61\pages\0055.jpg;c1f6db3c710d351f9bdd9da675aa726a03252e67b333b98a1142dcb604e231de;Ожидается;Просмотрена обзорно;Не завершена;Нет
ddf715adede67a61-p0056-PAGE_CONTEXT;matematika-muravjova-1kl-ch2-rus_2024.pdf;56;D:\ai-brain-data\visual-lexicon\belarus-primary-20261009\books\ddf715adede67a61\pages\0056.jpg;1d78176bc45cdd0c528af922aab7c2ac75181b0b2ab99c32b6a381aa75beed76;Ожидается;Просмотрена обзорно;Не завершена;Нет
ddf715adede67a61-p0057-PAGE_CONTEXT;matematika-muravjova-1kl-ch2-rus_2024.pdf;57;D:\ai-brain-data\visual-lexicon\belarus-primary-20261009\books\ddf715adede67a61\pages\0057.jpg;97dde4e2f28bf08118cdc881fd9a27eeeff23b3916064a0d1de7c4842aa666b6;Ожидается;Просмотрена обзорно;Не завершена;Нет
ddf715adede67a61-p0058-PAGE_CONTEXT;matematika-muravjova-1kl-ch2-rus_2024.pdf;58;D:\ai-brain-data\visual-lexicon\belarus-primary-20261009\books\ddf715adede67a61\pages\0058.jpg;abab6e11e71bdef4424c51bd76b41b3103cc95bc33f95a91ca0d0f8f1ace8f96;Ожидается;Просмотрена обзорно;Не завершена;Нет
ddf715adede67a61-p0059-PAGE_CONTEXT;matematika-muravjova-1kl-ch2-rus_2024.pdf;59;D:\ai-brain-data\visual-lexicon\belarus-primary-20261009\books\ddf715adede67a61\pages\0059.jpg;13fd1d97ec237793d719a2504ad1149a9bb3e29bc4569dc958b7dc58ed5b9824;Ожидается;Просмотрена обзорно;Не завершена;Нет
ddf715adede67a61-p0060-PAGE_CONTEXT;matematika-muravjova-1kl-ch2-rus_2024.pdf;60;D:\ai-brain-data\visual-lexicon\belarus-primary-20261009\books\ddf715adede67a61\pages\0060.jpg;79237f128125dfaaee34cca17759148ec6bb9b67009f528b8d8cd2e6e7b98333;Ожидается;Просмотрена обзорно;Не завершена;Нет
ddf715adede67a61-p0061-PAGE_CONTEXT;matematika-muravjova-1kl-ch2-rus_2024.pdf;61;D:\ai-brain-data\visual-lexicon\belarus-primary-20261009\books\ddf715adede67a61\pages\0061.jpg;a71b435c90c655337164ff265d80a8ec1ef6b3fdbfab0af69dbb2e58c02559dd;Ожидается;Просмотрена обзорно;Не завершена;Нет
ddf715adede67a61-p0062-PAGE_CONTEXT;matematika-muravjova-1kl-ch2-rus_2024.pdf;62;D:\ai-brain-data\visual-lexicon\belarus-primary-20261009\books\ddf715adede67a61\pages\0062.jpg;b7f1f09488f2d126f6cf5d4804265a2c7529baf8f40a7ef326a45f3cc4fcb5cf;Ожидается;Просмотрена обзорно;Не завершена;Нет
ddf715adede67a61-p0063-PAGE_CONTEXT;matematika-muravjova-1kl-ch2-rus_2024.pdf;63;D:\ai-brain-data\visual-lexicon\belarus-primary-20261009\books\ddf715adede67a61\pages\0063.jpg;83842b95c3275ea7f829b69401425f651a7843c69247f4010a7bdfd1c7bd77f0;Ожидается;Просмотрена обзорно;Не завершена;Нет
ddf715adede67a61-p0064-PAGE_CONTEXT;matematika-muravjova-1kl-ch2-rus_2024.pdf;64;D:\ai-brain-data\visual-lexicon\belarus-primary-20261009\books\ddf715adede67a61\pages\0064.jpg;74926202bf4b230f7baf1d028d13fb7e5c2e30a31b4d244d1cf3db01405d1bb9;Ожидается;Просмотрена обзорно;Не завершена;Нет
ddf715adede67a61-p0065-PAGE_CONTEXT;matematika-muravjova-1kl-ch2-rus_2024.pdf;65;D:\ai-brain-data\visual-lexicon\belarus-primary-20261009\books\ddf715adede67a61\pages\0065.jpg;1ded8f273c6d5092d8cf4c8d9baa8b0895a99870c674849515a9c1ed4950631e;Ожидается;Просмотрена обзорно;Не завершена;Нет
ddf715adede67a61-p0066-PAGE_CONTEXT;matematika-muravjova-1kl-ch2-rus_2024.pdf;66;D:\ai-brain-data\visual-lexicon\belarus-primary-20261009\books\ddf715adede67a61\pages\0066.jpg;fa5cc1d774fca34b08b561b1d1dae581da9c033a27ced8832fd8e15bc5fd1f21;Ожидается;Просмотрена обзорно;Не завершена;Нет
ddf715adede67a61-p0067-PAGE_CONTEXT;matematika-muravjova-1kl-ch2-rus_2024.pdf;67;D:\ai-brain-data\visual-lexicon\belarus-primary-20261009\books\ddf715adede67a61\pages\0067.jpg;7c1c1dd8d83c15c807cbc28c2a263c769a4bd9d353f2c6b5ec43b611cd7b6b23;Ожидается;Просмотрена обзорно;Не завершена;Нет
ddf715adede67a61-p0068-PAGE_CONTEXT;matematika-muravjova-1kl-ch2-rus_2024.pdf;68;D:\ai-brain-data\visual-lexicon\belarus-primary-20261009\books\ddf715adede67a61\pages\0068.jpg;6813fe94922ecd7938b4ca1cc05aaf5aba843e9eac3eb5982e7a0c986d9dd882;Просмотрено выборочно;Просмотрена обзорно;Не завершена;Нет
ddf715adede67a61-p0069-PAGE_CONTEXT;matematika-muravjova-1kl-ch2-rus_2024.pdf;69;D:\ai-brain-data\visual-lexicon\belarus-primary-20261009\books\ddf715adede67a61\pages\0069.jpg;4f67392ed1f13578333ec51528cbd00d1ebd73c3963300e0678e5e18a02369f4;Ожидается;Просмотрена обзорно;Не завершена;Нет
ddf715adede67a61-p0070-PAGE_CONTEXT;matematika-muravjova-1kl-ch2-rus_2024.pdf;70;D:\ai-brain-data\visual-lexicon\belarus-primary-20261009\books\ddf715adede67a61\pages\0070.jpg;eab2f4e39a0e4d569363d0b09b11c109115818ebb269a15124c18af26753895c;Ожидается;Просмотрена обзорно;Не завершена;Нет
ddf715adede67a61-p0071-PAGE_CONTEXT;matematika-muravjova-1kl-ch2-rus_2024.pdf;71;D:\ai-brain-data\visual-lexicon\belarus-primary-20261009\books\ddf715adede67a61\pages\0071.jpg;a6591956b9aec5e2c4498f5dc45c4957dd0d49fa64b229d4e3909a16b3c03235;Ожидается;Просмотрена обзорно;Не завершена;Нет
ddf715adede67a61-p0072-PAGE_CONTEXT;matematika-muravjova-1kl-ch2-rus_2024.pdf;72;D:\ai-brain-data\visual-lexicon\belarus-primary-20261009\books\ddf715adede67a61\pages\0072.jpg;0c8380ec8b24766615357ad02a4965dbe7fedaac953b8d04a421314c098da22c;Ожидается;Просмотрена обзорно;Не завершена;Нет
ddf715adede67a61-p0073-PAGE_CONTEXT;matematika-muravjova-1kl-ch2-rus_2024.pdf;73;D:\ai-brain-data\visual-lexicon\belarus-primary-20261009\books\ddf715adede67a61\pages\0073.jpg;ca344e6f7b4bf6c6ba03e41e3a4bda0959155f445a25d63310875784aa0d6c79;Ожидается;Просмотрена обзорно;Не завершена;Нет
ddf715adede67a61-p0074-PAGE_CONTEXT;matematika-muravjova-1kl-ch2-rus_2024.pdf;74;D:\ai-brain-data\visual-lexicon\belarus-primary-20261009\books\ddf715adede67a61\pages\0074.jpg;61d6bd29b0973438d0154ada97b76c2c301495106212b1d83921f89512eb46d0;Ожидается;Просмотрена обзорно;Не завершена;Нет
ddf715adede67a61-p0075-PAGE_CONTEXT;matematika-muravjova-1kl-ch2-rus_2024.pdf;75;D:\ai-brain-data\visual-lexicon\belarus-primary-20261009\books\ddf715adede67a61\pages\0075.jpg;257bc741dca75177183f4eb120c0aa6eabc1897810bcc02f005da2fc47ba2a81;Ожидается;Просмотрена обзорно;Не завершена;Нет
ddf715adede67a61-p0076-PAGE_CONTEXT;matematika-muravjova-1kl-ch2-rus_2024.pdf;76;D:\ai-brain-data\visual-lexicon\belarus-primary-20261009\books\ddf715adede67a61\pages\0076.jpg;893ad4444924b5211fa199c6e6d61563f6d32f127d40882d9f1fffb25bfaf611;Ожидается;Просмотрена обзорно;Не завершена;Нет
ddf715adede67a61-p0077-PAGE_CONTEXT;matematika-muravjova-1kl-ch2-rus_2024.pdf;77;D:\ai-brain-data\visual-lexicon\belarus-primary-20261009\books\ddf715adede67a61\pages\0077.jpg;9f60c704a3e853653a078bfb3e7eccdbffee4d52bfec3ee3ef6f8145dd9dede4;Ожидается;Просмотрена обзорно;Не завершена;Нет
ddf715adede67a61-p0078-PAGE_CONTEXT;matematika-muravjova-1kl-ch2-rus_2024.pdf;78;D:\ai-brain-data\visual-lexicon\belarus-primary-20261009\books\ddf715adede67a61\pages\0078.jpg;bd9a8ece895a16612645d4e116e534edff3247a8e8308a447913a941836aaad1;Ожидается;Просмотрена обзорно;Не завершена;Нет
ddf715adede67a61-p0079-PAGE_CONTEXT;matematika-muravjova-1kl-ch2-rus_2024.pdf;79;D:\ai-brain-data\visual-lexicon\belarus-primary-20261009\books\ddf715adede67a61\pages\0079.jpg;a42769b6fbab77a69f049f64b3749402ab4dd50e83973cdbdf8d29352bebfe37;Ожидается;Просмотрена обзорно;Не завершена;Нет
ddf715adede67a61-p0080-PAGE_CONTEXT;matematika-muravjova-1kl-ch2-rus_2024.pdf;80;D:\ai-brain-data\visual-lexicon\belarus-primary-20261009\books\ddf715adede67a61\pages\0080.jpg;09e29ca35545bc7bbb517f6fa73910e0d90cd5fa9313123b75ea6c95e6656030;Ожидается;Просмотрена обзорно;Не завершена;Нет
ddf715adede67a61-p0081-PAGE_CONTEXT;matematika-muravjova-1kl-ch2-rus_2024.pdf;81;D:\ai-brain-data\visual-lexicon\belarus-primary-20261009\books\ddf715adede67a61\pages\0081.jpg;dcceec088e46a1f85e4e448500e84c0038e0467028d5eef5a526ed994277d030;Ожидается;Просмотрена обзорно;Не завершена;Нет
ddf715adede67a61-p0082-PAGE_CONTEXT;matematika-muravjova-1kl-ch2-rus_2024.pdf;82;D:\ai-brain-data\visual-lexicon\belarus-primary-20261009\books\ddf715adede67a61\pages\0082.jpg;52cca42bcbd7913ca66c2bb037122c03d90012c2ffdbe1472ed3cabcd54fd3c1;Ожидается;Просмотрена обзорно;Не завершена;Нет
ddf715adede67a61-p0083-PAGE_CONTEXT;matematika-muravjova-1kl-ch2-rus_2024.pdf;83;D:\ai-brain-data\visual-lexicon\belarus-primary-20261009\books\ddf715adede67a61\pages\0083.jpg;f5df406f52c0c46706101c6f0fdaff4bf608c1ae7f72f8e9494e79d02cdbc652;Ожидается;Просмотрена обзорно;Не завершена;Нет
ddf715adede67a61-p0084-PAGE_CONTEXT;matematika-muravjova-1kl-ch2-rus_2024.pdf;84;D:\ai-brain-data\visual-lexicon\belarus-primary-20261009\books\ddf715adede67a61\pages\0084.jpg;88ee6107ff3e19e813bed4aa3505e0e1a6c44dd845ca23362a1ef35da05d8e2e;Ожидается;Просмотрена обзорно;Не завершена;Нет
ddf715adede67a61-p0085-PAGE_CONTEXT;matematika-muravjova-1kl-ch2-rus_2024.pdf;85;D:\ai-brain-data\visual-lexicon\belarus-primary-20261009\books\ddf715adede67a61\pages\0085.jpg;989eacdcac8faca503e1ddb85c1e088b123b2610ee91d0c5f2f7cc69421d4252;Ожидается;Просмотрена обзорно;Не завершена;Нет
ddf715adede67a61-p0086-PAGE_CONTEXT;matematika-muravjova-1kl-ch2-rus_2024.pdf;86;D:\ai-brain-data\visual-lexicon\belarus-primary-20261009\books\ddf715adede67a61\pages\0086.jpg;28a43f4a7a93c99b2665a1c6ae3b9af7ac65c8116bd91aa87d8fa9a52495dfe7;Просмотрено выборочно;Просмотрена обзорно;Не завершена;Нет
ddf715adede67a61-p0087-PAGE_CONTEXT;matematika-muravjova-1kl-ch2-rus_2024.pdf;87;D:\ai-brain-data\visual-lexicon\belarus-primary-20261009\books\ddf715adede67a61\pages\0087.jpg;9bd9af1f3ffff163b52853e41a22e51e7338434eaa5c2f840d4cc89c3defb6af;Ожидается;Просмотрена обзорно;Не завершена;Нет
ddf715adede67a61-p0088-PAGE_CONTEXT;matematika-muravjova-1kl-ch2-rus_2024.pdf;88;D:\ai-brain-data\visual-lexicon\belarus-primary-20261009\books\ddf715adede67a61\pages\0088.jpg;a42ea4dfa9f0bfcc788a4f64c87338fab2c0e2e313af22aefc511815cfc18030;Ожидается;Просмотрена обзорно;Не завершена;Нет
ddf715adede67a61-p0089-PAGE_CONTEXT;matematika-muravjova-1kl-ch2-rus_2024.pdf;89;D:\ai-brain-data\visual-lexicon\belarus-primary-20261009\books\ddf715adede67a61\pages\0089.jpg;d5b37405d896235a23537498263e17bad3993b176723d69597808252e8164b1c;Ожидается;Просмотрена обзорно;Не завершена;Нет
ddf715adede67a61-p0090-PAGE_CONTEXT;matematika-muravjova-1kl-ch2-rus_2024.pdf;90;D:\ai-brain-data\visual-lexicon\belarus-primary-20261009\books\ddf715adede67a61\pages\0090.jpg;68431e54007e04ef7e0d4f46469a4db2940646e2b70085464353cc3a2076d6c6;Ожидается;Просмотрена обзорно;Не завершена;Нет
ddf715adede67a61-p0091-PAGE_CONTEXT;matematika-muravjova-1kl-ch2-rus_2024.pdf;91;D:\ai-brain-data\visual-lexicon\belarus-primary-20261009\books\ddf715adede67a61\pages\0091.jpg;84168946991be526166fcc91f1334fbaa583ece534941b2995c82b0c5f05188f;Ожидается;Просмотрена обзорно;Не завершена;Нет
ddf715adede67a61-p0092-PAGE_CONTEXT;matematika-muravjova-1kl-ch2-rus_2024.pdf;92;D:\ai-brain-data\visual-lexicon\belarus-primary-20261009\books\ddf715adede67a61\pages\0092.jpg;9695437fad9466d1a71227c2c3ec9c956fbf9ebd57a28ab69b8aadd40a88edcf;Ожидается;Просмотрена обзорно;Не завершена;Нет
ddf715adede67a61-p0093-PAGE_CONTEXT;matematika-muravjova-1kl-ch2-rus_2024.pdf;93;D:\ai-brain-data\visual-lexicon\belarus-primary-20261009\books\ddf715adede67a61\pages\0093.jpg;c980456af7f604807327a9c90240988db7daa2024c6fa24af444973f89225bfa;Ожидается;Просмотрена обзорно;Не завершена;Нет
ddf715adede67a61-p0094-PAGE_CONTEXT;matematika-muravjova-1kl-ch2-rus_2024.pdf;94;D:\ai-brain-data\visual-lexicon\belarus-primary-20261009\books\ddf715adede67a61\pages\0094.jpg;f8b7d05dae314af983b4214bda2f92f5d7317bad67c5352ac29b658163341c22;Ожидается;Просмотрена обзорно;Не завершена;Нет
ddf715adede67a61-p0095-PAGE_CONTEXT;matematika-muravjova-1kl-ch2-rus_2024.pdf;95;D:\ai-brain-data\visual-lexicon\belarus-primary-20261009\books\ddf715adede67a61\pages\0095.jpg;d25f812ec40995883c7c44b899d546a103a6063bccfcbb9164edc957e40052ab;Ожидается;Просмотрена обзорно;Не завершена;Нет
ddf715adede67a61-p0096-PAGE_CONTEXT;matematika-muravjova-1kl-ch2-rus_2024.pdf;96;D:\ai-brain-data\visual-lexicon\belarus-primary-20261009\books\ddf715adede67a61\pages\0096.jpg;50f89e742f6f6c489218b6a131b27f484a720c3ae437fc97eaf26aa3f46fd065;Ожидается;Просмотрена обзорно;Не завершена;Нет
ddf715adede67a61-p0097-PAGE_CONTEXT;matematika-muravjova-1kl-ch2-rus_2024.pdf;97;D:\ai-brain-data\visual-lexicon\belarus-primary-20261009\books\ddf715adede67a61\pages\0097.jpg;9d48d06e051f4d192731f77239df7e87c97e95582ff5cd2045815a2811ad5dc6;Ожидается;Просмотрена обзорно;Не завершена;Нет
ddf715adede67a61-p0098-PAGE_CONTEXT;matematika-muravjova-1kl-ch2-rus_2024.pdf;98;D:\ai-brain-data\visual-lexicon\belarus-primary-20261009\books\ddf715adede67a61\pages\0098.jpg;3027a3ee6a9145f8609d5c9728fde497dd51e0d2a1b99ffbfdb311cbee77cb98;Ожидается;Просмотрена обзорно;Не завершена;Нет
ddf715adede67a61-p0099-PAGE_CONTEXT;matematika-muravjova-1kl-ch2-rus_2024.pdf;99;D:\ai-brain-data\visual-lexicon\belarus-primary-20261009\books\ddf715adede67a61\pages\0099.jpg;2e461fdc5f93a1a2a61b476f9693535ed82a42b234281ab6441b892ff926fee4;Ожидается;Просмотрена обзорно;Не завершена;Нет
ddf715adede67a61-p0100-PAGE_CONTEXT;matematika-muravjova-1kl-ch2-rus_2024.pdf;100;D:\ai-brain-data\visual-lexicon\belarus-primary-20261009\books\ddf715adede67a61\pages\0100.jpg;42b9ea6019a086895a8f8f286de686116b3a6470c4137075e9a352a1d694c8e7;Ожидается;Просмотрена обзорно;Не завершена;Нет
ddf715adede67a61-p0101-PAGE_CONTEXT;matematika-muravjova-1kl-ch2-rus_2024.pdf;101;D:\ai-brain-data\visual-lexicon\belarus-primary-20261009\books\ddf715adede67a61\pages\0101.jpg;01b686945a3fd4f1ade14d5bad7a4c474bf400b7f7bafd69b4622a09a4c22b31;Ожидается;Просмотрена обзорно;Не завершена;Нет
ddf715adede67a61-p0102-PAGE_CONTEXT;matematika-muravjova-1kl-ch2-rus_2024.pdf;102;D:\ai-brain-data\visual-lexicon\belarus-primary-20261009\books\ddf715adede67a61\pages\0102.jpg;0f38f55d952a967938754f36a64fa2d626fd28944f24567bb7daced97d6309d3;Ожидается;Просмотрена обзорно;Не завершена;Нет
ddf715adede67a61-p0103-PAGE_CONTEXT;matematika-muravjova-1kl-ch2-rus_2024.pdf;103;D:\ai-brain-data\visual-lexicon\belarus-primary-20261009\books\ddf715adede67a61\pages\0103.jpg;13f679fe076678f90047bb955fbf2b58824006c7e98f8b9c39990c7bf2f543af;Ожидается;Просмотрена обзорно;Не завершена;Нет
ddf715adede67a61-p0104-PAGE_CONTEXT;matematika-muravjova-1kl-ch2-rus_2024.pdf;104;D:\ai-brain-data\visual-lexicon\belarus-primary-20261009\books\ddf715adede67a61\pages\0104.jpg;ca4713ffb1cdf2265c74bb7ec322df4fe97e1ddeea5732ea1f3ef300cdea72f1;Просмотрено выборочно;Просмотрена обзорно;Не завершена;Нет
ddf715adede67a61-p0105-PAGE_CONTEXT;matematika-muravjova-1kl-ch2-rus_2024.pdf;105;D:\ai-brain-data\visual-lexicon\belarus-primary-20261009\books\ddf715adede67a61\pages\0105.jpg;6651671a9c33ddd15b6bedd46e41e8cd516e17011f5390f58f92eb83722cacec;Ожидается;Просмотрена обзорно;Не завершена;Нет
ddf715adede67a61-p0106-PAGE_CONTEXT;matematika-muravjova-1kl-ch2-rus_2024.pdf;106;D:\ai-brain-data\visual-lexicon\belarus-primary-20261009\books\ddf715adede67a61\pages\0106.jpg;061d9370914428c2fd24ae81dbbeb80069da7d574cf8a069ce3ed2bdf045ed17;Ожидается;Просмотрена обзорно;Не завершена;Нет
ddf715adede67a61-p0107-PAGE_CONTEXT;matematika-muravjova-1kl-ch2-rus_2024.pdf;107;D:\ai-brain-data\visual-lexicon\belarus-primary-20261009\books\ddf715adede67a61\pages\0107.jpg;417763ee1f7e0c415894a48166a20af2adfaeb6466d611d9e8960a24f7293de2;Ожидается;Просмотрена обзорно;Не завершена;Нет
ddf715adede67a61-p0108-PAGE_CONTEXT;matematika-muravjova-1kl-ch2-rus_2024.pdf;108;D:\ai-brain-data\visual-lexicon\belarus-primary-20261009\books\ddf715adede67a61\pages\0108.jpg;a00a2d49ae1a8155ee8644834e6c58adee652327937e8fd99735139bac2578b3;Ожидается;Просмотрена обзорно;Не завершена;Нет
ddf715adede67a61-p0109-PAGE_CONTEXT;matematika-muravjova-1kl-ch2-rus_2024.pdf;109;D:\ai-brain-data\visual-lexicon\belarus-primary-20261009\books\ddf715adede67a61\pages\0109.jpg;dd070467e6739512f098e6afe21d625ae12aaff634b7e05a79e3b8773476dd2b;Ожидается;Просмотрена обзорно;Не завершена;Нет
ddf715adede67a61-p0110-PAGE_CONTEXT;matematika-muravjova-1kl-ch2-rus_2024.pdf;110;D:\ai-brain-data\visual-lexicon\belarus-primary-20261009\books\ddf715adede67a61\pages\0110.jpg;1ca84d607b6a42e3c95a9668646bab2f2367f72c94598c790689883cfa287978;Ожидается;Просмотрена обзорно;Не завершена;Нет
ddf715adede67a61-p0111-PAGE_CONTEXT;matematika-muravjova-1kl-ch2-rus_2024.pdf;111;D:\ai-brain-data\visual-lexicon\belarus-primary-20261009\books\ddf715adede67a61\pages\0111.jpg;fa6f87b447d95e6a6dc4180aeece6ffe0c73b67dea4c62a7a40ef663b9adcc02;Ожидается;Просмотрена обзорно;Не завершена;Нет
ddf715adede67a61-p0112-PAGE_CONTEXT;matematika-muravjova-1kl-ch2-rus_2024.pdf;112;D:\ai-brain-data\visual-lexicon\belarus-primary-20261009\books\ddf715adede67a61\pages\0112.jpg;5ff03a2ccc6c30b2b2235319f37a6d423c8cdad1f2bf48de780ecafdc193b2d7;Ожидается;Просмотрена обзорно;Не завершена;Нет
ddf715adede67a61-p0113-PAGE_CONTEXT;matematika-muravjova-1kl-ch2-rus_2024.pdf;113;D:\ai-brain-data\visual-lexicon\belarus-primary-20261009\books\ddf715adede67a61\pages\0113.jpg;d6ff3b50749a857e5b76ba05259748a2da968f2d0acacb14a234dcde1ee7e467;Ожидается;Просмотрена обзорно;Не завершена;Нет
ddf715adede67a61-p0114-PAGE_CONTEXT;matematika-muravjova-1kl-ch2-rus_2024.pdf;114;D:\ai-brain-data\visual-lexicon\belarus-primary-20261009\books\ddf715adede67a61\pages\0114.jpg;5867eac41df46b8e6257c4f7998ed690906cff6ff34b3d17da31ebe009d2cccf;Ожидается;Просмотрена обзорно;Не завершена;Нет
ddf715adede67a61-p0115-PAGE_CONTEXT;matematika-muravjova-1kl-ch2-rus_2024.pdf;115;D:\ai-brain-data\visual-lexicon\belarus-primary-20261009\books\ddf715adede67a61\pages\0115.jpg;16fa443038bd5b01722c600efbcad3492af7a9a69a7f385c1fc73a6c4a3d451a;Ожидается;Просмотрена обзорно;Не завершена;Нет
ddf715adede67a61-p0116-PAGE_CONTEXT;matematika-muravjova-1kl-ch2-rus_2024.pdf;116;D:\ai-brain-data\visual-lexicon\belarus-primary-20261009\books\ddf715adede67a61\pages\0116.jpg;6f15ca375fc613a545f669f8f05af9e8b479019ffe4de7c86a5c6490f3e192d9;Ожидается;Просмотрена обзорно;Не завершена;Нет
ddf715adede67a61-p0117-PAGE_CONTEXT;matematika-muravjova-1kl-ch2-rus_2024.pdf;117;D:\ai-brain-data\visual-lexicon\belarus-primary-20261009\books\ddf715adede67a61\pages\0117.jpg;48d545fd8ef6a590074306f739ef32bbeafb02cd6aafe5edc50d25dc512afcc5;Ожидается;Просмотрена обзорно;Не завершена;Нет
ddf715adede67a61-p0118-PAGE_CONTEXT;matematika-muravjova-1kl-ch2-rus_2024.pdf;118;D:\ai-brain-data\visual-lexicon\belarus-primary-20261009\books\ddf715adede67a61\pages\0118.jpg;65e0748b6ffb61bf498aea1431ac62be9d2974b32ae753d7fd2e1087c41f698a;Ожидается;Просмотрена обзорно;Не завершена;Нет
ddf715adede67a61-p0119-PAGE_CONTEXT;matematika-muravjova-1kl-ch2-rus_2024.pdf;119;D:\ai-brain-data\visual-lexicon\belarus-primary-20261009\books\ddf715adede67a61\pages\0119.jpg;0456512cdf96cdb086702f9dafdb406eb6ff07e521f07f10a0a60e92fabda46c;Ожидается;Просмотрена обзорно;Не завершена;Нет
ddf715adede67a61-p0120-PAGE_CONTEXT;matematika-muravjova-1kl-ch2-rus_2024.pdf;120;D:\ai-brain-data\visual-lexicon\belarus-primary-20261009\books\ddf715adede67a61\pages\0120.jpg;a9fb05b7814be2a47c6db66b01a153b65d65c4d2c9ecbf66de9e70ac9ce48d92;Ожидается;Просмотрена обзорно;Не завершена;Нет
ddf715adede67a61-p0121-PAGE_CONTEXT;matematika-muravjova-1kl-ch2-rus_2024.pdf;121;D:\ai-brain-data\visual-lexicon\belarus-primary-20261009\books\ddf715adede67a61\pages\0121.jpg;2ddc780380cf4c28962e583d562f663dc62220c29b5e3192437cbcb9e6f46914;Ожидается;Просмотрена обзорно;Не завершена;Нет
ddf715adede67a61-p0122-PAGE_CONTEXT;matematika-muravjova-1kl-ch2-rus_2024.pdf;122;D:\ai-brain-data\visual-lexicon\belarus-primary-20261009\books\ddf715adede67a61\pages\0122.jpg;0e767d92c8a810e2336b2435db6a0b25ef6f4e4bef42576370f2a5b7deee9c54;Ожидается;Просмотрена обзорно;Не завершена;Нет
ddf715adede67a61-p0123-PAGE_CONTEXT;matematika-muravjova-1kl-ch2-rus_2024.pdf;123;D:\ai-brain-data\visual-lexicon\belarus-primary-20261009\books\ddf715adede67a61\pages\0123.jpg;0c60a6e00e7ecfe82c8df262b5a6a813258e03b019d17317c6b7eeeecf1b6558;Ожидается;Просмотрена обзорно;Не завершена;Нет
ddf715adede67a61-p0124-PAGE_CONTEXT;matematika-muravjova-1kl-ch2-rus_2024.pdf;124;D:\ai-brain-data\visual-lexicon\belarus-primary-20261009\books\ddf715adede67a61\pages\0124.jpg;a07bd00a2ec6267706c0a33900b2e2b7fad2e52be109722921e130de0117f8cc;Ожидается;Просмотрена обзорно;Не завершена;Нет
ddf715adede67a61-p0125-PAGE_CONTEXT;matematika-muravjova-1kl-ch2-rus_2024.pdf;125;D:\ai-brain-data\visual-lexicon\belarus-primary-20261009\books\ddf715adede67a61\pages\0125.jpg;abb66c2dfdb6aa7525e7802be89a878c36ff2536f07f24f708c0935fd7d70df9;Ожидается;Просмотрена обзорно;Не завершена;Нет
ddf715adede67a61-p0126-PAGE_CONTEXT;matematika-muravjova-1kl-ch2-rus_2024.pdf;126;D:\ai-brain-data\visual-lexicon\belarus-primary-20261009\books\ddf715adede67a61\pages\0126.jpg;53685085dcac1d54985f07c2d694c5201d99869cd04c8fdc2e1c9936587a736d;Ожидается;Просмотрена обзорно;Не завершена;Нет
ddf715adede67a61-p0127-PAGE_CONTEXT;matematika-muravjova-1kl-ch2-rus_2024.pdf;127;D:\ai-brain-data\visual-lexicon\belarus-primary-20261009\books\ddf715adede67a61\pages\0127.jpg;930f666eb0499f3a5eecba08c0a4a7b1f11639474d0a67b53ec203c7a19ddc8e;Ожидается;Просмотрена обзорно;Не завершена;Нет
ddf715adede67a61-p0128-PAGE_CONTEXT;matematika-muravjova-1kl-ch2-rus_2024.pdf;128;D:\ai-brain-data\visual-lexicon\belarus-primary-20261009\books\ddf715adede67a61\pages\0128.jpg;e3f77655c020c84b6434105065255871c7f600e191133f53378719ce60d16c08;Ожидается;Просмотрена обзорно;Не завершена;Нет
ddf715adede67a61-p0129-PAGE_CONTEXT;matematika-muravjova-1kl-ch2-rus_2024.pdf;129;D:\ai-brain-data\visual-lexicon\belarus-primary-20261009\books\ddf715adede67a61\pages\0129.jpg;130f50ba081211646f69dda659fb4067a180aebb6a89c56b335e099d5fba6b44;Ожидается;Просмотрена обзорно;Не завершена;Нет
ddf715adede67a61-p0130-PAGE_CONTEXT;matematika-muravjova-1kl-ch2-rus_2024.pdf;130;D:\ai-brain-data\visual-lexicon\belarus-primary-20261009\books\ddf715adede67a61\pages\0130.jpg;4cd6505ae618e515d4eff2204441adfc5d7c0201fa16c9a6d0f38ae0be927a7d;Просмотрено выборочно;Просмотрена обзорно;Не завершена;Нет
ddf715adede67a61-p0131-PAGE_CONTEXT;matematika-muravjova-1kl-ch2-rus_2024.pdf;131;D:\ai-brain-data\visual-lexicon\belarus-primary-20261009\books\ddf715adede67a61\pages\0131.jpg;6faa6035352fc36ad918cf79db4e20ae66ae19a93a88e7d1137931bc0e7d55ce;Ожидается;Просмотрена обзорно;Не завершена;Нет
ddf715adede67a61-p0132-PAGE_CONTEXT;matematika-muravjova-1kl-ch2-rus_2024.pdf;132;D:\ai-brain-data\visual-lexicon\belarus-primary-20261009\books\ddf715adede67a61\pages\0132.jpg;3ff50b8d1e5dd9a90e471c0c43ed9f6c89d81b1d7590d22beeddf02fae3a3487;Ожидается;Просмотрена обзорно;Не завершена;Нет
ddf715adede67a61-p0133-PAGE_CONTEXT;matematika-muravjova-1kl-ch2-rus_2024.pdf;133;D:\ai-brain-data\visual-lexicon\belarus-primary-20261009\books\ddf715adede67a61\pages\0133.jpg;0beb3de5ffc7a0f58282976e279fd475985f60a83989bcad032caf63631b88e9;Ожидается;Просмотрена обзорно;Не завершена;Нет
ddf715adede67a61-p0134-PAGE_CONTEXT;matematika-muravjova-1kl-ch2-rus_2024.pdf;134;D:\ai-brain-data\visual-lexicon\belarus-primary-20261009\books\ddf715adede67a61\pages\0134.jpg;96822f52d9dc8ed52e67d1ee230dae4558b29cf12a387f8cc61c88792e8fb32f;Ожидается;Просмотрена обзорно;Не завершена;Нет
ddf715adede67a61-p0135-PAGE_CONTEXT;matematika-muravjova-1kl-ch2-rus_2024.pdf;135;D:\ai-brain-data\visual-lexicon\belarus-primary-20261009\books\ddf715adede67a61\pages\0135.jpg;529294b83180a9122f1021fb7baf7e1a856a9adbe130da5dfe1113c21f7a3924;Ожидается;Просмотрена обзорно;Не завершена;Нет
ddf715adede67a61-p0136-PAGE_CONTEXT;matematika-muravjova-1kl-ch2-rus_2024.pdf;136;D:\ai-brain-data\visual-lexicon\belarus-primary-20261009\books\ddf715adede67a61\pages\0136.jpg;188866980644ba5b9dbe11b0446b9b4757293bdb0dfb41e7bad9228b65118869;Ожидается;Просмотрена обзорно;Не завершена;Нет
ddf715adede67a61-p0137-PAGE_CONTEXT;matematika-muravjova-1kl-ch2-rus_2024.pdf;137;D:\ai-brain-data\visual-lexicon\belarus-primary-20261009\books\ddf715adede67a61\pages\0137.jpg;40535db1ea43790bc316d7be0584b19a7d24cb5a116c55fd8398528231b0a53e;Ожидается;Просмотрена обзорно;Не завершена;Нет
ddf715adede67a61-p0138-PAGE_CONTEXT;matematika-muravjova-1kl-ch2-rus_2024.pdf;138;D:\ai-brain-data\visual-lexicon\belarus-primary-20261009\books\ddf715adede67a61\pages\0138.jpg;7a3e7e6a11a3ef3876c14ec7b7afc55ef6c8bab7e6293cb280567bb1c7050ae5;Ожидается;Просмотрена обзорно;Не завершена;Нет
ddf715adede67a61-p0139-PAGE_CONTEXT;matematika-muravjova-1kl-ch2-rus_2024.pdf;139;D:\ai-brain-data\visual-lexicon\belarus-primary-20261009\books\ddf715adede67a61\pages\0139.jpg;d72be59807e05e3be115fd7717e04963cc59efcfc14870937caba8c6a3654e9d;Ожидается;Просмотрена обзорно;Не завершена;Нет
ddf715adede67a61-p0140-PAGE_CONTEXT;matematika-muravjova-1kl-ch2-rus_2024.pdf;140;D:\ai-brain-data\visual-lexicon\belarus-primary-20261009\books\ddf715adede67a61\pages\0140.jpg;f4190ac942ea397d606c849867ba0e0f6c888d4b9bc1c696bdfed487f3530aa7;Ожидается;Просмотрена обзорно;Не завершена;Нет
ddf715adede67a61-p0141-PAGE_CONTEXT;matematika-muravjova-1kl-ch2-rus_2024.pdf;141;D:\ai-brain-data\visual-lexicon\belarus-primary-20261009\books\ddf715adede67a61\pages\0141.jpg;2dd603e63a17b65546f1f11da23c3569df9cc3378c2dfefab76663a8e641d886;Ожидается;Просмотрена обзорно;Не завершена;Нет
ddf715adede67a61-p0142-PAGE_CONTEXT;matematika-muravjova-1kl-ch2-rus_2024.pdf;142;D:\ai-brain-data\visual-lexicon\belarus-primary-20261009\books\ddf715adede67a61\pages\0142.jpg;61d4524c4566cf6399ab47a6d2a441c8404431750e8fccd18de59d3e31722043;Ожидается;Просмотрена обзорно;Не завершена;Нет
e85d040069a13e07-p0001-PAGE_CONTEXT;Chel_i_mir_1kl_Trafimova_rus_2023.pdf;1;D:\ai-brain-data\visual-lexicon\belarus-primary-20261009\books\e85d040069a13e07\pages\0001.jpg;9d5e4bb11ab1f6ce5694e84aaa1cd3cb12cf8289625dcf90e3361120586582e8;Ожидается;Просмотрена обзорно;Не завершена;Нет
e85d040069a13e07-p0002-PAGE_CONTEXT;Chel_i_mir_1kl_Trafimova_rus_2023.pdf;2;D:\ai-brain-data\visual-lexicon\belarus-primary-20261009\books\e85d040069a13e07\pages\0002.jpg;fad47312f73e3133931a2d09a53e240776df14bb6d8fee20f8fad5c8c41ea097;Ожидается;Просмотрена обзорно;Не завершена;Нет
e85d040069a13e07-p0003-PAGE_CONTEXT;Chel_i_mir_1kl_Trafimova_rus_2023.pdf;3;D:\ai-brain-data\visual-lexicon\belarus-primary-20261009\books\e85d040069a13e07\pages\0003.jpg;10186d89960fd87b5cc8a8532e0d080dbead7722666f3b4fcffe71c950287cf8;Ожидается;Просмотрена обзорно;Не завершена;Нет
e85d040069a13e07-p0004-PAGE_CONTEXT;Chel_i_mir_1kl_Trafimova_rus_2023.pdf;4;D:\ai-brain-data\visual-lexicon\belarus-primary-20261009\books\e85d040069a13e07\pages\0004.jpg;edbd1f0b120b76d1c3995f2884c06ca5d176ba4da05a546ad9cfc1ea0405bb08;Ожидается;Просмотрена обзорно;Не завершена;Нет
e85d040069a13e07-p0005-PAGE_CONTEXT;Chel_i_mir_1kl_Trafimova_rus_2023.pdf;5;D:\ai-brain-data\visual-lexicon\belarus-primary-20261009\books\e85d040069a13e07\pages\0005.jpg;b7c4bea13dd0f411e8d80919bc777f6539939c24439c85aeb54b4682a3e6be18;Ожидается;Просмотрена обзорно;Не завершена;Нет
e85d040069a13e07-p0006-PAGE_CONTEXT;Chel_i_mir_1kl_Trafimova_rus_2023.pdf;6;D:\ai-brain-data\visual-lexicon\belarus-primary-20261009\books\e85d040069a13e07\pages\0006.jpg;dcce9f512b584be502bebc695258d2352680315c711f39ee859852b2af216c98;Ожидается;Просмотрена обзорно;Не завершена;Нет
e85d040069a13e07-p0007-PAGE_CONTEXT;Chel_i_mir_1kl_Trafimova_rus_2023.pdf;7;D:\ai-brain-data\visual-lexicon\belarus-primary-20261009\books\e85d040069a13e07\pages\0007.jpg;6c242a5cf6592e8ca3ff48a824ba4e0b63f2e96c35b8f5ca38318321f6ebf387;Ожидается;Просмотрена обзорно;Не завершена;Нет
e85d040069a13e07-p0008-PAGE_CONTEXT;Chel_i_mir_1kl_Trafimova_rus_2023.pdf;8;D:\ai-brain-data\visual-lexicon\belarus-primary-20261009\books\e85d040069a13e07\pages\0008.jpg;c18069c46cf4b222c52d612297efe6a64dc6e8ea83ce47c0fdfa7aa5a2f03961;Ожидается;Просмотрена обзорно;Не завершена;Нет
e85d040069a13e07-p0009-PAGE_CONTEXT;Chel_i_mir_1kl_Trafimova_rus_2023.pdf;9;D:\ai-brain-data\visual-lexicon\belarus-primary-20261009\books\e85d040069a13e07\pages\0009.jpg;63bd9da6f07f7376d97d53ee749a26e1a72ac4b531f32325fb87bcb791297bcf;Ожидается;Просмотрена обзорно;Не завершена;Нет
e85d040069a13e07-p0010-PAGE_CONTEXT;Chel_i_mir_1kl_Trafimova_rus_2023.pdf;10;D:\ai-brain-data\visual-lexicon\belarus-primary-20261009\books\e85d040069a13e07\pages\0010.jpg;9740d6597a9b33c3382d373f2918323651e97ca28bf89c3a296b25c0887f0193;Просмотрено выборочно;Просмотрена обзорно;Не завершена;Нет
e85d040069a13e07-p0011-PAGE_CONTEXT;Chel_i_mir_1kl_Trafimova_rus_2023.pdf;11;D:\ai-brain-data\visual-lexicon\belarus-primary-20261009\books\e85d040069a13e07\pages\0011.jpg;f768028d9cbf3dcdad2c8a3662629660f87207bf17a42fcd99309671b5c1642f;Ожидается;Просмотрена обзорно;Не завершена;Нет
e85d040069a13e07-p0012-PAGE_CONTEXT;Chel_i_mir_1kl_Trafimova_rus_2023.pdf;12;D:\ai-brain-data\visual-lexicon\belarus-primary-20261009\books\e85d040069a13e07\pages\0012.jpg;d180073335c50b268829bc26f4f33fd0dc3ff4954676e9b3c133fd352f3398e2;Ожидается;Просмотрена обзорно;Не завершена;Нет
e85d040069a13e07-p0013-PAGE_CONTEXT;Chel_i_mir_1kl_Trafimova_rus_2023.pdf;13;D:\ai-brain-data\visual-lexicon\belarus-primary-20261009\books\e85d040069a13e07\pages\0013.jpg;0ffd0a2f2696dd00d2485cf99d292e24c5f6b0ed246630c4cbe1d711768244db;Ожидается;Просмотрена обзорно;Не завершена;Нет
e85d040069a13e07-p0014-PAGE_CONTEXT;Chel_i_mir_1kl_Trafimova_rus_2023.pdf;14;D:\ai-brain-data\visual-lexicon\belarus-primary-20261009\books\e85d040069a13e07\pages\0014.jpg;3dd84c91f1c62ea80cff6ce65a7b6fcd21bebcd07e06637db4a2fe8d14012955;Ожидается;Просмотрена обзорно;Не завершена;Нет
e85d040069a13e07-p0015-PAGE_CONTEXT;Chel_i_mir_1kl_Trafimova_rus_2023.pdf;15;D:\ai-brain-data\visual-lexicon\belarus-primary-20261009\books\e85d040069a13e07\pages\0015.jpg;5cb0de3aa5a7d937f024e27de9f76f02bc320d50768a620f5329594d0293fb9d;Ожидается;Просмотрена обзорно;Не завершена;Нет
e85d040069a13e07-p0016-PAGE_CONTEXT;Chel_i_mir_1kl_Trafimova_rus_2023.pdf;16;D:\ai-brain-data\visual-lexicon\belarus-primary-20261009\books\e85d040069a13e07\pages\0016.jpg;600d6b36407b11b6fcef5ff041bd9b1f4bd35d2e9fbc3313bf894d77214768aa;Ожидается;Просмотрена обзорно;Не завершена;Нет
e85d040069a13e07-p0017-PAGE_CONTEXT;Chel_i_mir_1kl_Trafimova_rus_2023.pdf;17;D:\ai-brain-data\visual-lexicon\belarus-primary-20261009\books\e85d040069a13e07\pages\0017.jpg;5bae5f56de47751c6ad82af60edfb2fbe0833843c75b9ee473595ba10758c215;Просмотрено выборочно;Просмотрена обзорно;Не завершена;Нет
e85d040069a13e07-p0018-PAGE_CONTEXT;Chel_i_mir_1kl_Trafimova_rus_2023.pdf;18;D:\ai-brain-data\visual-lexicon\belarus-primary-20261009\books\e85d040069a13e07\pages\0018.jpg;75e437d476bab45a2ae768c08e4caeac2919a73794893fac875c2046cce5eca7;Ожидается;Просмотрена обзорно;Не завершена;Нет
e85d040069a13e07-p0019-PAGE_CONTEXT;Chel_i_mir_1kl_Trafimova_rus_2023.pdf;19;D:\ai-brain-data\visual-lexicon\belarus-primary-20261009\books\e85d040069a13e07\pages\0019.jpg;79e79e72ad2f66b03380ae9b75be1c2c4a200af4def1fb6c83b7f5bca3a998c0;Ожидается;Просмотрена обзорно;Не завершена;Нет
e85d040069a13e07-p0020-PAGE_CONTEXT;Chel_i_mir_1kl_Trafimova_rus_2023.pdf;20;D:\ai-brain-data\visual-lexicon\belarus-primary-20261009\books\e85d040069a13e07\pages\0020.jpg;197c7145ec7729f11447aef7a0b01a97554bd6942700e35389d1640446a539a1;Ожидается;Просмотрена обзорно;Не завершена;Нет
e85d040069a13e07-p0021-PAGE_CONTEXT;Chel_i_mir_1kl_Trafimova_rus_2023.pdf;21;D:\ai-brain-data\visual-lexicon\belarus-primary-20261009\books\e85d040069a13e07\pages\0021.jpg;5cf5820cd0ed3634b96a8250b046da23d130061f25f73bcb441dbd26129304df;Просмотрено выборочно;Просмотрена обзорно;Не завершена;Нет
e85d040069a13e07-p0022-PAGE_CONTEXT;Chel_i_mir_1kl_Trafimova_rus_2023.pdf;22;D:\ai-brain-data\visual-lexicon\belarus-primary-20261009\books\e85d040069a13e07\pages\0022.jpg;a5f799625a93bd912573d87aebf19dcd2f63f87eb6d35294e6e7484f7d1b532b;Ожидается;Просмотрена обзорно;Не завершена;Нет
e85d040069a13e07-p0023-PAGE_CONTEXT;Chel_i_mir_1kl_Trafimova_rus_2023.pdf;23;D:\ai-brain-data\visual-lexicon\belarus-primary-20261009\books\e85d040069a13e07\pages\0023.jpg;beb3bd05d2576b1d7a7772e8b19f8caf244cd4ee59f48ec7a16839de8c177acf;Ожидается;Просмотрена обзорно;Не завершена;Нет
e85d040069a13e07-p0024-PAGE_CONTEXT;Chel_i_mir_1kl_Trafimova_rus_2023.pdf;24;D:\ai-brain-data\visual-lexicon\belarus-primary-20261009\books\e85d040069a13e07\pages\0024.jpg;52556809d7a3a41b986129234304acafe75486733cdb09c77a23ac58ff8eef30;Ожидается;Просмотрена обзорно;Не завершена;Нет
e85d040069a13e07-p0025-PAGE_CONTEXT;Chel_i_mir_1kl_Trafimova_rus_2023.pdf;25;D:\ai-brain-data\visual-lexicon\belarus-primary-20261009\books\e85d040069a13e07\pages\0025.jpg;8d4ee73d2b38a11bc9077459b1d1d5795cab2a6a5187b3d0cf5a443ae287d225;Ожидается;Просмотрена обзорно;Не завершена;Нет
e85d040069a13e07-p0026-PAGE_CONTEXT;Chel_i_mir_1kl_Trafimova_rus_2023.pdf;26;D:\ai-brain-data\visual-lexicon\belarus-primary-20261009\books\e85d040069a13e07\pages\0026.jpg;52267521987a33aac46361e117d0c0aa52d77169475bfcacb7fb5e311e240068;Ожидается;Просмотрена обзорно;Не завершена;Нет
e85d040069a13e07-p0027-PAGE_CONTEXT;Chel_i_mir_1kl_Trafimova_rus_2023.pdf;27;D:\ai-brain-data\visual-lexicon\belarus-primary-20261009\books\e85d040069a13e07\pages\0027.jpg;ad5f221d26e88b5ffae9a0a68d99827ad155793315a9d69546c0826f1f659641;Ожидается;Просмотрена обзорно;Не завершена;Нет
e85d040069a13e07-p0028-PAGE_CONTEXT;Chel_i_mir_1kl_Trafimova_rus_2023.pdf;28;D:\ai-brain-data\visual-lexicon\belarus-primary-20261009\books\e85d040069a13e07\pages\0028.jpg;daf24244bf10f2566dca365c84bf754bf13e38360a6ffb86310d832827d79af9;Ожидается;Просмотрена обзорно;Не завершена;Нет
e85d040069a13e07-p0029-PAGE_CONTEXT;Chel_i_mir_1kl_Trafimova_rus_2023.pdf;29;D:\ai-brain-data\visual-lexicon\belarus-primary-20261009\books\e85d040069a13e07\pages\0029.jpg;459db966cd7e197a9219a46ff7087a1655f1d9ed9b0f6ce5943a9fd836d38ba2;Ожидается;Просмотрена обзорно;Не завершена;Нет
e85d040069a13e07-p0030-PAGE_CONTEXT;Chel_i_mir_1kl_Trafimova_rus_2023.pdf;30;D:\ai-brain-data\visual-lexicon\belarus-primary-20261009\books\e85d040069a13e07\pages\0030.jpg;73be50f821ffb656b4aa5a212963a8fdd196d9b69b996fb682823fea09c880d6;Ожидается;Просмотрена обзорно;Не завершена;Нет
e85d040069a13e07-p0031-PAGE_CONTEXT;Chel_i_mir_1kl_Trafimova_rus_2023.pdf;31;D:\ai-brain-data\visual-lexicon\belarus-primary-20261009\books\e85d040069a13e07\pages\0031.jpg;5c9d40906a79a496546b1c01207f22fd2104124eb522f55815fded976d0cb464;Ожидается;Просмотрена обзорно;Не завершена;Нет
e85d040069a13e07-p0032-PAGE_CONTEXT;Chel_i_mir_1kl_Trafimova_rus_2023.pdf;32;D:\ai-brain-data\visual-lexicon\belarus-primary-20261009\books\e85d040069a13e07\pages\0032.jpg;c2d58dafcb2bf71726a83590927dceafa9dc8ba8cbf94c862f35ce387e9c9fbb;Ожидается;Просмотрена обзорно;Не завершена;Нет
e85d040069a13e07-p0033-PAGE_CONTEXT;Chel_i_mir_1kl_Trafimova_rus_2023.pdf;33;D:\ai-brain-data\visual-lexicon\belarus-primary-20261009\books\e85d040069a13e07\pages\0033.jpg;4b7a5419f5f1d74dad7f9f12f8981bf57ebf31ce2af3ba126df742ce2d3f341f;Ожидается;Просмотрена обзорно;Не завершена;Нет
e85d040069a13e07-p0034-PAGE_CONTEXT;Chel_i_mir_1kl_Trafimova_rus_2023.pdf;34;D:\ai-brain-data\visual-lexicon\belarus-primary-20261009\books\e85d040069a13e07\pages\0034.jpg;4fcbb1d7a39ab4586cf570c906bd77bed3977e7fc83b9470909ca29a16c415fe;Ожидается;Просмотрена обзорно;Не завершена;Нет
e85d040069a13e07-p0035-PAGE_CONTEXT;Chel_i_mir_1kl_Trafimova_rus_2023.pdf;35;D:\ai-brain-data\visual-lexicon\belarus-primary-20261009\books\e85d040069a13e07\pages\0035.jpg;947e996d8cd382185a06b5b9adfb95c6ed3f99648c9e9101d89329e002a5937a;Ожидается;Просмотрена обзорно;Не завершена;Нет
e85d040069a13e07-p0036-PAGE_CONTEXT;Chel_i_mir_1kl_Trafimova_rus_2023.pdf;36;D:\ai-brain-data\visual-lexicon\belarus-primary-20261009\books\e85d040069a13e07\pages\0036.jpg;cba7e3c5e31c6ac6c4b9773d3f1a9f6f4167639dcbae063bff319db3559a1c1e;Ожидается;Просмотрена обзорно;Не завершена;Нет
e85d040069a13e07-p0037-PAGE_CONTEXT;Chel_i_mir_1kl_Trafimova_rus_2023.pdf;37;D:\ai-brain-data\visual-lexicon\belarus-primary-20261009\books\e85d040069a13e07\pages\0037.jpg;a5160e06c3f77b17edd5ef4bc561588ba673a59eb21757adf1a711c23fa95f12;Ожидается;Просмотрена обзорно;Не завершена;Нет
e85d040069a13e07-p0038-PAGE_CONTEXT;Chel_i_mir_1kl_Trafimova_rus_2023.pdf;38;D:\ai-brain-data\visual-lexicon\belarus-primary-20261009\books\e85d040069a13e07\pages\0038.jpg;1d530b1cb2e00cba6a21e0474bd56aae2d545f44b8b26dd5fdb133c7ab919d2d;Ожидается;Просмотрена обзорно;Не завершена;Нет
e85d040069a13e07-p0039-PAGE_CONTEXT;Chel_i_mir_1kl_Trafimova_rus_2023.pdf;39;D:\ai-brain-data\visual-lexicon\belarus-primary-20261009\books\e85d040069a13e07\pages\0039.jpg;f31dfefe98503449f968841d82f84cf73d3b44c4543fc92ba7ba0921f96cfa1d;Ожидается;Просмотрена обзорно;Не завершена;Нет
e85d040069a13e07-p0040-PAGE_CONTEXT;Chel_i_mir_1kl_Trafimova_rus_2023.pdf;40;D:\ai-brain-data\visual-lexicon\belarus-primary-20261009\books\e85d040069a13e07\pages\0040.jpg;13530aa2e48f9faf9ace299c6eb36bbb02f7d4ade2484d718d2c36c8dbca0996;Ожидается;Просмотрена обзорно;Не завершена;Нет
e85d040069a13e07-p0041-PAGE_CONTEXT;Chel_i_mir_1kl_Trafimova_rus_2023.pdf;41;D:\ai-brain-data\visual-lexicon\belarus-primary-20261009\books\e85d040069a13e07\pages\0041.jpg;66ac4d1530f12d62a616f69621caabf9010295e80bd8e5c437721fe655b4c574;Ожидается;Просмотрена обзорно;Не завершена;Нет
e85d040069a13e07-p0042-PAGE_CONTEXT;Chel_i_mir_1kl_Trafimova_rus_2023.pdf;42;D:\ai-brain-data\visual-lexicon\belarus-primary-20261009\books\e85d040069a13e07\pages\0042.jpg;3ba12832577eb864ac842d749498865c24b439fcc051a17f60bef066ae3df829;Ожидается;Просмотрена обзорно;Не завершена;Нет
e85d040069a13e07-p0043-PAGE_CONTEXT;Chel_i_mir_1kl_Trafimova_rus_2023.pdf;43;D:\ai-brain-data\visual-lexicon\belarus-primary-20261009\books\e85d040069a13e07\pages\0043.jpg;e64182c46d24e2eddd384f0eb2bf0b71357a7fad6b4bfa355954d014bd701068;Просмотрено выборочно;Просмотрена обзорно;Не завершена;Нет
e85d040069a13e07-p0044-PAGE_CONTEXT;Chel_i_mir_1kl_Trafimova_rus_2023.pdf;44;D:\ai-brain-data\visual-lexicon\belarus-primary-20261009\books\e85d040069a13e07\pages\0044.jpg;9e691f958d4666ce4482806a282e3d5115e7b4b040c22c7385bd6c896ddb2621;Ожидается;Просмотрена обзорно;Не завершена;Нет
e85d040069a13e07-p0045-PAGE_CONTEXT;Chel_i_mir_1kl_Trafimova_rus_2023.pdf;45;D:\ai-brain-data\visual-lexicon\belarus-primary-20261009\books\e85d040069a13e07\pages\0045.jpg;86131ae93f4c1d8a5c57578494cadaad7559dbe8ba61dbf9162a827998433e5e;Ожидается;Просмотрена обзорно;Не завершена;Нет
e85d040069a13e07-p0046-PAGE_CONTEXT;Chel_i_mir_1kl_Trafimova_rus_2023.pdf;46;D:\ai-brain-data\visual-lexicon\belarus-primary-20261009\books\e85d040069a13e07\pages\0046.jpg;3d0df4112103b17d775f18452724e7b21929c661148c1e6a817e95752bc01a3f;Ожидается;Просмотрена обзорно;Не завершена;Нет
e85d040069a13e07-p0047-PAGE_CONTEXT;Chel_i_mir_1kl_Trafimova_rus_2023.pdf;47;D:\ai-brain-data\visual-lexicon\belarus-primary-20261009\books\e85d040069a13e07\pages\0047.jpg;c04e26b47dc7f5e7b8c5c56c4983912e10d8227204fa2296fb28e6260af421cc;Ожидается;Просмотрена обзорно;Не завершена;Нет
e85d040069a13e07-p0048-PAGE_CONTEXT;Chel_i_mir_1kl_Trafimova_rus_2023.pdf;48;D:\ai-brain-data\visual-lexicon\belarus-primary-20261009\books\e85d040069a13e07\pages\0048.jpg;6b04f70f54fa98442b821aa73ae13333de6586ef9837766fdbe5326f8aee25bd;Ожидается;Просмотрена обзорно;Не завершена;Нет
e85d040069a13e07-p0049-PAGE_CONTEXT;Chel_i_mir_1kl_Trafimova_rus_2023.pdf;49;D:\ai-brain-data\visual-lexicon\belarus-primary-20261009\books\e85d040069a13e07\pages\0049.jpg;660eb2a299f9c3c11771001d94bb88370c8f5f4f55b131fd84140787328d1540;Ожидается;Просмотрена обзорно;Не завершена;Нет
e85d040069a13e07-p0050-PAGE_CONTEXT;Chel_i_mir_1kl_Trafimova_rus_2023.pdf;50;D:\ai-brain-data\visual-lexicon\belarus-primary-20261009\books\e85d040069a13e07\pages\0050.jpg;a1dc848ab122cd9512aa1fd3dc0c7bd184f765885107be9da181b4ea47161789;Ожидается;Просмотрена обзорно;Не завершена;Нет
e85d040069a13e07-p0051-PAGE_CONTEXT;Chel_i_mir_1kl_Trafimova_rus_2023.pdf;51;D:\ai-brain-data\visual-lexicon\belarus-primary-20261009\books\e85d040069a13e07\pages\0051.jpg;6bb015030f767242feaa21d4561f14272ed9e8d0adf9f32c4e9dfe45f6f50b43;Ожидается;Просмотрена обзорно;Не завершена;Нет
e85d040069a13e07-p0052-PAGE_CONTEXT;Chel_i_mir_1kl_Trafimova_rus_2023.pdf;52;D:\ai-brain-data\visual-lexicon\belarus-primary-20261009\books\e85d040069a13e07\pages\0052.jpg;a93e4e61cd0e11635cf8b5f0e3f6d901ee5104262ffb28431a08e2dccac48413;Ожидается;Просмотрена обзорно;Не завершена;Нет
e85d040069a13e07-p0053-PAGE_CONTEXT;Chel_i_mir_1kl_Trafimova_rus_2023.pdf;53;D:\ai-brain-data\visual-lexicon\belarus-primary-20261009\books\e85d040069a13e07\pages\0053.jpg;8873a0a2ba4856db25ad52584b9b216d85148bf68e5d32dc21b1b3430141e91e;Ожидается;Просмотрена обзорно;Не завершена;Нет
e85d040069a13e07-p0054-PAGE_CONTEXT;Chel_i_mir_1kl_Trafimova_rus_2023.pdf;54;D:\ai-brain-data\visual-lexicon\belarus-primary-20261009\books\e85d040069a13e07\pages\0054.jpg;7d56a39c78a8a5adae87b4d890d6e69fea071453341f8009a3ba1041ead95e10;Ожидается;Просмотрена обзорно;Не завершена;Нет
e85d040069a13e07-p0055-PAGE_CONTEXT;Chel_i_mir_1kl_Trafimova_rus_2023.pdf;55;D:\ai-brain-data\visual-lexicon\belarus-primary-20261009\books\e85d040069a13e07\pages\0055.jpg;23362a3768eb6fcef09d80f01dba779aaef9234360100b42dbf389bbcf254205;Ожидается;Просмотрена обзорно;Не завершена;Нет
e85d040069a13e07-p0056-PAGE_CONTEXT;Chel_i_mir_1kl_Trafimova_rus_2023.pdf;56;D:\ai-brain-data\visual-lexicon\belarus-primary-20261009\books\e85d040069a13e07\pages\0056.jpg;a22febe9547f9552a6ea84e1f4994f0f52fa84131db04533f510e8ad9150417d;Ожидается;Просмотрена обзорно;Не завершена;Нет
e85d040069a13e07-p0057-PAGE_CONTEXT;Chel_i_mir_1kl_Trafimova_rus_2023.pdf;57;D:\ai-brain-data\visual-lexicon\belarus-primary-20261009\books\e85d040069a13e07\pages\0057.jpg;2e66dea0e3766df96a136d542484f31c48d3ca72d4cada0267a227637b9b4a8b;Ожидается;Просмотрена обзорно;Не завершена;Нет
e85d040069a13e07-p0058-PAGE_CONTEXT;Chel_i_mir_1kl_Trafimova_rus_2023.pdf;58;D:\ai-brain-data\visual-lexicon\belarus-primary-20261009\books\e85d040069a13e07\pages\0058.jpg;dd1de19b5c61a128bb40d248d42b17bb5419f3803ca032fe2abe2669f6eda3aa;Ожидается;Просмотрена обзорно;Не завершена;Нет
e85d040069a13e07-p0059-PAGE_CONTEXT;Chel_i_mir_1kl_Trafimova_rus_2023.pdf;59;D:\ai-brain-data\visual-lexicon\belarus-primary-20261009\books\e85d040069a13e07\pages\0059.jpg;eb3c6d4b26efbfd11c1cd258aff550014d93acb4eefe8c061971573e55f77684;Ожидается;Просмотрена обзорно;Не завершена;Нет
e85d040069a13e07-p0060-PAGE_CONTEXT;Chel_i_mir_1kl_Trafimova_rus_2023.pdf;60;D:\ai-brain-data\visual-lexicon\belarus-primary-20261009\books\e85d040069a13e07\pages\0060.jpg;a58a18d6ae33872367499230995d7510ff4f653fe89cff9d1015dd1e94318056;Ожидается;Просмотрена обзорно;Не завершена;Нет
e85d040069a13e07-p0061-PAGE_CONTEXT;Chel_i_mir_1kl_Trafimova_rus_2023.pdf;61;D:\ai-brain-data\visual-lexicon\belarus-primary-20261009\books\e85d040069a13e07\pages\0061.jpg;8d56ef44eb0f04ebe9376b62732fb2af0d0fc7517bc0e8e99e5d1a833e407b93;Ожидается;Просмотрена обзорно;Не завершена;Нет
e85d040069a13e07-p0062-PAGE_CONTEXT;Chel_i_mir_1kl_Trafimova_rus_2023.pdf;62;D:\ai-brain-data\visual-lexicon\belarus-primary-20261009\books\e85d040069a13e07\pages\0062.jpg;efad0177c3f2c7448c7eb7474a7104a62f80dc57d82d5d9b73add8772e3d4b01;Ожидается;Просмотрена обзорно;Не завершена;Нет
e85d040069a13e07-p0063-PAGE_CONTEXT;Chel_i_mir_1kl_Trafimova_rus_2023.pdf;63;D:\ai-brain-data\visual-lexicon\belarus-primary-20261009\books\e85d040069a13e07\pages\0063.jpg;ce4b3394b6dffecebbc631bcacfe0dc3356e6a9ab8928e107769f488e40b2f47;Ожидается;Просмотрена обзорно;Не завершена;Нет
e85d040069a13e07-p0064-PAGE_CONTEXT;Chel_i_mir_1kl_Trafimova_rus_2023.pdf;64;D:\ai-brain-data\visual-lexicon\belarus-primary-20261009\books\e85d040069a13e07\pages\0064.jpg;9253bdd7e936078b321222b63a266af7b170299b1fecb77545ec4d069faf2233;Ожидается;Просмотрена обзорно;Не завершена;Нет
e85d040069a13e07-p0065-PAGE_CONTEXT;Chel_i_mir_1kl_Trafimova_rus_2023.pdf;65;D:\ai-brain-data\visual-lexicon\belarus-primary-20261009\books\e85d040069a13e07\pages\0065.jpg;aca472a3ec3ec5eea29adf25431a647de3e75b98194e945e3527186a409cbd52;Просмотрено выборочно;Просмотрена обзорно;Не завершена;Нет
e85d040069a13e07-p0066-PAGE_CONTEXT;Chel_i_mir_1kl_Trafimova_rus_2023.pdf;66;D:\ai-brain-data\visual-lexicon\belarus-primary-20261009\books\e85d040069a13e07\pages\0066.jpg;66d8503274f5e8a13ea8d3b1c2adedf44779d153190d5f9e7ade65b8bc83994c;Ожидается;Просмотрена обзорно;Не завершена;Нет
e85d040069a13e07-p0067-PAGE_CONTEXT;Chel_i_mir_1kl_Trafimova_rus_2023.pdf;67;D:\ai-brain-data\visual-lexicon\belarus-primary-20261009\books\e85d040069a13e07\pages\0067.jpg;84d2e2911356767ff3fd5ae7ba6c0f4d020f31a0a038b7a675cb0eb8a2a25dac;Ожидается;Просмотрена обзорно;Не завершена;Нет
e85d040069a13e07-p0068-PAGE_CONTEXT;Chel_i_mir_1kl_Trafimova_rus_2023.pdf;68;D:\ai-brain-data\visual-lexicon\belarus-primary-20261009\books\e85d040069a13e07\pages\0068.jpg;a38e1764a16172a96a676813ccc7e43ab7edb1feb7f070c26bc3a018aa7fed34;Ожидается;Просмотрена обзорно;Не завершена;Нет
e85d040069a13e07-p0069-PAGE_CONTEXT;Chel_i_mir_1kl_Trafimova_rus_2023.pdf;69;D:\ai-brain-data\visual-lexicon\belarus-primary-20261009\books\e85d040069a13e07\pages\0069.jpg;a426eafec1d16f2da443cd761e9cb2d05f8c7486da2e8fb367bff9368b8e8c9d;Ожидается;Просмотрена обзорно;Не завершена;Нет
e85d040069a13e07-p0070-PAGE_CONTEXT;Chel_i_mir_1kl_Trafimova_rus_2023.pdf;70;D:\ai-brain-data\visual-lexicon\belarus-primary-20261009\books\e85d040069a13e07\pages\0070.jpg;4e87b94f03296c2012e044f881feb3e70fe2a3e449d5ffe314ed375d847112c3;Ожидается;Просмотрена обзорно;Не завершена;Нет
e85d040069a13e07-p0071-PAGE_CONTEXT;Chel_i_mir_1kl_Trafimova_rus_2023.pdf;71;D:\ai-brain-data\visual-lexicon\belarus-primary-20261009\books\e85d040069a13e07\pages\0071.jpg;93a2d3d03e984c008930d5770021708de97562474f506f8b618524639ba1c547;Ожидается;Просмотрена обзорно;Не завершена;Нет
e85d040069a13e07-p0072-PAGE_CONTEXT;Chel_i_mir_1kl_Trafimova_rus_2023.pdf;72;D:\ai-brain-data\visual-lexicon\belarus-primary-20261009\books\e85d040069a13e07\pages\0072.jpg;0d8f3125df2c7b3426661c32088b966164947ff2344aa678607db8cf7d3d9590;Ожидается;Просмотрена обзорно;Не завершена;Нет
e85d040069a13e07-p0073-PAGE_CONTEXT;Chel_i_mir_1kl_Trafimova_rus_2023.pdf;73;D:\ai-brain-data\visual-lexicon\belarus-primary-20261009\books\e85d040069a13e07\pages\0073.jpg;673a0f99c5d114f951f15b7d054d9a4b66263d728239b78c544da44b38344ab3;Ожидается;Просмотрена обзорно;Не завершена;Нет
e85d040069a13e07-p0074-PAGE_CONTEXT;Chel_i_mir_1kl_Trafimova_rus_2023.pdf;74;D:\ai-brain-data\visual-lexicon\belarus-primary-20261009\books\e85d040069a13e07\pages\0074.jpg;c3ace4cfc77a491b9bd3a6c415078ce6e3244199c866a16920dd15a92e829f5e;Ожидается;Просмотрена обзорно;Не завершена;Нет
e85d040069a13e07-p0075-PAGE_CONTEXT;Chel_i_mir_1kl_Trafimova_rus_2023.pdf;75;D:\ai-brain-data\visual-lexicon\belarus-primary-20261009\books\e85d040069a13e07\pages\0075.jpg;7381a64d348a1a52ed0978b99abe47914f9a4a973af1b5e1e564c98f6add58cc;Ожидается;Просмотрена обзорно;Не завершена;Нет
e85d040069a13e07-p0076-PAGE_CONTEXT;Chel_i_mir_1kl_Trafimova_rus_2023.pdf;76;D:\ai-brain-data\visual-lexicon\belarus-primary-20261009\books\e85d040069a13e07\pages\0076.jpg;6d21dc4b141c5a9f97d155d3bd79372ba726f9847b114ae77be88d5a75ef448a;Ожидается;Просмотрена обзорно;Не завершена;Нет
e85d040069a13e07-p0077-PAGE_CONTEXT;Chel_i_mir_1kl_Trafimova_rus_2023.pdf;77;D:\ai-brain-data\visual-lexicon\belarus-primary-20261009\books\e85d040069a13e07\pages\0077.jpg;b1a64ecd1e9b66d6545e82ca41430fa3cd3667112466a07797ace541154173a7;Ожидается;Просмотрена обзорно;Не завершена;Нет
e85d040069a13e07-p0078-PAGE_CONTEXT;Chel_i_mir_1kl_Trafimova_rus_2023.pdf;78;D:\ai-brain-data\visual-lexicon\belarus-primary-20261009\books\e85d040069a13e07\pages\0078.jpg;ed2daf931b855eeddf6295d4227ee8a0d66a07733720a944f607ba2105352fa3;Ожидается;Просмотрена обзорно;Не завершена;Нет
e85d040069a13e07-p0079-PAGE_CONTEXT;Chel_i_mir_1kl_Trafimova_rus_2023.pdf;79;D:\ai-brain-data\visual-lexicon\belarus-primary-20261009\books\e85d040069a13e07\pages\0079.jpg;7490e5676b4cab4e5546786a1fbfde6fbec19f447df08887e04f81db9f8027cd;Ожидается;Просмотрена обзорно;Не завершена;Нет
e85d040069a13e07-p0080-PAGE_CONTEXT;Chel_i_mir_1kl_Trafimova_rus_2023.pdf;80;D:\ai-brain-data\visual-lexicon\belarus-primary-20261009\books\e85d040069a13e07\pages\0080.jpg;273cd2bf2c577ef29e8e5462ea1e2856eba47dca9cdf7633d20caa014cc890dd;Просмотрено выборочно;Просмотрена обзорно;Не завершена;Нет
e85d040069a13e07-p0081-PAGE_CONTEXT;Chel_i_mir_1kl_Trafimova_rus_2023.pdf;81;D:\ai-brain-data\visual-lexicon\belarus-primary-20261009\books\e85d040069a13e07\pages\0081.jpg;8feae00f4e543729925cc4c80b519411ae335b14a769351de38cc84b1ed2d94f;Ожидается;Просмотрена обзорно;Не завершена;Нет
e85d040069a13e07-p0082-PAGE_CONTEXT;Chel_i_mir_1kl_Trafimova_rus_2023.pdf;82;D:\ai-brain-data\visual-lexicon\belarus-primary-20261009\books\e85d040069a13e07\pages\0082.jpg;f00b5d0b2c13da8833ff55d69f3102ef7431956582103119a4d11904f471bbb1;Ожидается;Просмотрена обзорно;Не завершена;Нет
e85d040069a13e07-p0083-PAGE_CONTEXT;Chel_i_mir_1kl_Trafimova_rus_2023.pdf;83;D:\ai-brain-data\visual-lexicon\belarus-primary-20261009\books\e85d040069a13e07\pages\0083.jpg;3827d654cbf59e4f51a33a18ebed4d6dd96e81ea5cfe54df7245d55e8533e4c6;Ожидается;Просмотрена обзорно;Не завершена;Нет
e85d040069a13e07-p0084-PAGE_CONTEXT;Chel_i_mir_1kl_Trafimova_rus_2023.pdf;84;D:\ai-brain-data\visual-lexicon\belarus-primary-20261009\books\e85d040069a13e07\pages\0084.jpg;e03dd859487c68aece9e07e8deee44de9e4d20edb36a42af6fedae39e71e9518;Ожидается;Просмотрена обзорно;Не завершена;Нет
e85d040069a13e07-p0085-PAGE_CONTEXT;Chel_i_mir_1kl_Trafimova_rus_2023.pdf;85;D:\ai-brain-data\visual-lexicon\belarus-primary-20261009\books\e85d040069a13e07\pages\0085.jpg;1d219a22a5273cfcce62ecbb22a7e5b4138da9221d9a89a36003f3cc05bb3962;Ожидается;Просмотрена обзорно;Не завершена;Нет
e85d040069a13e07-p0086-PAGE_CONTEXT;Chel_i_mir_1kl_Trafimova_rus_2023.pdf;86;D:\ai-brain-data\visual-lexicon\belarus-primary-20261009\books\e85d040069a13e07\pages\0086.jpg;e5c786d020703a7e0526f266af7b67bb08e79505b33928467c5e100db1a7e745;Ожидается;Просмотрена обзорно;Не завершена;Нет
e85d040069a13e07-p0087-PAGE_CONTEXT;Chel_i_mir_1kl_Trafimova_rus_2023.pdf;87;D:\ai-brain-data\visual-lexicon\belarus-primary-20261009\books\e85d040069a13e07\pages\0087.jpg;5e8306904552612a4f19a243cad5c6e2e2348db8f3d83a62245aa30a8f7f81c8;Ожидается;Просмотрена обзорно;Не завершена;Нет
ee85174895ea1e21-p0001-PAGE_CONTEXT;Rus_yaz_2kl_ch1_Guleckaya_rus_2022.pdf;1;D:\ai-brain-data\visual-lexicon\belarus-primary-20261009\books\ee85174895ea1e21\pages\0001.jpg;664290015a9d17f35e31e2e5cac2f5c31238e7c54e3621911213395c3646234e;Ожидается;Просмотрена обзорно;Не завершена;Нет
ee85174895ea1e21-p0002-PAGE_CONTEXT;Rus_yaz_2kl_ch1_Guleckaya_rus_2022.pdf;2;D:\ai-brain-data\visual-lexicon\belarus-primary-20261009\books\ee85174895ea1e21\pages\0002.jpg;50b80010f7ae34f844cbd7173492ff7db320062ecaff8ee9c2698e519724720f;Ожидается;Просмотрена обзорно;Не завершена;Нет
ee85174895ea1e21-p0003-PAGE_CONTEXT;Rus_yaz_2kl_ch1_Guleckaya_rus_2022.pdf;3;D:\ai-brain-data\visual-lexicon\belarus-primary-20261009\books\ee85174895ea1e21\pages\0003.jpg;5675af397fdb936e0b3eae17067fe2d584dc67ff337778cb8cdc30c23c5003e3;Ожидается;Просмотрена обзорно;Не завершена;Нет
ee85174895ea1e21-p0004-PAGE_CONTEXT;Rus_yaz_2kl_ch1_Guleckaya_rus_2022.pdf;4;D:\ai-brain-data\visual-lexicon\belarus-primary-20261009\books\ee85174895ea1e21\pages\0004.jpg;746a8ea5f3ee82c88eb32bedbda0f674b9868529663c7a06594f746a15cc1434;Ожидается;Просмотрена обзорно;Не завершена;Нет
ee85174895ea1e21-p0005-PAGE_CONTEXT;Rus_yaz_2kl_ch1_Guleckaya_rus_2022.pdf;5;D:\ai-brain-data\visual-lexicon\belarus-primary-20261009\books\ee85174895ea1e21\pages\0005.jpg;8abd24a023c363b7944a0852e0049c0a7ff61dbeb87fdd6f38ed183f0c07ca57;Ожидается;Просмотрена обзорно;Не завершена;Нет
ee85174895ea1e21-p0006-PAGE_CONTEXT;Rus_yaz_2kl_ch1_Guleckaya_rus_2022.pdf;6;D:\ai-brain-data\visual-lexicon\belarus-primary-20261009\books\ee85174895ea1e21\pages\0006.jpg;6358f5b590ae27794baa65a566940d87bc9ffd7f8e625e68c5c416ba60a1f04f;Ожидается;Просмотрена обзорно;Не завершена;Нет
ee85174895ea1e21-p0007-PAGE_CONTEXT;Rus_yaz_2kl_ch1_Guleckaya_rus_2022.pdf;7;D:\ai-brain-data\visual-lexicon\belarus-primary-20261009\books\ee85174895ea1e21\pages\0007.jpg;ab5b4c30ef20b573a0f9641cd82bd5e0b1f54976793987a402650b1c264d2873;Ожидается;Просмотрена обзорно;Не завершена;Нет
ee85174895ea1e21-p0008-PAGE_CONTEXT;Rus_yaz_2kl_ch1_Guleckaya_rus_2022.pdf;8;D:\ai-brain-data\visual-lexicon\belarus-primary-20261009\books\ee85174895ea1e21\pages\0008.jpg;ab8d7c4ef8634651f606ee6ea693eac37bbab0e63da2c3c248369b3a27501703;Ожидается;Просмотрена обзорно;Не завершена;Нет
ee85174895ea1e21-p0009-PAGE_CONTEXT;Rus_yaz_2kl_ch1_Guleckaya_rus_2022.pdf;9;D:\ai-brain-data\visual-lexicon\belarus-primary-20261009\books\ee85174895ea1e21\pages\0009.jpg;ce40e74961b07b4aeac2bb70295bb2747e4e02a1968db70880f380e062d9b7fa;Ожидается;Просмотрена обзорно;Не завершена;Нет
ee85174895ea1e21-p0010-PAGE_CONTEXT;Rus_yaz_2kl_ch1_Guleckaya_rus_2022.pdf;10;D:\ai-brain-data\visual-lexicon\belarus-primary-20261009\books\ee85174895ea1e21\pages\0010.jpg;688c12c4e688619dba7d4beff4561296fcd999c668506a9ce4671f675bebbd0e;Просмотрено выборочно;Просмотрена обзорно;Не завершена;Нет
ee85174895ea1e21-p0011-PAGE_CONTEXT;Rus_yaz_2kl_ch1_Guleckaya_rus_2022.pdf;11;D:\ai-brain-data\visual-lexicon\belarus-primary-20261009\books\ee85174895ea1e21\pages\0011.jpg;bee5b11e8792686edf006edeb27e68e0eaf66426ec9d6a0b830fbd887a92d8ae;Ожидается;Просмотрена обзорно;Не завершена;Нет
ee85174895ea1e21-p0012-PAGE_CONTEXT;Rus_yaz_2kl_ch1_Guleckaya_rus_2022.pdf;12;D:\ai-brain-data\visual-lexicon\belarus-primary-20261009\books\ee85174895ea1e21\pages\0012.jpg;ec9537d15dc5e4c4fa70821cdbc67a6e86c693ca073ab00c87260f78f9241375;Ожидается;Просмотрена обзорно;Не завершена;Нет
ee85174895ea1e21-p0013-PAGE_CONTEXT;Rus_yaz_2kl_ch1_Guleckaya_rus_2022.pdf;13;D:\ai-brain-data\visual-lexicon\belarus-primary-20261009\books\ee85174895ea1e21\pages\0013.jpg;095cbbb43ae89dccac52b58e703a43469e091ff60c04a890d0975be7dffb184e;Ожидается;Просмотрена обзорно;Не завершена;Нет
ee85174895ea1e21-p0014-PAGE_CONTEXT;Rus_yaz_2kl_ch1_Guleckaya_rus_2022.pdf;14;D:\ai-brain-data\visual-lexicon\belarus-primary-20261009\books\ee85174895ea1e21\pages\0014.jpg;d182e55923d309d2b4dc78473df18fddf0f9b67132d0b165485239a932ce1c7a;Ожидается;Просмотрена обзорно;Не завершена;Нет
ee85174895ea1e21-p0015-PAGE_CONTEXT;Rus_yaz_2kl_ch1_Guleckaya_rus_2022.pdf;15;D:\ai-brain-data\visual-lexicon\belarus-primary-20261009\books\ee85174895ea1e21\pages\0015.jpg;9a463887781caab62482af6669e258b63cd68e30af00b9ea01d342416d6023b2;Ожидается;Просмотрена обзорно;Не завершена;Нет
ee85174895ea1e21-p0016-PAGE_CONTEXT;Rus_yaz_2kl_ch1_Guleckaya_rus_2022.pdf;16;D:\ai-brain-data\visual-lexicon\belarus-primary-20261009\books\ee85174895ea1e21\pages\0016.jpg;641467aa01fe4f62345420ee99294cb96ff201a1f649f04a1769400a6d3295aa;Ожидается;Просмотрена обзорно;Не завершена;Нет
ee85174895ea1e21-p0017-PAGE_CONTEXT;Rus_yaz_2kl_ch1_Guleckaya_rus_2022.pdf;17;D:\ai-brain-data\visual-lexicon\belarus-primary-20261009\books\ee85174895ea1e21\pages\0017.jpg;371271f8d4b6b6042a7ba59c37f68ab7952fe7b2b67455391da928e987995163;Ожидается;Просмотрена обзорно;Не завершена;Нет
ee85174895ea1e21-p0018-PAGE_CONTEXT;Rus_yaz_2kl_ch1_Guleckaya_rus_2022.pdf;18;D:\ai-brain-data\visual-lexicon\belarus-primary-20261009\books\ee85174895ea1e21\pages\0018.jpg;13e8221652c8782c77443aab8ceef376d13f288d8f6bc2c900b6c91f1104718d;Ожидается;Просмотрена обзорно;Не завершена;Нет
ee85174895ea1e21-p0019-PAGE_CONTEXT;Rus_yaz_2kl_ch1_Guleckaya_rus_2022.pdf;19;D:\ai-brain-data\visual-lexicon\belarus-primary-20261009\books\ee85174895ea1e21\pages\0019.jpg;fed36bede7c441e7b90f57cfd0da9933148c3088f995f2d9139b7e8c27991d94;Ожидается;Просмотрена обзорно;Не завершена;Нет
ee85174895ea1e21-p0020-PAGE_CONTEXT;Rus_yaz_2kl_ch1_Guleckaya_rus_2022.pdf;20;D:\ai-brain-data\visual-lexicon\belarus-primary-20261009\books\ee85174895ea1e21\pages\0020.jpg;643ff543d8dc6d7761d4732f48a229e331509b0a57bc8d663b3b03701194ea0f;Ожидается;Просмотрена обзорно;Не завершена;Нет
ee85174895ea1e21-p0021-PAGE_CONTEXT;Rus_yaz_2kl_ch1_Guleckaya_rus_2022.pdf;21;D:\ai-brain-data\visual-lexicon\belarus-primary-20261009\books\ee85174895ea1e21\pages\0021.jpg;c7c8ad320497fb89da5c054277b08af1a9c5b778afb5059554285baf19b756b6;Ожидается;Просмотрена обзорно;Не завершена;Нет
ee85174895ea1e21-p0022-PAGE_CONTEXT;Rus_yaz_2kl_ch1_Guleckaya_rus_2022.pdf;22;D:\ai-brain-data\visual-lexicon\belarus-primary-20261009\books\ee85174895ea1e21\pages\0022.jpg;3b10da109817a280433d02d2659ee71ef58fde9816188ff8323274b1c9ed7718;Ожидается;Просмотрена обзорно;Не завершена;Нет
ee85174895ea1e21-p0023-PAGE_CONTEXT;Rus_yaz_2kl_ch1_Guleckaya_rus_2022.pdf;23;D:\ai-brain-data\visual-lexicon\belarus-primary-20261009\books\ee85174895ea1e21\pages\0023.jpg;de9c367e279172d0eafea8bd205f2d479de12d9ab915b76674ca01db08f395b9;Ожидается;Просмотрена обзорно;Не завершена;Нет
ee85174895ea1e21-p0024-PAGE_CONTEXT;Rus_yaz_2kl_ch1_Guleckaya_rus_2022.pdf;24;D:\ai-brain-data\visual-lexicon\belarus-primary-20261009\books\ee85174895ea1e21\pages\0024.jpg;8b8841d2dc7cb0c6bd3c587a8a670c504f092f3bce271e3871c23cbb2d9b28cf;Ожидается;Просмотрена обзорно;Не завершена;Нет
ee85174895ea1e21-p0025-PAGE_CONTEXT;Rus_yaz_2kl_ch1_Guleckaya_rus_2022.pdf;25;D:\ai-brain-data\visual-lexicon\belarus-primary-20261009\books\ee85174895ea1e21\pages\0025.jpg;0146069a01f15bb87dc28ff1d11296f87e16779b871b8e1f2756ef1c2459d5fd;Ожидается;Просмотрена обзорно;Не завершена;Нет
ee85174895ea1e21-p0026-PAGE_CONTEXT;Rus_yaz_2kl_ch1_Guleckaya_rus_2022.pdf;26;D:\ai-brain-data\visual-lexicon\belarus-primary-20261009\books\ee85174895ea1e21\pages\0026.jpg;d683b0821242ed30f5746e2e9d1cb31bb36884fb93c616acdb660c33b762a037;Ожидается;Просмотрена обзорно;Не завершена;Нет
ee85174895ea1e21-p0027-PAGE_CONTEXT;Rus_yaz_2kl_ch1_Guleckaya_rus_2022.pdf;27;D:\ai-brain-data\visual-lexicon\belarus-primary-20261009\books\ee85174895ea1e21\pages\0027.jpg;a4a4e92c6686531b85c87f12b39567778e3289b1e40afda30d109c253a6ccc48;Ожидается;Просмотрена обзорно;Не завершена;Нет
ee85174895ea1e21-p0028-PAGE_CONTEXT;Rus_yaz_2kl_ch1_Guleckaya_rus_2022.pdf;28;D:\ai-brain-data\visual-lexicon\belarus-primary-20261009\books\ee85174895ea1e21\pages\0028.jpg;a2f4744a3626381e89efc1fdb0325c837592aff591da21c976c074b79b4ffe20;Ожидается;Просмотрена обзорно;Не завершена;Нет
ee85174895ea1e21-p0029-PAGE_CONTEXT;Rus_yaz_2kl_ch1_Guleckaya_rus_2022.pdf;29;D:\ai-brain-data\visual-lexicon\belarus-primary-20261009\books\ee85174895ea1e21\pages\0029.jpg;fa75325578ce6e53d6ab4e759c3c989a5c80cfcd9fd0e774a3d8b881a1924dd7;Ожидается;Просмотрена обзорно;Не завершена;Нет
ee85174895ea1e21-p0030-PAGE_CONTEXT;Rus_yaz_2kl_ch1_Guleckaya_rus_2022.pdf;30;D:\ai-brain-data\visual-lexicon\belarus-primary-20261009\books\ee85174895ea1e21\pages\0030.jpg;3af8fabfc4609cbad9b138461d6e81fe9424d2612afa0b704737afacbb2e96e1;Ожидается;Просмотрена обзорно;Не завершена;Нет
ee85174895ea1e21-p0031-PAGE_CONTEXT;Rus_yaz_2kl_ch1_Guleckaya_rus_2022.pdf;31;D:\ai-brain-data\visual-lexicon\belarus-primary-20261009\books\ee85174895ea1e21\pages\0031.jpg;655d2264a700100940832cd1acf00f0a8d2ee928b1c5a5a39e4553b2fd978fd6;Ожидается;Просмотрена обзорно;Не завершена;Нет
ee85174895ea1e21-p0032-PAGE_CONTEXT;Rus_yaz_2kl_ch1_Guleckaya_rus_2022.pdf;32;D:\ai-brain-data\visual-lexicon\belarus-primary-20261009\books\ee85174895ea1e21\pages\0032.jpg;a47b94670660d5f63f70585865131b8b718f4148e0832bbf7f5614f39ce42b4a;Ожидается;Просмотрена обзорно;Не завершена;Нет
ee85174895ea1e21-p0033-PAGE_CONTEXT;Rus_yaz_2kl_ch1_Guleckaya_rus_2022.pdf;33;D:\ai-brain-data\visual-lexicon\belarus-primary-20261009\books\ee85174895ea1e21\pages\0033.jpg;20219deb07460f0cb8fa5a5f3b7a4980b906b3c9a4b80c47d4d3c604b62c7391;Ожидается;Просмотрена обзорно;Не завершена;Нет
ee85174895ea1e21-p0034-PAGE_CONTEXT;Rus_yaz_2kl_ch1_Guleckaya_rus_2022.pdf;34;D:\ai-brain-data\visual-lexicon\belarus-primary-20261009\books\ee85174895ea1e21\pages\0034.jpg;e9b660b1cb61d85a6dbfc8ac3f188e039aa3a2e1620bb45cf4118764229e58b7;Ожидается;Просмотрена обзорно;Не завершена;Нет
ee85174895ea1e21-p0035-PAGE_CONTEXT;Rus_yaz_2kl_ch1_Guleckaya_rus_2022.pdf;35;D:\ai-brain-data\visual-lexicon\belarus-primary-20261009\books\ee85174895ea1e21\pages\0035.jpg;d9b484d529a0dad518f8638f44b3d45c6605680a92ee541a3b837640c53e7041;Ожидается;Просмотрена обзорно;Не завершена;Нет
ee85174895ea1e21-p0036-PAGE_CONTEXT;Rus_yaz_2kl_ch1_Guleckaya_rus_2022.pdf;36;D:\ai-brain-data\visual-lexicon\belarus-primary-20261009\books\ee85174895ea1e21\pages\0036.jpg;b5194647463010bd96bedc32efad53b7ad628dde58dee23945cf1c91c3ce5c72;Ожидается;Просмотрена обзорно;Не завершена;Нет
ee85174895ea1e21-p0037-PAGE_CONTEXT;Rus_yaz_2kl_ch1_Guleckaya_rus_2022.pdf;37;D:\ai-brain-data\visual-lexicon\belarus-primary-20261009\books\ee85174895ea1e21\pages\0037.jpg;9f187c1731d7078e9f9062dbfe202d91eb969dafd0635ecdd2e26b7d313d6e3e;Просмотрено выборочно;Просмотрена обзорно;Не завершена;Нет
ee85174895ea1e21-p0038-PAGE_CONTEXT;Rus_yaz_2kl_ch1_Guleckaya_rus_2022.pdf;38;D:\ai-brain-data\visual-lexicon\belarus-primary-20261009\books\ee85174895ea1e21\pages\0038.jpg;fed5eaf8f80127d9bd4764cab8f0c924e317f30961db700f6dbe69879c6bba2a;Ожидается;Просмотрена обзорно;Не завершена;Нет
ee85174895ea1e21-p0039-PAGE_CONTEXT;Rus_yaz_2kl_ch1_Guleckaya_rus_2022.pdf;39;D:\ai-brain-data\visual-lexicon\belarus-primary-20261009\books\ee85174895ea1e21\pages\0039.jpg;1b2e4fa5288b7fd12ac312b3f539b6694dc5c9f372e258699eed42e32ec4b099;Ожидается;Просмотрена обзорно;Не завершена;Нет
ee85174895ea1e21-p0040-PAGE_CONTEXT;Rus_yaz_2kl_ch1_Guleckaya_rus_2022.pdf;40;D:\ai-brain-data\visual-lexicon\belarus-primary-20261009\books\ee85174895ea1e21\pages\0040.jpg;4a411b508d0ab5e6f32ce02119bbac893c715b2841e621e22e72ab2e04eee6ee;Ожидается;Просмотрена обзорно;Не завершена;Нет
ee85174895ea1e21-p0041-PAGE_CONTEXT;Rus_yaz_2kl_ch1_Guleckaya_rus_2022.pdf;41;D:\ai-brain-data\visual-lexicon\belarus-primary-20261009\books\ee85174895ea1e21\pages\0041.jpg;ca6d62c0a8ba8b9c2149a9d6d02947aef03f888a0ad0164f3b49a1469677685f;Ожидается;Просмотрена обзорно;Не завершена;Нет
ee85174895ea1e21-p0042-PAGE_CONTEXT;Rus_yaz_2kl_ch1_Guleckaya_rus_2022.pdf;42;D:\ai-brain-data\visual-lexicon\belarus-primary-20261009\books\ee85174895ea1e21\pages\0042.jpg;0a038b48c32f765bd71f445fdefeb4f6fd4ac35894eb98834829b8c9db9eba2e;Ожидается;Просмотрена обзорно;Не завершена;Нет
ee85174895ea1e21-p0043-PAGE_CONTEXT;Rus_yaz_2kl_ch1_Guleckaya_rus_2022.pdf;43;D:\ai-brain-data\visual-lexicon\belarus-primary-20261009\books\ee85174895ea1e21\pages\0043.jpg;185bb2b2322d108c360a1df38f10fd4eb7b486cbacef69ae56ec4efde8898f0b;Ожидается;Просмотрена обзорно;Не завершена;Нет
ee85174895ea1e21-p0044-PAGE_CONTEXT;Rus_yaz_2kl_ch1_Guleckaya_rus_2022.pdf;44;D:\ai-brain-data\visual-lexicon\belarus-primary-20261009\books\ee85174895ea1e21\pages\0044.jpg;dee8ae9fe26c110cbaafa2624673dde19dbd78a8bdc79ace759918934766ddb4;Ожидается;Просмотрена обзорно;Не завершена;Нет
ee85174895ea1e21-p0045-PAGE_CONTEXT;Rus_yaz_2kl_ch1_Guleckaya_rus_2022.pdf;45;D:\ai-brain-data\visual-lexicon\belarus-primary-20261009\books\ee85174895ea1e21\pages\0045.jpg;845b8222aa29f186d58fd3384f6d8f6ab86535cd55ab42eab141cf847eceaf5b;Ожидается;Просмотрена обзорно;Не завершена;Нет
ee85174895ea1e21-p0046-PAGE_CONTEXT;Rus_yaz_2kl_ch1_Guleckaya_rus_2022.pdf;46;D:\ai-brain-data\visual-lexicon\belarus-primary-20261009\books\ee85174895ea1e21\pages\0046.jpg;5bb538eac88685dfb526af3e54f5909acf07cd523854163fa60584c4afc7daea;Ожидается;Просмотрена обзорно;Не завершена;Нет
ee85174895ea1e21-p0047-PAGE_CONTEXT;Rus_yaz_2kl_ch1_Guleckaya_rus_2022.pdf;47;D:\ai-brain-data\visual-lexicon\belarus-primary-20261009\books\ee85174895ea1e21\pages\0047.jpg;46ad8ade2a4fbfef8441e0bcec83998b4039f5e8febaf2930e69f8cad751979c;Ожидается;Просмотрена обзорно;Не завершена;Нет
ee85174895ea1e21-p0048-PAGE_CONTEXT;Rus_yaz_2kl_ch1_Guleckaya_rus_2022.pdf;48;D:\ai-brain-data\visual-lexicon\belarus-primary-20261009\books\ee85174895ea1e21\pages\0048.jpg;236cedf3d698e18bb27de5f779a3679a8bcbb4fd0c20cfd50636fba6bd7106cd;Ожидается;Просмотрена обзорно;Не завершена;Нет
ee85174895ea1e21-p0049-PAGE_CONTEXT;Rus_yaz_2kl_ch1_Guleckaya_rus_2022.pdf;49;D:\ai-brain-data\visual-lexicon\belarus-primary-20261009\books\ee85174895ea1e21\pages\0049.jpg;c856c9ab7ab65d6e2e40fb24e99fb6952355335693a3e92715eef580f09dd986;Ожидается;Просмотрена обзорно;Не завершена;Нет
ee85174895ea1e21-p0050-PAGE_CONTEXT;Rus_yaz_2kl_ch1_Guleckaya_rus_2022.pdf;50;D:\ai-brain-data\visual-lexicon\belarus-primary-20261009\books\ee85174895ea1e21\pages\0050.jpg;0b1fa6c7eef03b2a3d5bb076f730b60a3e674a83982e665d8b6cccc3202aeec2;Ожидается;Просмотрена обзорно;Не завершена;Нет
ee85174895ea1e21-p0051-PAGE_CONTEXT;Rus_yaz_2kl_ch1_Guleckaya_rus_2022.pdf;51;D:\ai-brain-data\visual-lexicon\belarus-primary-20261009\books\ee85174895ea1e21\pages\0051.jpg;1add65cff37bbe442b7620347d1c551806925f2c944d1f4f2c6a3e6c8500d808;Ожидается;Просмотрена обзорно;Не завершена;Нет
ee85174895ea1e21-p0052-PAGE_CONTEXT;Rus_yaz_2kl_ch1_Guleckaya_rus_2022.pdf;52;D:\ai-brain-data\visual-lexicon\belarus-primary-20261009\books\ee85174895ea1e21\pages\0052.jpg;297625858ceceb69c676c74432f5a34d7574b5c972d5dbadba1490a051a6fd48;Ожидается;Просмотрена обзорно;Не завершена;Нет
ee85174895ea1e21-p0053-PAGE_CONTEXT;Rus_yaz_2kl_ch1_Guleckaya_rus_2022.pdf;53;D:\ai-brain-data\visual-lexicon\belarus-primary-20261009\books\ee85174895ea1e21\pages\0053.jpg;c3f7ac49895e3ec79a415a02067a0ad7acde3adf784a74243dd6b31f979bfc1c;Ожидается;Просмотрена обзорно;Не завершена;Нет
ee85174895ea1e21-p0054-PAGE_CONTEXT;Rus_yaz_2kl_ch1_Guleckaya_rus_2022.pdf;54;D:\ai-brain-data\visual-lexicon\belarus-primary-20261009\books\ee85174895ea1e21\pages\0054.jpg;d1553a2ff5349f6fcdbc8bdd2b0e278f4c54ee581e85e6d3e10920ae81605658;Ожидается;Просмотрена обзорно;Не завершена;Нет
ee85174895ea1e21-p0055-PAGE_CONTEXT;Rus_yaz_2kl_ch1_Guleckaya_rus_2022.pdf;55;D:\ai-brain-data\visual-lexicon\belarus-primary-20261009\books\ee85174895ea1e21\pages\0055.jpg;dc68e0cdf109040c7e9a0c2f54cebe171cd2dcd8092696cc75f7d8e79288424b;Ожидается;Просмотрена обзорно;Не завершена;Нет
ee85174895ea1e21-p0056-PAGE_CONTEXT;Rus_yaz_2kl_ch1_Guleckaya_rus_2022.pdf;56;D:\ai-brain-data\visual-lexicon\belarus-primary-20261009\books\ee85174895ea1e21\pages\0056.jpg;46810578e7efa4a9e4b6ecf128c683d603cd0c533b3710e11c89a7f6286bfd5b;Ожидается;Просмотрена обзорно;Не завершена;Нет
ee85174895ea1e21-p0057-PAGE_CONTEXT;Rus_yaz_2kl_ch1_Guleckaya_rus_2022.pdf;57;D:\ai-brain-data\visual-lexicon\belarus-primary-20261009\books\ee85174895ea1e21\pages\0057.jpg;dd645dbd44748094dd64e43a912879d4cda38c8e10175f7db6c9250cc8b03083;Ожидается;Просмотрена обзорно;Не завершена;Нет
ee85174895ea1e21-p0058-PAGE_CONTEXT;Rus_yaz_2kl_ch1_Guleckaya_rus_2022.pdf;58;D:\ai-brain-data\visual-lexicon\belarus-primary-20261009\books\ee85174895ea1e21\pages\0058.jpg;7ca0191a88320e3faffd5ffd26c7c5e64f1718ae43df510cc8641d0a5b6920a3;Ожидается;Просмотрена обзорно;Не завершена;Нет
ee85174895ea1e21-p0059-PAGE_CONTEXT;Rus_yaz_2kl_ch1_Guleckaya_rus_2022.pdf;59;D:\ai-brain-data\visual-lexicon\belarus-primary-20261009\books\ee85174895ea1e21\pages\0059.jpg;c3ea0e13171298732c14a70daf7501df3432a3c1e08ade7c1ffb85545780f41f;Ожидается;Просмотрена обзорно;Не завершена;Нет
ee85174895ea1e21-p0060-PAGE_CONTEXT;Rus_yaz_2kl_ch1_Guleckaya_rus_2022.pdf;60;D:\ai-brain-data\visual-lexicon\belarus-primary-20261009\books\ee85174895ea1e21\pages\0060.jpg;1d99041ed48f70d3c62576f7d69f42589b8dcafbd110d3b08b238bb068f7a449;Ожидается;Просмотрена обзорно;Не завершена;Нет
ee85174895ea1e21-p0061-PAGE_CONTEXT;Rus_yaz_2kl_ch1_Guleckaya_rus_2022.pdf;61;D:\ai-brain-data\visual-lexicon\belarus-primary-20261009\books\ee85174895ea1e21\pages\0061.jpg;bd88eec262f9aa6f29f2cf410335b19756f2da00735875e05452ad9784782bd4;Ожидается;Просмотрена обзорно;Не завершена;Нет
ee85174895ea1e21-p0062-PAGE_CONTEXT;Rus_yaz_2kl_ch1_Guleckaya_rus_2022.pdf;62;D:\ai-brain-data\visual-lexicon\belarus-primary-20261009\books\ee85174895ea1e21\pages\0062.jpg;13c7a8e347c3753c1be8982145a447b7d0f0d190f201a2d0eedf47646a82821b;Ожидается;Просмотрена обзорно;Не завершена;Нет
ee85174895ea1e21-p0063-PAGE_CONTEXT;Rus_yaz_2kl_ch1_Guleckaya_rus_2022.pdf;63;D:\ai-brain-data\visual-lexicon\belarus-primary-20261009\books\ee85174895ea1e21\pages\0063.jpg;9b220a8754491eeb369e02184f208ee11bf5e11c2424e486eef91f39b2c7501a;Ожидается;Просмотрена обзорно;Не завершена;Нет
ee85174895ea1e21-p0064-PAGE_CONTEXT;Rus_yaz_2kl_ch1_Guleckaya_rus_2022.pdf;64;D:\ai-brain-data\visual-lexicon\belarus-primary-20261009\books\ee85174895ea1e21\pages\0064.jpg;d79933808725e5ee3c3249b8efbcb6962736a5c764b5628e6826806c74fd532d;Ожидается;Просмотрена обзорно;Не завершена;Нет
ee85174895ea1e21-p0065-PAGE_CONTEXT;Rus_yaz_2kl_ch1_Guleckaya_rus_2022.pdf;65;D:\ai-brain-data\visual-lexicon\belarus-primary-20261009\books\ee85174895ea1e21\pages\0065.jpg;67081974052d9f12b0219c4d77847b59b01342e4a249f4c7b3303d27f99f3bfa;Ожидается;Просмотрена обзорно;Не завершена;Нет
ee85174895ea1e21-p0066-PAGE_CONTEXT;Rus_yaz_2kl_ch1_Guleckaya_rus_2022.pdf;66;D:\ai-brain-data\visual-lexicon\belarus-primary-20261009\books\ee85174895ea1e21\pages\0066.jpg;7fb47b7e58bc777f53c274320b1b8019e7f3426254850560a39257bd053d3a1d;Ожидается;Просмотрена обзорно;Не завершена;Нет
ee85174895ea1e21-p0067-PAGE_CONTEXT;Rus_yaz_2kl_ch1_Guleckaya_rus_2022.pdf;67;D:\ai-brain-data\visual-lexicon\belarus-primary-20261009\books\ee85174895ea1e21\pages\0067.jpg;b6175f02720811a852c67409ae21e079187813fb3c7035ed47769900cba8148a;Ожидается;Просмотрена обзорно;Не завершена;Нет
ee85174895ea1e21-p0068-PAGE_CONTEXT;Rus_yaz_2kl_ch1_Guleckaya_rus_2022.pdf;68;D:\ai-brain-data\visual-lexicon\belarus-primary-20261009\books\ee85174895ea1e21\pages\0068.jpg;7614e6d0685e024ad6c91fa48b360a3422f9e7c96e2fd221ddaf135e8bea79cc;Ожидается;Просмотрена обзорно;Не завершена;Нет
ee85174895ea1e21-p0069-PAGE_CONTEXT;Rus_yaz_2kl_ch1_Guleckaya_rus_2022.pdf;69;D:\ai-brain-data\visual-lexicon\belarus-primary-20261009\books\ee85174895ea1e21\pages\0069.jpg;c0316a4b734bee51b6a543462910ba628d2c0db30c789a5fb380ee70b3651f1f;Ожидается;Просмотрена обзорно;Не завершена;Нет
ee85174895ea1e21-p0070-PAGE_CONTEXT;Rus_yaz_2kl_ch1_Guleckaya_rus_2022.pdf;70;D:\ai-brain-data\visual-lexicon\belarus-primary-20261009\books\ee85174895ea1e21\pages\0070.jpg;b75e6ba400fab20dfd728b7c01744070d5ce79839a3c13f4e4750dbed73ba444;Ожидается;Просмотрена обзорно;Не завершена;Нет
ee85174895ea1e21-p0071-PAGE_CONTEXT;Rus_yaz_2kl_ch1_Guleckaya_rus_2022.pdf;71;D:\ai-brain-data\visual-lexicon\belarus-primary-20261009\books\ee85174895ea1e21\pages\0071.jpg;c43fb1d671345b7c23da16896649be07420397b2daeeba288a8d091ba1415c3a;Ожидается;Просмотрена обзорно;Не завершена;Нет
ee85174895ea1e21-p0072-PAGE_CONTEXT;Rus_yaz_2kl_ch1_Guleckaya_rus_2022.pdf;72;D:\ai-brain-data\visual-lexicon\belarus-primary-20261009\books\ee85174895ea1e21\pages\0072.jpg;540da3e93dedef890093d50ea19449d919b88e0e9f8809114fb1c06d7ae2a2a8;Ожидается;Просмотрена обзорно;Не завершена;Нет
ee85174895ea1e21-p0073-PAGE_CONTEXT;Rus_yaz_2kl_ch1_Guleckaya_rus_2022.pdf;73;D:\ai-brain-data\visual-lexicon\belarus-primary-20261009\books\ee85174895ea1e21\pages\0073.jpg;a38b0508ae635e0aeea364a3dc922b7059493adbffe8cfb2a50fbb2e35df7996;Ожидается;Просмотрена обзорно;Не завершена;Нет
ee85174895ea1e21-p0074-PAGE_CONTEXT;Rus_yaz_2kl_ch1_Guleckaya_rus_2022.pdf;74;D:\ai-brain-data\visual-lexicon\belarus-primary-20261009\books\ee85174895ea1e21\pages\0074.jpg;d7c53a004a52bbe911b6321afc13f74beeb3747df56f049db82757fe0fc2da71;Просмотрено выборочно;Просмотрена обзорно;Не завершена;Нет
ee85174895ea1e21-p0075-PAGE_CONTEXT;Rus_yaz_2kl_ch1_Guleckaya_rus_2022.pdf;75;D:\ai-brain-data\visual-lexicon\belarus-primary-20261009\books\ee85174895ea1e21\pages\0075.jpg;2c9af92083c16584dc3558092e9817a63d14a8a23362c12fcb548be0f2bcb858;Ожидается;Просмотрена обзорно;Не завершена;Нет
ee85174895ea1e21-p0076-PAGE_CONTEXT;Rus_yaz_2kl_ch1_Guleckaya_rus_2022.pdf;76;D:\ai-brain-data\visual-lexicon\belarus-primary-20261009\books\ee85174895ea1e21\pages\0076.jpg;051e007fc23d7251a80e2e78473411d98c3e984fcce3623dd8ed5d9a3e1f0b6c;Ожидается;Просмотрена обзорно;Не завершена;Нет
ee85174895ea1e21-p0077-PAGE_CONTEXT;Rus_yaz_2kl_ch1_Guleckaya_rus_2022.pdf;77;D:\ai-brain-data\visual-lexicon\belarus-primary-20261009\books\ee85174895ea1e21\pages\0077.jpg;bb1c50803305d7787d05e7595458cd47a2b7b7c307d0b901a548eaa0689659ae;Ожидается;Просмотрена обзорно;Не завершена;Нет
ee85174895ea1e21-p0078-PAGE_CONTEXT;Rus_yaz_2kl_ch1_Guleckaya_rus_2022.pdf;78;D:\ai-brain-data\visual-lexicon\belarus-primary-20261009\books\ee85174895ea1e21\pages\0078.jpg;3fbc2a49dc15e84ea8226b83ac191b5aa6d2298febcd8d618d0fb35139267955;Ожидается;Просмотрена обзорно;Не завершена;Нет
ee85174895ea1e21-p0079-PAGE_CONTEXT;Rus_yaz_2kl_ch1_Guleckaya_rus_2022.pdf;79;D:\ai-brain-data\visual-lexicon\belarus-primary-20261009\books\ee85174895ea1e21\pages\0079.jpg;4c999eb23f936c123c83410df7f77e2f934999e28841fdb387fb6ef40973702d;Ожидается;Просмотрена обзорно;Не завершена;Нет
ee85174895ea1e21-p0080-PAGE_CONTEXT;Rus_yaz_2kl_ch1_Guleckaya_rus_2022.pdf;80;D:\ai-brain-data\visual-lexicon\belarus-primary-20261009\books\ee85174895ea1e21\pages\0080.jpg;ff83bb103509ef6fbb5013e8d208bc73c37c9f45c02c19995bca0efb2175d708;Ожидается;Просмотрена обзорно;Не завершена;Нет
ee85174895ea1e21-p0081-PAGE_CONTEXT;Rus_yaz_2kl_ch1_Guleckaya_rus_2022.pdf;81;D:\ai-brain-data\visual-lexicon\belarus-primary-20261009\books\ee85174895ea1e21\pages\0081.jpg;44b19047a2ad07212d78d02e7605aa63c57eea38449985cf9ce5597a89485d34;Ожидается;Просмотрена обзорно;Не завершена;Нет
ee85174895ea1e21-p0082-PAGE_CONTEXT;Rus_yaz_2kl_ch1_Guleckaya_rus_2022.pdf;82;D:\ai-brain-data\visual-lexicon\belarus-primary-20261009\books\ee85174895ea1e21\pages\0082.jpg;f81d460d8af7ba5a0b21655800218d8b33fd536b5875a3b8d05d174b1532c259;Ожидается;Просмотрена обзорно;Не завершена;Нет
ee85174895ea1e21-p0083-PAGE_CONTEXT;Rus_yaz_2kl_ch1_Guleckaya_rus_2022.pdf;83;D:\ai-brain-data\visual-lexicon\belarus-primary-20261009\books\ee85174895ea1e21\pages\0083.jpg;ad1fcf5d43a0134f11099c6aeaf74b9d3139533f00f9512f26ad270291de7b13;Ожидается;Просмотрена обзорно;Не завершена;Нет
ee85174895ea1e21-p0084-PAGE_CONTEXT;Rus_yaz_2kl_ch1_Guleckaya_rus_2022.pdf;84;D:\ai-brain-data\visual-lexicon\belarus-primary-20261009\books\ee85174895ea1e21\pages\0084.jpg;5d91728ac3d9e11d2f364a3d0fb70f240a7a1f7d53829f9a94b207a7d35513dd;Ожидается;Просмотрена обзорно;Не завершена;Нет
ee85174895ea1e21-p0085-PAGE_CONTEXT;Rus_yaz_2kl_ch1_Guleckaya_rus_2022.pdf;85;D:\ai-brain-data\visual-lexicon\belarus-primary-20261009\books\ee85174895ea1e21\pages\0085.jpg;caed295fc8e625fc8346ac7ec2612fde67be1e5005a9e77ac55aec50f2af73f9;Ожидается;Просмотрена обзорно;Не завершена;Нет
ee85174895ea1e21-p0086-PAGE_CONTEXT;Rus_yaz_2kl_ch1_Guleckaya_rus_2022.pdf;86;D:\ai-brain-data\visual-lexicon\belarus-primary-20261009\books\ee85174895ea1e21\pages\0086.jpg;42266c3b6eb9e534c4866fa7da5f4731a3c14a3dfe5cf1d2f16ea4a45597e747;Ожидается;Просмотрена обзорно;Не завершена;Нет
ee85174895ea1e21-p0087-PAGE_CONTEXT;Rus_yaz_2kl_ch1_Guleckaya_rus_2022.pdf;87;D:\ai-brain-data\visual-lexicon\belarus-primary-20261009\books\ee85174895ea1e21\pages\0087.jpg;870372a94f95fffbdc891550553828e1e6a9a668ae9cb62e3b21534375ddc152;Ожидается;Просмотрена обзорно;Не завершена;Нет
ee85174895ea1e21-p0088-PAGE_CONTEXT;Rus_yaz_2kl_ch1_Guleckaya_rus_2022.pdf;88;D:\ai-brain-data\visual-lexicon\belarus-primary-20261009\books\ee85174895ea1e21\pages\0088.jpg;b5c7b6f227acf23476f3b5d5d2ec9604c819ff9ce857d43cf2b4cb720bdece9b;Ожидается;Просмотрена обзорно;Не завершена;Нет
ee85174895ea1e21-p0089-PAGE_CONTEXT;Rus_yaz_2kl_ch1_Guleckaya_rus_2022.pdf;89;D:\ai-brain-data\visual-lexicon\belarus-primary-20261009\books\ee85174895ea1e21\pages\0089.jpg;f09e77604dc574b8b326cff7bd7d451a1593c4c250ff691ed522098996b9ba53;Ожидается;Просмотрена обзорно;Не завершена;Нет
ee85174895ea1e21-p0090-PAGE_CONTEXT;Rus_yaz_2kl_ch1_Guleckaya_rus_2022.pdf;90;D:\ai-brain-data\visual-lexicon\belarus-primary-20261009\books\ee85174895ea1e21\pages\0090.jpg;3b482d61f38517831746b12632f88e261ec954c44391f258040a4048c570a22b;Ожидается;Просмотрена обзорно;Не завершена;Нет
ee85174895ea1e21-p0091-PAGE_CONTEXT;Rus_yaz_2kl_ch1_Guleckaya_rus_2022.pdf;91;D:\ai-brain-data\visual-lexicon\belarus-primary-20261009\books\ee85174895ea1e21\pages\0091.jpg;bc186d33379d14322c0c5710e4024fe672056877eaface732950a4caadd83dd4;Ожидается;Просмотрена обзорно;Не завершена;Нет
ee85174895ea1e21-p0092-PAGE_CONTEXT;Rus_yaz_2kl_ch1_Guleckaya_rus_2022.pdf;92;D:\ai-brain-data\visual-lexicon\belarus-primary-20261009\books\ee85174895ea1e21\pages\0092.jpg;ae76f4ea69ab5ac3624512f2db70c8bf3b9afa4853b169598e190f068fbc4c1c;Ожидается;Просмотрена обзорно;Не завершена;Нет
ee85174895ea1e21-p0093-PAGE_CONTEXT;Rus_yaz_2kl_ch1_Guleckaya_rus_2022.pdf;93;D:\ai-brain-data\visual-lexicon\belarus-primary-20261009\books\ee85174895ea1e21\pages\0093.jpg;7bfc6e09023a7467a0e4c3b69d5afd3534db1ff36257dc8f0314157c760fc379;Ожидается;Просмотрена обзорно;Не завершена;Нет
ee85174895ea1e21-p0094-PAGE_CONTEXT;Rus_yaz_2kl_ch1_Guleckaya_rus_2022.pdf;94;D:\ai-brain-data\visual-lexicon\belarus-primary-20261009\books\ee85174895ea1e21\pages\0094.jpg;c61e10408620723d15bed7d1333a9b9e1f80d54eed0fb794527c5f46e8767c88;Ожидается;Просмотрена обзорно;Не завершена;Нет
ee85174895ea1e21-p0095-PAGE_CONTEXT;Rus_yaz_2kl_ch1_Guleckaya_rus_2022.pdf;95;D:\ai-brain-data\visual-lexicon\belarus-primary-20261009\books\ee85174895ea1e21\pages\0095.jpg;800ff0a4c992623419153776106d00c5cb291a7dcce76ccb894d2376cf41400e;Ожидается;Просмотрена обзорно;Не завершена;Нет
ee85174895ea1e21-p0096-PAGE_CONTEXT;Rus_yaz_2kl_ch1_Guleckaya_rus_2022.pdf;96;D:\ai-brain-data\visual-lexicon\belarus-primary-20261009\books\ee85174895ea1e21\pages\0096.jpg;c670fa5de2429b5f7c6d087673eb9b63d970301e8099b17d0ca0d82c34424052;Ожидается;Просмотрена обзорно;Не завершена;Нет
ee85174895ea1e21-p0097-PAGE_CONTEXT;Rus_yaz_2kl_ch1_Guleckaya_rus_2022.pdf;97;D:\ai-brain-data\visual-lexicon\belarus-primary-20261009\books\ee85174895ea1e21\pages\0097.jpg;f772cdbb63547bfd272ca600ed867627d5021e03f6e7b3d38a3065b830d2eef2;Ожидается;Просмотрена обзорно;Не завершена;Нет
ee85174895ea1e21-p0098-PAGE_CONTEXT;Rus_yaz_2kl_ch1_Guleckaya_rus_2022.pdf;98;D:\ai-brain-data\visual-lexicon\belarus-primary-20261009\books\ee85174895ea1e21\pages\0098.jpg;6b62d561b2f702a059e9ae6fd2bea7aa39f80d0600832b9fece44441132edf9b;Ожидается;Просмотрена обзорно;Не завершена;Нет
ee85174895ea1e21-p0099-PAGE_CONTEXT;Rus_yaz_2kl_ch1_Guleckaya_rus_2022.pdf;99;D:\ai-brain-data\visual-lexicon\belarus-primary-20261009\books\ee85174895ea1e21\pages\0099.jpg;72ab2f2c9215641884797df2f7b283bfa7f498bd8df8c45b33823f630e3a126f;Ожидается;Просмотрена обзорно;Не завершена;Нет
ee85174895ea1e21-p0100-PAGE_CONTEXT;Rus_yaz_2kl_ch1_Guleckaya_rus_2022.pdf;100;D:\ai-brain-data\visual-lexicon\belarus-primary-20261009\books\ee85174895ea1e21\pages\0100.jpg;fb7691f91ec1e301938ed44db21669b6f52abf5745b0f1ee1b113ec31a159a65;Ожидается;Просмотрена обзорно;Не завершена;Нет
ee85174895ea1e21-p0101-PAGE_CONTEXT;Rus_yaz_2kl_ch1_Guleckaya_rus_2022.pdf;101;D:\ai-brain-data\visual-lexicon\belarus-primary-20261009\books\ee85174895ea1e21\pages\0101.jpg;b425fcca1418a6c91910fd5f56ead601265df8e9949407a0938e024e7f677172;Ожидается;Просмотрена обзорно;Не завершена;Нет
ee85174895ea1e21-p0102-PAGE_CONTEXT;Rus_yaz_2kl_ch1_Guleckaya_rus_2022.pdf;102;D:\ai-brain-data\visual-lexicon\belarus-primary-20261009\books\ee85174895ea1e21\pages\0102.jpg;a71d34e34f08226dffd3b688f02e8905901ce6141fa63df62e4bac13a5e40058;Ожидается;Просмотрена обзорно;Не завершена;Нет
ee85174895ea1e21-p0103-PAGE_CONTEXT;Rus_yaz_2kl_ch1_Guleckaya_rus_2022.pdf;103;D:\ai-brain-data\visual-lexicon\belarus-primary-20261009\books\ee85174895ea1e21\pages\0103.jpg;7a4dd26e9d41b15c8b048e0cde546f52a432b0f29fe395802dbcc481e4e8db7b;Ожидается;Просмотрена обзорно;Не завершена;Нет
ee85174895ea1e21-p0104-PAGE_CONTEXT;Rus_yaz_2kl_ch1_Guleckaya_rus_2022.pdf;104;D:\ai-brain-data\visual-lexicon\belarus-primary-20261009\books\ee85174895ea1e21\pages\0104.jpg;a7a666eff991c635a350528947b15343403d0ef969415b6d75e6dd3775ab948e;Ожидается;Просмотрена обзорно;Не завершена;Нет
ee85174895ea1e21-p0105-PAGE_CONTEXT;Rus_yaz_2kl_ch1_Guleckaya_rus_2022.pdf;105;D:\ai-brain-data\visual-lexicon\belarus-primary-20261009\books\ee85174895ea1e21\pages\0105.jpg;eea5984ae7b42b3ec0cfd0d93787781be18b2b9bf7786db28591aec28f5fc904;Ожидается;Просмотрена обзорно;Не завершена;Нет
ee85174895ea1e21-p0106-PAGE_CONTEXT;Rus_yaz_2kl_ch1_Guleckaya_rus_2022.pdf;106;D:\ai-brain-data\visual-lexicon\belarus-primary-20261009\books\ee85174895ea1e21\pages\0106.jpg;4508b31c89eeea599b774e68185927a7b197b703931231b407a06699d1b866e5;Ожидается;Просмотрена обзорно;Не завершена;Нет
ee85174895ea1e21-p0107-PAGE_CONTEXT;Rus_yaz_2kl_ch1_Guleckaya_rus_2022.pdf;107;D:\ai-brain-data\visual-lexicon\belarus-primary-20261009\books\ee85174895ea1e21\pages\0107.jpg;9014c526594ad9f26816319111ee6f6c436b53779f4d94b93242a0c0b33495b8;Ожидается;Просмотрена обзорно;Не завершена;Нет
ee85174895ea1e21-p0108-PAGE_CONTEXT;Rus_yaz_2kl_ch1_Guleckaya_rus_2022.pdf;108;D:\ai-brain-data\visual-lexicon\belarus-primary-20261009\books\ee85174895ea1e21\pages\0108.jpg;7e91c3fdd1e55bea270e43a18e1f08e0a5fdbe1d374c6623871d74f41ee7f58a;Ожидается;Просмотрена обзорно;Не завершена;Нет
ee85174895ea1e21-p0109-PAGE_CONTEXT;Rus_yaz_2kl_ch1_Guleckaya_rus_2022.pdf;109;D:\ai-brain-data\visual-lexicon\belarus-primary-20261009\books\ee85174895ea1e21\pages\0109.jpg;3273c846f327fec1bb663a6340174ae94457a39b250d29f20058c7cef7e3d359;Ожидается;Просмотрена обзорно;Не завершена;Нет
ee85174895ea1e21-p0110-PAGE_CONTEXT;Rus_yaz_2kl_ch1_Guleckaya_rus_2022.pdf;110;D:\ai-brain-data\visual-lexicon\belarus-primary-20261009\books\ee85174895ea1e21\pages\0110.jpg;d84d3f4ac36910ccb404be52e8de6f94d3771534fad3e575364fec507f731f4f;Ожидается;Просмотрена обзорно;Не завершена;Нет
ee85174895ea1e21-p0111-PAGE_CONTEXT;Rus_yaz_2kl_ch1_Guleckaya_rus_2022.pdf;111;D:\ai-brain-data\visual-lexicon\belarus-primary-20261009\books\ee85174895ea1e21\pages\0111.jpg;e22b853eeac823cca965195619779e19d023e2984d87b49ab23fb3d29dd48ba9;Просмотрено выборочно;Просмотрена обзорно;Не завершена;Нет
ee85174895ea1e21-p0112-PAGE_CONTEXT;Rus_yaz_2kl_ch1_Guleckaya_rus_2022.pdf;112;D:\ai-brain-data\visual-lexicon\belarus-primary-20261009\books\ee85174895ea1e21\pages\0112.jpg;b043357f97826dfc3401ebb96c61564d2946cfe4fa462209b5d1eaa116c57d9b;Ожидается;Просмотрена обзорно;Не завершена;Нет
ee85174895ea1e21-p0113-PAGE_CONTEXT;Rus_yaz_2kl_ch1_Guleckaya_rus_2022.pdf;113;D:\ai-brain-data\visual-lexicon\belarus-primary-20261009\books\ee85174895ea1e21\pages\0113.jpg;639b6a996eea6d88336e7040f62ec2eb54d262c496ddf61fd43ddb95c8d8c147;Ожидается;Просмотрена обзорно;Не завершена;Нет
ee85174895ea1e21-p0114-PAGE_CONTEXT;Rus_yaz_2kl_ch1_Guleckaya_rus_2022.pdf;114;D:\ai-brain-data\visual-lexicon\belarus-primary-20261009\books\ee85174895ea1e21\pages\0114.jpg;20e629d229ed35cc8fc75f0098fd8f9fc6ae1860fd6c4c448457f7bbcbe5382d;Ожидается;Просмотрена обзорно;Не завершена;Нет
ee85174895ea1e21-p0115-PAGE_CONTEXT;Rus_yaz_2kl_ch1_Guleckaya_rus_2022.pdf;115;D:\ai-brain-data\visual-lexicon\belarus-primary-20261009\books\ee85174895ea1e21\pages\0115.jpg;8f94b919fa7eeac2b7445150bcacf175db04dd5ef3a44cf0e948b6a2c5e8a82f;Ожидается;Просмотрена обзорно;Не завершена;Нет
ee85174895ea1e21-p0116-PAGE_CONTEXT;Rus_yaz_2kl_ch1_Guleckaya_rus_2022.pdf;116;D:\ai-brain-data\visual-lexicon\belarus-primary-20261009\books\ee85174895ea1e21\pages\0116.jpg;3fe3b7bc1298dd5501e0a3c51b1db7e542a6823197e37d6e4bd5be7b15afd3a5;Ожидается;Просмотрена обзорно;Не завершена;Нет
ee85174895ea1e21-p0117-PAGE_CONTEXT;Rus_yaz_2kl_ch1_Guleckaya_rus_2022.pdf;117;D:\ai-brain-data\visual-lexicon\belarus-primary-20261009\books\ee85174895ea1e21\pages\0117.jpg;52b07cb88a55971e3d64b0297b1f1230bbceb3c83e92f0fd691c6b397c0d6f8b;Ожидается;Просмотрена обзорно;Не завершена;Нет
ee85174895ea1e21-p0118-PAGE_CONTEXT;Rus_yaz_2kl_ch1_Guleckaya_rus_2022.pdf;118;D:\ai-brain-data\visual-lexicon\belarus-primary-20261009\books\ee85174895ea1e21\pages\0118.jpg;e546c6de0496f24ca9c2325807110970f0987c2d62e2720973c8e3afe15c7fce;Ожидается;Просмотрена обзорно;Не завершена;Нет
ee85174895ea1e21-p0119-PAGE_CONTEXT;Rus_yaz_2kl_ch1_Guleckaya_rus_2022.pdf;119;D:\ai-brain-data\visual-lexicon\belarus-primary-20261009\books\ee85174895ea1e21\pages\0119.jpg;f6a4a71e28737a3b3ec5eeacac7807dc88cce9430de6aa91b1dd2e659a213ae6;Ожидается;Просмотрена обзорно;Не завершена;Нет
ee85174895ea1e21-p0120-PAGE_CONTEXT;Rus_yaz_2kl_ch1_Guleckaya_rus_2022.pdf;120;D:\ai-brain-data\visual-lexicon\belarus-primary-20261009\books\ee85174895ea1e21\pages\0120.jpg;9ff8a584d0797fa935e5a94f735005c3f67dd6f0e26945a3fda7b4fbc12bfa14;Ожидается;Просмотрена обзорно;Не завершена;Нет
ee85174895ea1e21-p0121-PAGE_CONTEXT;Rus_yaz_2kl_ch1_Guleckaya_rus_2022.pdf;121;D:\ai-brain-data\visual-lexicon\belarus-primary-20261009\books\ee85174895ea1e21\pages\0121.jpg;d749b43a18f967bba3300474c77f3f8e9f754d51c0eff78a573178843fe3f93a;Ожидается;Просмотрена обзорно;Не завершена;Нет
ee85174895ea1e21-p0122-PAGE_CONTEXT;Rus_yaz_2kl_ch1_Guleckaya_rus_2022.pdf;122;D:\ai-brain-data\visual-lexicon\belarus-primary-20261009\books\ee85174895ea1e21\pages\0122.jpg;880a594f67c0eeb4a5aae25501bcbe6d5dd90eef44067b5009052d3f3f73bb12;Ожидается;Просмотрена обзорно;Не завершена;Нет
ee85174895ea1e21-p0123-PAGE_CONTEXT;Rus_yaz_2kl_ch1_Guleckaya_rus_2022.pdf;123;D:\ai-brain-data\visual-lexicon\belarus-primary-20261009\books\ee85174895ea1e21\pages\0123.jpg;5c73b27bb483113806fcd895d6020c2ea76bccb9320e9d5821b702ab1268ac1d;Ожидается;Просмотрена обзорно;Не завершена;Нет
ee85174895ea1e21-p0124-PAGE_CONTEXT;Rus_yaz_2kl_ch1_Guleckaya_rus_2022.pdf;124;D:\ai-brain-data\visual-lexicon\belarus-primary-20261009\books\ee85174895ea1e21\pages\0124.jpg;03b5fde12e1950a3939b915802af004eedb7cacbf399d5e1baac37ae9785a97f;Ожидается;Просмотрена обзорно;Не завершена;Нет
ee85174895ea1e21-p0125-PAGE_CONTEXT;Rus_yaz_2kl_ch1_Guleckaya_rus_2022.pdf;125;D:\ai-brain-data\visual-lexicon\belarus-primary-20261009\books\ee85174895ea1e21\pages\0125.jpg;a564f1929724df0975ccbcbb8f53acb7e1c536e4030b82392dcbe4c7a562ffb1;Ожидается;Просмотрена обзорно;Не завершена;Нет
ee85174895ea1e21-p0126-PAGE_CONTEXT;Rus_yaz_2kl_ch1_Guleckaya_rus_2022.pdf;126;D:\ai-brain-data\visual-lexicon\belarus-primary-20261009\books\ee85174895ea1e21\pages\0126.jpg;6b511c9c7e239ac495e0ca36f3e1be573e4fe0351de20f215c94e4cc862b1e21;Ожидается;Просмотрена обзорно;Не завершена;Нет
ee85174895ea1e21-p0127-PAGE_CONTEXT;Rus_yaz_2kl_ch1_Guleckaya_rus_2022.pdf;127;D:\ai-brain-data\visual-lexicon\belarus-primary-20261009\books\ee85174895ea1e21\pages\0127.jpg;896afadf0684f10ff16654680385505c48ebd1a74fb3897f7a6365ed8798891f;Ожидается;Просмотрена обзорно;Не завершена;Нет
ee85174895ea1e21-p0128-PAGE_CONTEXT;Rus_yaz_2kl_ch1_Guleckaya_rus_2022.pdf;128;D:\ai-brain-data\visual-lexicon\belarus-primary-20261009\books\ee85174895ea1e21\pages\0128.jpg;75412f44d5308a299fff17e75335195d89cafc42e5fc837591ee9351ede43e91;Ожидается;Просмотрена обзорно;Не завершена;Нет
ee85174895ea1e21-p0129-PAGE_CONTEXT;Rus_yaz_2kl_ch1_Guleckaya_rus_2022.pdf;129;D:\ai-brain-data\visual-lexicon\belarus-primary-20261009\books\ee85174895ea1e21\pages\0129.jpg;ce657b4808bfa996010c278a8abf51a3306e2526c79a684f02ad639232ea0afd;Ожидается;Просмотрена обзорно;Не завершена;Нет
ee85174895ea1e21-p0130-PAGE_CONTEXT;Rus_yaz_2kl_ch1_Guleckaya_rus_2022.pdf;130;D:\ai-brain-data\visual-lexicon\belarus-primary-20261009\books\ee85174895ea1e21\pages\0130.jpg;e81c48dccc8c014698903f151e9cb1b24af6a943c10981b19f4fac16dcd200cc;Ожидается;Просмотрена обзорно;Не завершена;Нет
ee85174895ea1e21-p0131-PAGE_CONTEXT;Rus_yaz_2kl_ch1_Guleckaya_rus_2022.pdf;131;D:\ai-brain-data\visual-lexicon\belarus-primary-20261009\books\ee85174895ea1e21\pages\0131.jpg;4ea516750480b7b75b399703eaad5a85ffb6a5178d527ba8392a583235cfe24e;Ожидается;Просмотрена обзорно;Не завершена;Нет
ee85174895ea1e21-p0132-PAGE_CONTEXT;Rus_yaz_2kl_ch1_Guleckaya_rus_2022.pdf;132;D:\ai-brain-data\visual-lexicon\belarus-primary-20261009\books\ee85174895ea1e21\pages\0132.jpg;3404d366ac0dcf46afe6915f3a1779e804aca6a95eddfd2da213041ff5b0e5d4;Ожидается;Просмотрена обзорно;Не завершена;Нет
ee85174895ea1e21-p0133-PAGE_CONTEXT;Rus_yaz_2kl_ch1_Guleckaya_rus_2022.pdf;133;D:\ai-brain-data\visual-lexicon\belarus-primary-20261009\books\ee85174895ea1e21\pages\0133.jpg;b0770fb76de35b791c48230d426be5615f6da170a5094c371915dbb043458085;Ожидается;Просмотрена обзорно;Не завершена;Нет
ee85174895ea1e21-p0134-PAGE_CONTEXT;Rus_yaz_2kl_ch1_Guleckaya_rus_2022.pdf;134;D:\ai-brain-data\visual-lexicon\belarus-primary-20261009\books\ee85174895ea1e21\pages\0134.jpg;11e06d460fc0b6cf6c1f7fc6b55b358f6637807ed86aa175f36a26c8fbcdacba;Ожидается;Просмотрена обзорно;Не завершена;Нет
ee85174895ea1e21-p0135-PAGE_CONTEXT;Rus_yaz_2kl_ch1_Guleckaya_rus_2022.pdf;135;D:\ai-brain-data\visual-lexicon\belarus-primary-20261009\books\ee85174895ea1e21\pages\0135.jpg;2de2726cc133a0aa3328af0c0b7203dc4c911a76bdc868e8c59bdcb4e93db0fc;Ожидается;Просмотрена обзорно;Не завершена;Нет
ee85174895ea1e21-p0136-PAGE_CONTEXT;Rus_yaz_2kl_ch1_Guleckaya_rus_2022.pdf;136;D:\ai-brain-data\visual-lexicon\belarus-primary-20261009\books\ee85174895ea1e21\pages\0136.jpg;b2c977c0926da1aa0d05d90b8b71155cdd63425ee5024f672df86ce748837d28;Ожидается;Просмотрена обзорно;Не завершена;Нет
ee85174895ea1e21-p0137-PAGE_CONTEXT;Rus_yaz_2kl_ch1_Guleckaya_rus_2022.pdf;137;D:\ai-brain-data\visual-lexicon\belarus-primary-20261009\books\ee85174895ea1e21\pages\0137.jpg;aad2b55216fdb538074d331aa1884b2a01f9aa009c867f6b24a15d99ddf30d23;Ожидается;Просмотрена обзорно;Не завершена;Нет
ee85174895ea1e21-p0138-PAGE_CONTEXT;Rus_yaz_2kl_ch1_Guleckaya_rus_2022.pdf;138;D:\ai-brain-data\visual-lexicon\belarus-primary-20261009\books\ee85174895ea1e21\pages\0138.jpg;1699b3810a538f6033457a06b16d87d87fcdcb818821cfdd8ea72e0d0a8c0be4;Ожидается;Просмотрена обзорно;Не завершена;Нет
ee85174895ea1e21-p0139-PAGE_CONTEXT;Rus_yaz_2kl_ch1_Guleckaya_rus_2022.pdf;139;D:\ai-brain-data\visual-lexicon\belarus-primary-20261009\books\ee85174895ea1e21\pages\0139.jpg;704d39874dd828c6c0924286ee02f13ba27dfbf07a9768c0fc82e0ee49b4d6e4;Ожидается;Просмотрена обзорно;Не завершена;Нет
ee85174895ea1e21-p0140-PAGE_CONTEXT;Rus_yaz_2kl_ch1_Guleckaya_rus_2022.pdf;140;D:\ai-brain-data\visual-lexicon\belarus-primary-20261009\books\ee85174895ea1e21\pages\0140.jpg;66f02ee9eaf5ef67492c7274bd61f905807e0340e6c10ad5cd9cc6a1b872b224;Ожидается;Просмотрена обзорно;Не завершена;Нет
ee85174895ea1e21-p0141-PAGE_CONTEXT;Rus_yaz_2kl_ch1_Guleckaya_rus_2022.pdf;141;D:\ai-brain-data\visual-lexicon\belarus-primary-20261009\books\ee85174895ea1e21\pages\0141.jpg;b6e27d761ea1690d3a7ce08e50a9e23c09af0117d24f1aae5803a0cb2a5ec9e4;Ожидается;Просмотрена обзорно;Не завершена;Нет
ee85174895ea1e21-p0142-PAGE_CONTEXT;Rus_yaz_2kl_ch1_Guleckaya_rus_2022.pdf;142;D:\ai-brain-data\visual-lexicon\belarus-primary-20261009\books\ee85174895ea1e21\pages\0142.jpg;22d521afcd302e0e0b1efa6696dfc0afe3968899f07043aca8e98e62e82eab38;Просмотрено выборочно;Просмотрена обзорно;Не завершена;Нет
ee85174895ea1e21-p0143-PAGE_CONTEXT;Rus_yaz_2kl_ch1_Guleckaya_rus_2022.pdf;143;D:\ai-brain-data\visual-lexicon\belarus-primary-20261009\books\ee85174895ea1e21\pages\0143.jpg;c53d815a82d73f9820a0c57ec29298c1f2e927d97af3bc2ffa743c5b0d0f7089;Ожидается;Просмотрена обзорно;Не завершена;Нет
ee85174895ea1e21-p0144-PAGE_CONTEXT;Rus_yaz_2kl_ch1_Guleckaya_rus_2022.pdf;144;D:\ai-brain-data\visual-lexicon\belarus-primary-20261009\books\ee85174895ea1e21\pages\0144.jpg;45d674f526f6c11c98f55fe3c6188a66cbdf9370e0486d8fd82a257ad313ae03;Ожидается;Просмотрена обзорно;Не завершена;Нет
ee85174895ea1e21-p0145-PAGE_CONTEXT;Rus_yaz_2kl_ch1_Guleckaya_rus_2022.pdf;145;D:\ai-brain-data\visual-lexicon\belarus-primary-20261009\books\ee85174895ea1e21\pages\0145.jpg;6b576a817b85f6b89400131882924bf219df3f2d9ed4d3afc70e022792244dc2;Ожидается;Просмотрена обзорно;Не завершена;Нет
ee85174895ea1e21-p0146-PAGE_CONTEXT;Rus_yaz_2kl_ch1_Guleckaya_rus_2022.pdf;146;D:\ai-brain-data\visual-lexicon\belarus-primary-20261009\books\ee85174895ea1e21\pages\0146.jpg;cfa08ccff5f81509a746fd3e5d56e3313af3f3fbf899fd78390bf269a45666a1;Ожидается;Просмотрена обзорно;Не завершена;Нет
ee85174895ea1e21-p0147-PAGE_CONTEXT;Rus_yaz_2kl_ch1_Guleckaya_rus_2022.pdf;147;D:\ai-brain-data\visual-lexicon\belarus-primary-20261009\books\ee85174895ea1e21\pages\0147.jpg;0986ec18b7fd04190983e31f6624413571473930788b4dc3ccdb651597447602;Ожидается;Просмотрена обзорно;Не завершена;Нет
ee85174895ea1e21-p0148-PAGE_CONTEXT;Rus_yaz_2kl_ch1_Guleckaya_rus_2022.pdf;148;D:\ai-brain-data\visual-lexicon\belarus-primary-20261009\books\ee85174895ea1e21\pages\0148.jpg;9960bb55860ef96818a99b60fe12b0e2256b070a07c722cc4df0e0c3a80d3d8e;Ожидается;Просмотрена обзорно;Не завершена;Нет
ee85174895ea1e21-p0149-PAGE_CONTEXT;Rus_yaz_2kl_ch1_Guleckaya_rus_2022.pdf;149;D:\ai-brain-data\visual-lexicon\belarus-primary-20261009\books\ee85174895ea1e21\pages\0149.jpg;30d4b92f0c31e39341cad26014fcfde906a07a2b7a99a256c1a61d50b88e8381;Ожидается;Просмотрена обзорно;Не завершена;Нет
ef1feb98ee3ea554-p0001-PAGE_CONTEXT;OBJ_2kl_Abroskina_rus_2024.pdf;1;D:\ai-brain-data\visual-lexicon\belarus-primary-20261009\books\ef1feb98ee3ea554\pages\0001.jpg;419c941467c8b85f7d4f691ecf3aac8a923a2efea28257a359a0caa38d05249e;Ожидается;Просмотрена обзорно;Не завершена;Нет
ef1feb98ee3ea554-p0002-PAGE_CONTEXT;OBJ_2kl_Abroskina_rus_2024.pdf;2;D:\ai-brain-data\visual-lexicon\belarus-primary-20261009\geometry-corrections\ef1feb98ee3ea554\pages\0002.jpg;708d94508fb344948c81841477c3ed91c261f769470604fc6a1ab83d03b8c99f;Ожидается;Просмотрена обзорно;Не завершена;Нет
ef1feb98ee3ea554-p0003-PAGE_CONTEXT;OBJ_2kl_Abroskina_rus_2024.pdf;3;D:\ai-brain-data\visual-lexicon\belarus-primary-20261009\geometry-corrections\ef1feb98ee3ea554\pages\0003.jpg;708d94508fb344948c81841477c3ed91c261f769470604fc6a1ab83d03b8c99f;Ожидается;Просмотрена обзорно;Не завершена;Нет
ef1feb98ee3ea554-p0004-PAGE_CONTEXT;OBJ_2kl_Abroskina_rus_2024.pdf;4;D:\ai-brain-data\visual-lexicon\belarus-primary-20261009\geometry-corrections\ef1feb98ee3ea554\pages\0004.jpg;940d2430fd0ac2bbb65c10fd87fa9f6b0928db8b827930cdf9d2b2fa9352ec71;Ожидается;Просмотрена обзорно;Не завершена;Нет
ef1feb98ee3ea554-p0005-PAGE_CONTEXT;OBJ_2kl_Abroskina_rus_2024.pdf;5;D:\ai-brain-data\visual-lexicon\belarus-primary-20261009\geometry-corrections\ef1feb98ee3ea554\pages\0005.jpg;940d2430fd0ac2bbb65c10fd87fa9f6b0928db8b827930cdf9d2b2fa9352ec71;Ожидается;Просмотрена обзорно;Не завершена;Нет
ef1feb98ee3ea554-p0006-PAGE_CONTEXT;OBJ_2kl_Abroskina_rus_2024.pdf;6;D:\ai-brain-data\visual-lexicon\belarus-primary-20261009\books\ef1feb98ee3ea554\pages\0006.jpg;4a9377642ec441693cd2b6f97cbb3e481ec5d7550ae4978f4a268f2a162fca12;Ожидается;Просмотрена обзорно;Не завершена;Нет
ef1feb98ee3ea554-p0007-PAGE_CONTEXT;OBJ_2kl_Abroskina_rus_2024.pdf;7;D:\ai-brain-data\visual-lexicon\belarus-primary-20261009\books\ef1feb98ee3ea554\pages\0007.jpg;dd8769ba6cb3ab9552e6c065e0bb79ecf4521c9828ca07ada7b102908e84d7a3;Ожидается;Просмотрена обзорно;Не завершена;Нет
ef1feb98ee3ea554-p0008-PAGE_CONTEXT;OBJ_2kl_Abroskina_rus_2024.pdf;8;D:\ai-brain-data\visual-lexicon\belarus-primary-20261009\books\ef1feb98ee3ea554\pages\0008.jpg;aaed706199dbd9db635c8fe31165c1152d291ca6019b7052ac8b3a0f2266c576;Ожидается;Просмотрена обзорно;Не завершена;Нет
ef1feb98ee3ea554-p0009-PAGE_CONTEXT;OBJ_2kl_Abroskina_rus_2024.pdf;9;D:\ai-brain-data\visual-lexicon\belarus-primary-20261009\books\ef1feb98ee3ea554\pages\0009.jpg;ad5c0770c5a056125e9ae565172489963908cfa0d03819f8351decca992f1e9a;Ожидается;Просмотрена обзорно;Не завершена;Нет
ef1feb98ee3ea554-p0010-PAGE_CONTEXT;OBJ_2kl_Abroskina_rus_2024.pdf;10;D:\ai-brain-data\visual-lexicon\belarus-primary-20261009\books\ef1feb98ee3ea554\pages\0010.jpg;31410eb36087e6e64f5580ae18fa2107ad986e460c7e3a76fbe589ce082eaa1c;Просмотрено выборочно;Просмотрена обзорно;Не завершена;Нет
ef1feb98ee3ea554-p0011-PAGE_CONTEXT;OBJ_2kl_Abroskina_rus_2024.pdf;11;D:\ai-brain-data\visual-lexicon\belarus-primary-20261009\books\ef1feb98ee3ea554\pages\0011.jpg;ce2c8707c43941668d2a4dd1a61881274fb194dbbcf49e6125d4b0549ff4ee29;Ожидается;Просмотрена обзорно;Не завершена;Нет
ef1feb98ee3ea554-p0012-PAGE_CONTEXT;OBJ_2kl_Abroskina_rus_2024.pdf;12;D:\ai-brain-data\visual-lexicon\belarus-primary-20261009\books\ef1feb98ee3ea554\pages\0012.jpg;72152ac364db10d0975f80a64714691a054c0c1d8ba5ac417cf981297bd7713c;Ожидается;Просмотрена обзорно;Не завершена;Нет
ef1feb98ee3ea554-p0013-PAGE_CONTEXT;OBJ_2kl_Abroskina_rus_2024.pdf;13;D:\ai-brain-data\visual-lexicon\belarus-primary-20261009\books\ef1feb98ee3ea554\pages\0013.jpg;4f4c971f0ad9c4a432714c852a9d089e3bf74164aef538f262e4fcadec352ad9;Ожидается;Просмотрена обзорно;Не завершена;Нет
ef1feb98ee3ea554-p0014-PAGE_CONTEXT;OBJ_2kl_Abroskina_rus_2024.pdf;14;D:\ai-brain-data\visual-lexicon\belarus-primary-20261009\books\ef1feb98ee3ea554\pages\0014.jpg;b17318d1830ff1eb2bc68e82d9fd53235c7942ff0069be5a4a977eae8154a45f;Ожидается;Просмотрена обзорно;Не завершена;Нет
ef1feb98ee3ea554-p0015-PAGE_CONTEXT;OBJ_2kl_Abroskina_rus_2024.pdf;15;D:\ai-brain-data\visual-lexicon\belarus-primary-20261009\books\ef1feb98ee3ea554\pages\0015.jpg;c49e20c32dfab100f3d4edce0bd5ec7ead0d2a76889e72628dd3fec861407a50;Ожидается;Просмотрена обзорно;Не завершена;Нет
ef1feb98ee3ea554-p0016-PAGE_CONTEXT;OBJ_2kl_Abroskina_rus_2024.pdf;16;D:\ai-brain-data\visual-lexicon\belarus-primary-20261009\books\ef1feb98ee3ea554\pages\0016.jpg;2a0c70a9004b64fe42aeb26467d079e3c1cc7cb5f3f70ade8d0a30e0d46becd9;Ожидается;Просмотрена обзорно;Не завершена;Нет
ef1feb98ee3ea554-p0017-PAGE_CONTEXT;OBJ_2kl_Abroskina_rus_2024.pdf;17;D:\ai-brain-data\visual-lexicon\belarus-primary-20261009\books\ef1feb98ee3ea554\pages\0017.jpg;ad7f13e5d6712c067682e54350ea8eff070a4fd9cb51df8bd570b9c086ffadf0;Ожидается;Просмотрена обзорно;Не завершена;Нет
ef1feb98ee3ea554-p0018-PAGE_CONTEXT;OBJ_2kl_Abroskina_rus_2024.pdf;18;D:\ai-brain-data\visual-lexicon\belarus-primary-20261009\books\ef1feb98ee3ea554\pages\0018.jpg;4fefb05d50db1cac693797d5f20acd4fa897a82b084ef084ac48ab24d21a2bbd;Ожидается;Просмотрена обзорно;Не завершена;Нет
ef1feb98ee3ea554-p0019-PAGE_CONTEXT;OBJ_2kl_Abroskina_rus_2024.pdf;19;D:\ai-brain-data\visual-lexicon\belarus-primary-20261009\books\ef1feb98ee3ea554\pages\0019.jpg;055781d4acc8bd0aa0d016969685d2c9a94c1236a4a004ba6341ba55d972c27d;Ожидается;Просмотрена обзорно;Не завершена;Нет
ef1feb98ee3ea554-p0020-PAGE_CONTEXT;OBJ_2kl_Abroskina_rus_2024.pdf;20;D:\ai-brain-data\visual-lexicon\belarus-primary-20261009\books\ef1feb98ee3ea554\pages\0020.jpg;3047c58c1e91e04c7c4ac31ed59c61736707a73b62867c237d32808de76d091a;Ожидается;Просмотрена обзорно;Не завершена;Нет
ef1feb98ee3ea554-p0021-PAGE_CONTEXT;OBJ_2kl_Abroskina_rus_2024.pdf;21;D:\ai-brain-data\visual-lexicon\belarus-primary-20261009\books\ef1feb98ee3ea554\pages\0021.jpg;aee65c8cdcb52c1bc7663dfdbda01174ffcbd7e3d1c89f23c1520f05313712ce;Ожидается;Просмотрена обзорно;Не завершена;Нет
ef1feb98ee3ea554-p0022-PAGE_CONTEXT;OBJ_2kl_Abroskina_rus_2024.pdf;22;D:\ai-brain-data\visual-lexicon\belarus-primary-20261009\books\ef1feb98ee3ea554\pages\0022.jpg;4e3f625e915bdb805e37e52ab6166a2f9e85f1dc34ae9337e5ff927fc34ca8ca;Просмотрено выборочно;Просмотрена обзорно;Не завершена;Нет
ef1feb98ee3ea554-p0023-PAGE_CONTEXT;OBJ_2kl_Abroskina_rus_2024.pdf;23;D:\ai-brain-data\visual-lexicon\belarus-primary-20261009\books\ef1feb98ee3ea554\pages\0023.jpg;76ac3f71f9deb995ceecd7248e267c680c8cb92fc9da216e7437b25d3b891bdd;Ожидается;Просмотрена обзорно;Не завершена;Нет
ef1feb98ee3ea554-p0024-PAGE_CONTEXT;OBJ_2kl_Abroskina_rus_2024.pdf;24;D:\ai-brain-data\visual-lexicon\belarus-primary-20261009\books\ef1feb98ee3ea554\pages\0024.jpg;dd3fb4243728a53b5acce2ea7d6d12971fd9668e6392d27a21286226b8f12101;Ожидается;Просмотрена обзорно;Не завершена;Нет
ef1feb98ee3ea554-p0025-PAGE_CONTEXT;OBJ_2kl_Abroskina_rus_2024.pdf;25;D:\ai-brain-data\visual-lexicon\belarus-primary-20261009\books\ef1feb98ee3ea554\pages\0025.jpg;0e126b15632010f922f4e281c0d77727ac7a7fc998b66c51d7573631bfa50ca7;Ожидается;Просмотрена обзорно;Не завершена;Нет
ef1feb98ee3ea554-p0026-PAGE_CONTEXT;OBJ_2kl_Abroskina_rus_2024.pdf;26;D:\ai-brain-data\visual-lexicon\belarus-primary-20261009\books\ef1feb98ee3ea554\pages\0026.jpg;a4493b294887008af4daae377a60b6c02a7963970b9f651851a77bcb2fa70c92;Ожидается;Просмотрена обзорно;Не завершена;Нет
ef1feb98ee3ea554-p0027-PAGE_CONTEXT;OBJ_2kl_Abroskina_rus_2024.pdf;27;D:\ai-brain-data\visual-lexicon\belarus-primary-20261009\books\ef1feb98ee3ea554\pages\0027.jpg;20cc85c073beabbf93680c162e971b544767954e1986520ff67c5775bbe8fb09;Ожидается;Просмотрена обзорно;Не завершена;Нет
ef1feb98ee3ea554-p0028-PAGE_CONTEXT;OBJ_2kl_Abroskina_rus_2024.pdf;28;D:\ai-brain-data\visual-lexicon\belarus-primary-20261009\books\ef1feb98ee3ea554\pages\0028.jpg;3ea0985744620298a4ff7013ac51ed4bf6644e53a823ed7c89d42c90e1f8b0c1;Ожидается;Просмотрена обзорно;Не завершена;Нет
ef1feb98ee3ea554-p0029-PAGE_CONTEXT;OBJ_2kl_Abroskina_rus_2024.pdf;29;D:\ai-brain-data\visual-lexicon\belarus-primary-20261009\books\ef1feb98ee3ea554\pages\0029.jpg;6f02ada12af3d61fc37985311b5583883f81ba4fd3571627fccc7745b433e3be;Ожидается;Просмотрена обзорно;Не завершена;Нет
ef1feb98ee3ea554-p0030-PAGE_CONTEXT;OBJ_2kl_Abroskina_rus_2024.pdf;30;D:\ai-brain-data\visual-lexicon\belarus-primary-20261009\books\ef1feb98ee3ea554\pages\0030.jpg;e3c5fff8359d1f8ee5abaef3ffcf34c3382d214978a32e1683b939eac72c7832;Ожидается;Просмотрена обзорно;Не завершена;Нет
ef1feb98ee3ea554-p0031-PAGE_CONTEXT;OBJ_2kl_Abroskina_rus_2024.pdf;31;D:\ai-brain-data\visual-lexicon\belarus-primary-20261009\books\ef1feb98ee3ea554\pages\0031.jpg;904813b84abaa9a7210b19d2f4f8007aec7d5722ae03e37e211db8545cde440b;Ожидается;Просмотрена обзорно;Не завершена;Нет
ef1feb98ee3ea554-p0032-PAGE_CONTEXT;OBJ_2kl_Abroskina_rus_2024.pdf;32;D:\ai-brain-data\visual-lexicon\belarus-primary-20261009\books\ef1feb98ee3ea554\pages\0032.jpg;d940bfda29993499f2cdedeb6a59f67d7ab98a7284e94a035784e53170b8dc6d;Ожидается;Просмотрена обзорно;Не завершена;Нет
ef1feb98ee3ea554-p0033-PAGE_CONTEXT;OBJ_2kl_Abroskina_rus_2024.pdf;33;D:\ai-brain-data\visual-lexicon\belarus-primary-20261009\books\ef1feb98ee3ea554\pages\0033.jpg;07529323c87c756daee20b1d86f3a64befea39c9be4e3e9e198d645a1f73bf50;Ожидается;Просмотрена обзорно;Не завершена;Нет
ef1feb98ee3ea554-p0034-PAGE_CONTEXT;OBJ_2kl_Abroskina_rus_2024.pdf;34;D:\ai-brain-data\visual-lexicon\belarus-primary-20261009\books\ef1feb98ee3ea554\pages\0034.jpg;23a10947b79131c007fe6ece4b00c2b358dcabd62675b9ca5b280c632997fdb5;Ожидается;Просмотрена обзорно;Не завершена;Нет
ef1feb98ee3ea554-p0035-PAGE_CONTEXT;OBJ_2kl_Abroskina_rus_2024.pdf;35;D:\ai-brain-data\visual-lexicon\belarus-primary-20261009\books\ef1feb98ee3ea554\pages\0035.jpg;f1f8706d42f661b524afb406b9ed7af9eeeb2b4177134873109dda8867fe5edc;Ожидается;Просмотрена обзорно;Не завершена;Нет
ef1feb98ee3ea554-p0036-PAGE_CONTEXT;OBJ_2kl_Abroskina_rus_2024.pdf;36;D:\ai-brain-data\visual-lexicon\belarus-primary-20261009\books\ef1feb98ee3ea554\pages\0036.jpg;f7a24ac9f7751adbc11f6c8a0913bd6116a5d0755fecd4bfa5081be7101e13d3;Ожидается;Просмотрена обзорно;Не завершена;Нет
ef1feb98ee3ea554-p0037-PAGE_CONTEXT;OBJ_2kl_Abroskina_rus_2024.pdf;37;D:\ai-brain-data\visual-lexicon\belarus-primary-20261009\books\ef1feb98ee3ea554\pages\0037.jpg;9ab58c3a8e3fed07c5cba48bce5e8eb81e319fec8f58da8886e1dbf024f38141;Просмотрено выборочно;Просмотрена обзорно;Не завершена;Нет
ef1feb98ee3ea554-p0038-PAGE_CONTEXT;OBJ_2kl_Abroskina_rus_2024.pdf;38;D:\ai-brain-data\visual-lexicon\belarus-primary-20261009\books\ef1feb98ee3ea554\pages\0038.jpg;728636ffea564572b996700a1b9925af73eec2eb6d692860b34b0fac1ac65744;Ожидается;Просмотрена обзорно;Не завершена;Нет
ef1feb98ee3ea554-p0039-PAGE_CONTEXT;OBJ_2kl_Abroskina_rus_2024.pdf;39;D:\ai-brain-data\visual-lexicon\belarus-primary-20261009\books\ef1feb98ee3ea554\pages\0039.jpg;d0afd0042d01f82e57d4c108bf6aa56683123a96d0831415bc491285a13812c8;Ожидается;Просмотрена обзорно;Не завершена;Нет
ef1feb98ee3ea554-p0040-PAGE_CONTEXT;OBJ_2kl_Abroskina_rus_2024.pdf;40;D:\ai-brain-data\visual-lexicon\belarus-primary-20261009\books\ef1feb98ee3ea554\pages\0040.jpg;6ba61804f0d123511c9dccc8ddcc47260d731762c49d6f43745a83777516f9fe;Ожидается;Просмотрена обзорно;Не завершена;Нет
ef1feb98ee3ea554-p0041-PAGE_CONTEXT;OBJ_2kl_Abroskina_rus_2024.pdf;41;D:\ai-brain-data\visual-lexicon\belarus-primary-20261009\books\ef1feb98ee3ea554\pages\0041.jpg;cdbf4d138c27e5d320118be8c6d0bd9f71e457d9d070ee57ecbb59b9762cd0a9;Ожидается;Просмотрена обзорно;Не завершена;Нет
ef1feb98ee3ea554-p0042-PAGE_CONTEXT;OBJ_2kl_Abroskina_rus_2024.pdf;42;D:\ai-brain-data\visual-lexicon\belarus-primary-20261009\books\ef1feb98ee3ea554\pages\0042.jpg;8a0badabc831dd413607b09f0064ad4c93780baf2f7aa0a65841ba8fcf0cddb3;Ожидается;Просмотрена обзорно;Не завершена;Нет
ef1feb98ee3ea554-p0043-PAGE_CONTEXT;OBJ_2kl_Abroskina_rus_2024.pdf;43;D:\ai-brain-data\visual-lexicon\belarus-primary-20261009\books\ef1feb98ee3ea554\pages\0043.jpg;8f69a0e580c7ed2b15d2b55f6b19ab6b55044fe1a6be0012ff79cd869d69f2fe;Ожидается;Просмотрена обзорно;Не завершена;Нет
ef1feb98ee3ea554-p0044-PAGE_CONTEXT;OBJ_2kl_Abroskina_rus_2024.pdf;44;D:\ai-brain-data\visual-lexicon\belarus-primary-20261009\books\ef1feb98ee3ea554\pages\0044.jpg;59f2c2b0373cb77d94ed7bcb449ffc74c57311451ac233ccb0cbd217dd1e25ad;Ожидается;Просмотрена обзорно;Не завершена;Нет
ef1feb98ee3ea554-p0045-PAGE_CONTEXT;OBJ_2kl_Abroskina_rus_2024.pdf;45;D:\ai-brain-data\visual-lexicon\belarus-primary-20261009\books\ef1feb98ee3ea554\pages\0045.jpg;dd98cfca502c98a581feec3b513c4762c1a098e57697559eafe99b29477c7925;Ожидается;Просмотрена обзорно;Не завершена;Нет
ef1feb98ee3ea554-p0046-PAGE_CONTEXT;OBJ_2kl_Abroskina_rus_2024.pdf;46;D:\ai-brain-data\visual-lexicon\belarus-primary-20261009\books\ef1feb98ee3ea554\pages\0046.jpg;c3df0b656f9dfb0615f1f1b664767ce1fb8ffc7cc3983ceea0f7ee3b145716fd;Ожидается;Просмотрена обзорно;Не завершена;Нет
ef1feb98ee3ea554-p0047-PAGE_CONTEXT;OBJ_2kl_Abroskina_rus_2024.pdf;47;D:\ai-brain-data\visual-lexicon\belarus-primary-20261009\books\ef1feb98ee3ea554\pages\0047.jpg;22de5a376aa2c72bef4f14d32d94b667204c499ff1dcccfa5ded1670a910c643;Ожидается;Просмотрена обзорно;Не завершена;Нет
ef1feb98ee3ea554-p0048-PAGE_CONTEXT;OBJ_2kl_Abroskina_rus_2024.pdf;48;D:\ai-brain-data\visual-lexicon\belarus-primary-20261009\books\ef1feb98ee3ea554\pages\0048.jpg;0da248027bb28a8f4a29e55b68aefdd32b1a95edd4dde79705c711227a822458;Ожидается;Просмотрена обзорно;Не завершена;Нет
ef1feb98ee3ea554-p0049-PAGE_CONTEXT;OBJ_2kl_Abroskina_rus_2024.pdf;49;D:\ai-brain-data\visual-lexicon\belarus-primary-20261009\books\ef1feb98ee3ea554\pages\0049.jpg;ba6662c7be129fe65ce6297d029cad3ffb98b8e6ec4f9524f6321cc6af3c1504;Ожидается;Просмотрена обзорно;Не завершена;Нет
ef1feb98ee3ea554-p0050-PAGE_CONTEXT;OBJ_2kl_Abroskina_rus_2024.pdf;50;D:\ai-brain-data\visual-lexicon\belarus-primary-20261009\books\ef1feb98ee3ea554\pages\0050.jpg;fc9220bd8990cc7212eb5a68b5c5346dc6f7338ffddd25d7baf12e650440298f;Ожидается;Просмотрена обзорно;Не завершена;Нет
ef1feb98ee3ea554-p0051-PAGE_CONTEXT;OBJ_2kl_Abroskina_rus_2024.pdf;51;D:\ai-brain-data\visual-lexicon\belarus-primary-20261009\books\ef1feb98ee3ea554\pages\0051.jpg;df9e83a92eef828a2edb21db629bccf3fc0fc25bc121cd04f62eaa094c5d4458;Ожидается;Просмотрена обзорно;Не завершена;Нет
ef1feb98ee3ea554-p0052-PAGE_CONTEXT;OBJ_2kl_Abroskina_rus_2024.pdf;52;D:\ai-brain-data\visual-lexicon\belarus-primary-20261009\books\ef1feb98ee3ea554\pages\0052.jpg;867c3a1e6347bfd141f98abb718681b73fad6ede68ec36767997aeac7f7a4608;Ожидается;Просмотрена обзорно;Не завершена;Нет
ef1feb98ee3ea554-p0053-PAGE_CONTEXT;OBJ_2kl_Abroskina_rus_2024.pdf;53;D:\ai-brain-data\visual-lexicon\belarus-primary-20261009\books\ef1feb98ee3ea554\pages\0053.jpg;7ee7b09ae1f6b6a8afa4642b15dc4c5c5902a56b601e829d21b0441bf296f52b;Ожидается;Просмотрена обзорно;Не завершена;Нет
ef1feb98ee3ea554-p0054-PAGE_CONTEXT;OBJ_2kl_Abroskina_rus_2024.pdf;54;D:\ai-brain-data\visual-lexicon\belarus-primary-20261009\books\ef1feb98ee3ea554\pages\0054.jpg;21d5b5c7f25c26f2752817270a1a4a9526ca2644fcff7dc38c89f52d8c4c01fd;Ожидается;Просмотрена обзорно;Не завершена;Нет
ef1feb98ee3ea554-p0055-PAGE_CONTEXT;OBJ_2kl_Abroskina_rus_2024.pdf;55;D:\ai-brain-data\visual-lexicon\belarus-primary-20261009\books\ef1feb98ee3ea554\pages\0055.jpg;791b5e73d1f6f04815947b5db8d4648bb8e230d5683256c9ea670d2774b2f861;Ожидается;Просмотрена обзорно;Не завершена;Нет
ef1feb98ee3ea554-p0056-PAGE_CONTEXT;OBJ_2kl_Abroskina_rus_2024.pdf;56;D:\ai-brain-data\visual-lexicon\belarus-primary-20261009\books\ef1feb98ee3ea554\pages\0056.jpg;543e9e9cfc884efa57085c009055002a393f75760ed53b6ab750312db8af2fd6;Ожидается;Просмотрена обзорно;Не завершена;Нет
ef1feb98ee3ea554-p0057-PAGE_CONTEXT;OBJ_2kl_Abroskina_rus_2024.pdf;57;D:\ai-brain-data\visual-lexicon\belarus-primary-20261009\books\ef1feb98ee3ea554\pages\0057.jpg;861a880d8f468e4015d7bdd21a89238cfa6f6735c523fade680bbd5fea2cf141;Ожидается;Просмотрена обзорно;Не завершена;Нет
ef1feb98ee3ea554-p0058-PAGE_CONTEXT;OBJ_2kl_Abroskina_rus_2024.pdf;58;D:\ai-brain-data\visual-lexicon\belarus-primary-20261009\books\ef1feb98ee3ea554\pages\0058.jpg;b728f72f30ccc0201ade60ab843119a656010964463ef089af2cc61588a99500;Ожидается;Просмотрена обзорно;Не завершена;Нет
ef1feb98ee3ea554-p0059-PAGE_CONTEXT;OBJ_2kl_Abroskina_rus_2024.pdf;59;D:\ai-brain-data\visual-lexicon\belarus-primary-20261009\books\ef1feb98ee3ea554\pages\0059.jpg;1ef8ecacfb49ad2942ed2dd7e02e3060b708774ca5f88d307f9ee926384c87d5;Ожидается;Просмотрена обзорно;Не завершена;Нет
ef1feb98ee3ea554-p0060-PAGE_CONTEXT;OBJ_2kl_Abroskina_rus_2024.pdf;60;D:\ai-brain-data\visual-lexicon\belarus-primary-20261009\books\ef1feb98ee3ea554\pages\0060.jpg;8bfd53d0afa4d699d36fbe7a3242520d7e744bf25a89130e955e3641c72b70c0;Ожидается;Просмотрена обзорно;Не завершена;Нет
ef1feb98ee3ea554-p0061-PAGE_CONTEXT;OBJ_2kl_Abroskina_rus_2024.pdf;61;D:\ai-brain-data\visual-lexicon\belarus-primary-20261009\books\ef1feb98ee3ea554\pages\0061.jpg;8b0e9ced1103cdd93f62a2478273a6c1f85dd5fefa47fd9a57a25494422a3d0b;Ожидается;Просмотрена обзорно;Не завершена;Нет
ef1feb98ee3ea554-p0062-PAGE_CONTEXT;OBJ_2kl_Abroskina_rus_2024.pdf;62;D:\ai-brain-data\visual-lexicon\belarus-primary-20261009\books\ef1feb98ee3ea554\pages\0062.jpg;3dad9e8d6bcf3f0babdeaadffd67438679bc2d18403af74b1026413979330d06;Ожидается;Просмотрена обзорно;Не завершена;Нет
ef1feb98ee3ea554-p0063-PAGE_CONTEXT;OBJ_2kl_Abroskina_rus_2024.pdf;63;D:\ai-brain-data\visual-lexicon\belarus-primary-20261009\books\ef1feb98ee3ea554\pages\0063.jpg;9e710e55d4e1fb45b961fce0be1ffafeb8651a1f65dc4a1401431ffd8d8b5f63;Ожидается;Просмотрена обзорно;Не завершена;Нет
ef1feb98ee3ea554-p0064-PAGE_CONTEXT;OBJ_2kl_Abroskina_rus_2024.pdf;64;D:\ai-brain-data\visual-lexicon\belarus-primary-20261009\books\ef1feb98ee3ea554\pages\0064.jpg;c8cb466b709607dcfe8578c043f5d8e4518b91e7bbbecda704992b327ba6e3e6;Ожидается;Просмотрена обзорно;Не завершена;Нет
ef1feb98ee3ea554-p0065-PAGE_CONTEXT;OBJ_2kl_Abroskina_rus_2024.pdf;65;D:\ai-brain-data\visual-lexicon\belarus-primary-20261009\books\ef1feb98ee3ea554\pages\0065.jpg;c3e629dcdf766824c3bf2de8339d2281fe702da7667a5ef4d7ed72f38ce9f326;Ожидается;Просмотрена обзорно;Не завершена;Нет
ef1feb98ee3ea554-p0066-PAGE_CONTEXT;OBJ_2kl_Abroskina_rus_2024.pdf;66;D:\ai-brain-data\visual-lexicon\belarus-primary-20261009\books\ef1feb98ee3ea554\pages\0066.jpg;868499c7a31b011bc20e4fab30fddc55985286effa9a9d72e1c57aab3d386287;Ожидается;Просмотрена обзорно;Не завершена;Нет
ef1feb98ee3ea554-p0067-PAGE_CONTEXT;OBJ_2kl_Abroskina_rus_2024.pdf;67;D:\ai-brain-data\visual-lexicon\belarus-primary-20261009\books\ef1feb98ee3ea554\pages\0067.jpg;f3a55ca3ed0fd6d718e26b5a4d9f0a53f5d068b733cc2782761b3f5b1b63fcd2;Ожидается;Просмотрена обзорно;Не завершена;Нет
ef1feb98ee3ea554-p0068-PAGE_CONTEXT;OBJ_2kl_Abroskina_rus_2024.pdf;68;D:\ai-brain-data\visual-lexicon\belarus-primary-20261009\books\ef1feb98ee3ea554\pages\0068.jpg;65ec512c52cb8cf8152dabcca6cf70ff2bd651397622c8411c617bf85a912d3f;Ожидается;Просмотрена обзорно;Не завершена;Нет
ef1feb98ee3ea554-p0069-PAGE_CONTEXT;OBJ_2kl_Abroskina_rus_2024.pdf;69;D:\ai-brain-data\visual-lexicon\belarus-primary-20261009\books\ef1feb98ee3ea554\pages\0069.jpg;788a503f7a93f55bab957103d7135c4184bac1fc3ac622646e9b071c17990b8c;Ожидается;Просмотрена обзорно;Не завершена;Нет
ef1feb98ee3ea554-p0070-PAGE_CONTEXT;OBJ_2kl_Abroskina_rus_2024.pdf;70;D:\ai-brain-data\visual-lexicon\belarus-primary-20261009\books\ef1feb98ee3ea554\pages\0070.jpg;c40f1ca6e95e8bfc6bd2bce68616f913cf6ea472073ae022021d01c308cc5fe1;Ожидается;Просмотрена обзорно;Не завершена;Нет
ef1feb98ee3ea554-p0071-PAGE_CONTEXT;OBJ_2kl_Abroskina_rus_2024.pdf;71;D:\ai-brain-data\visual-lexicon\belarus-primary-20261009\books\ef1feb98ee3ea554\pages\0071.jpg;6326ad25b31a05c873aeaa39df60f044fec34e3e4609b4c8a0db33b465087f6e;Ожидается;Просмотрена обзорно;Не завершена;Нет
ef1feb98ee3ea554-p0072-PAGE_CONTEXT;OBJ_2kl_Abroskina_rus_2024.pdf;72;D:\ai-brain-data\visual-lexicon\belarus-primary-20261009\books\ef1feb98ee3ea554\pages\0072.jpg;ee931b128db30e7b5096dd9e947ca9368cb7b12ea1d41961d2a2a37d9b50d00c;Ожидается;Просмотрена обзорно;Не завершена;Нет
ef1feb98ee3ea554-p0073-PAGE_CONTEXT;OBJ_2kl_Abroskina_rus_2024.pdf;73;D:\ai-brain-data\visual-lexicon\belarus-primary-20261009\books\ef1feb98ee3ea554\pages\0073.jpg;4510d1592c26a8b5820a1e8e467a63903e0761418d73937c260acfa8ee2b7368;Ожидается;Просмотрена обзорно;Не завершена;Нет
ef1feb98ee3ea554-p0074-PAGE_CONTEXT;OBJ_2kl_Abroskina_rus_2024.pdf;74;D:\ai-brain-data\visual-lexicon\belarus-primary-20261009\books\ef1feb98ee3ea554\pages\0074.jpg;e15b07618c38a84d6af0468a8c4c885f13462066bcc74be7b1fbb1511c09a403;Ожидается;Просмотрена обзорно;Не завершена;Нет
ef1feb98ee3ea554-p0075-PAGE_CONTEXT;OBJ_2kl_Abroskina_rus_2024.pdf;75;D:\ai-brain-data\visual-lexicon\belarus-primary-20261009\books\ef1feb98ee3ea554\pages\0075.jpg;aec4bfc9320d7a4cf673a42227ca2d581b1dcd55040ae3b5fadbb15adb2630ea;Просмотрено выборочно;Просмотрена обзорно;Не завершена;Нет
ef1feb98ee3ea554-p0076-PAGE_CONTEXT;OBJ_2kl_Abroskina_rus_2024.pdf;76;D:\ai-brain-data\visual-lexicon\belarus-primary-20261009\books\ef1feb98ee3ea554\pages\0076.jpg;3afa50ff2d6ac212fac563f5ba48b714c3b2f188f66747b788356df2d7014b50;Ожидается;Просмотрена обзорно;Не завершена;Нет
ef1feb98ee3ea554-p0077-PAGE_CONTEXT;OBJ_2kl_Abroskina_rus_2024.pdf;77;D:\ai-brain-data\visual-lexicon\belarus-primary-20261009\books\ef1feb98ee3ea554\pages\0077.jpg;b354867947d155ab4458fb043f06222b5861370338676612ebaeb34282d394a1;Ожидается;Просмотрена обзорно;Не завершена;Нет
ef1feb98ee3ea554-p0078-PAGE_CONTEXT;OBJ_2kl_Abroskina_rus_2024.pdf;78;D:\ai-brain-data\visual-lexicon\belarus-primary-20261009\books\ef1feb98ee3ea554\pages\0078.jpg;4b7d007886c945f0e55bf8e31904f4ccb859efd95e3de7c5250d687ed2d58bba;Ожидается;Просмотрена обзорно;Не завершена;Нет
ef1feb98ee3ea554-p0079-PAGE_CONTEXT;OBJ_2kl_Abroskina_rus_2024.pdf;79;D:\ai-brain-data\visual-lexicon\belarus-primary-20261009\books\ef1feb98ee3ea554\pages\0079.jpg;1cb761703166318b1fc953577848d0f79fe9f8639c770143a86a8374b4547fb5;Ожидается;Просмотрена обзорно;Не завершена;Нет
ef1feb98ee3ea554-p0080-PAGE_CONTEXT;OBJ_2kl_Abroskina_rus_2024.pdf;80;D:\ai-brain-data\visual-lexicon\belarus-primary-20261009\books\ef1feb98ee3ea554\pages\0080.jpg;d33fccffdd1e7ad672717142cce1d323ca29e8796798a2f49fa733b9bbd63d4f;Ожидается;Просмотрена обзорно;Не завершена;Нет
ef1feb98ee3ea554-p0081-PAGE_CONTEXT;OBJ_2kl_Abroskina_rus_2024.pdf;81;D:\ai-brain-data\visual-lexicon\belarus-primary-20261009\books\ef1feb98ee3ea554\pages\0081.jpg;66f48f54ac15a5f8d11715459e852d19e45c656285baf05b593bb3f3e54bb7f9;Ожидается;Просмотрена обзорно;Не завершена;Нет
ef1feb98ee3ea554-p0082-PAGE_CONTEXT;OBJ_2kl_Abroskina_rus_2024.pdf;82;D:\ai-brain-data\visual-lexicon\belarus-primary-20261009\books\ef1feb98ee3ea554\pages\0082.jpg;3c940ac5ac90401c636b5e145914efe5c5b0c46a8d1818a4b4cb5f5f47493613;Ожидается;Просмотрена обзорно;Не завершена;Нет
ef1feb98ee3ea554-p0083-PAGE_CONTEXT;OBJ_2kl_Abroskina_rus_2024.pdf;83;D:\ai-brain-data\visual-lexicon\belarus-primary-20261009\books\ef1feb98ee3ea554\pages\0083.jpg;992de0d5fa903065b8bf00ca466411d269953c6cd6a1a2fa7323a4a91016844d;Ожидается;Просмотрена обзорно;Не завершена;Нет
ef1feb98ee3ea554-p0084-PAGE_CONTEXT;OBJ_2kl_Abroskina_rus_2024.pdf;84;D:\ai-brain-data\visual-lexicon\belarus-primary-20261009\books\ef1feb98ee3ea554\pages\0084.jpg;2fd211791eb3b06613bf10c7c4b3cc4b4cc99f187fceccc2db3b362cbf50162c;Ожидается;Просмотрена обзорно;Не завершена;Нет
ef1feb98ee3ea554-p0085-PAGE_CONTEXT;OBJ_2kl_Abroskina_rus_2024.pdf;85;D:\ai-brain-data\visual-lexicon\belarus-primary-20261009\books\ef1feb98ee3ea554\pages\0085.jpg;f8cde28f7bd82d117e2abb61ebcb25a64791300e80c07cf6b642ad8cf6348b7b;Ожидается;Просмотрена обзорно;Не завершена;Нет
ef1feb98ee3ea554-p0086-PAGE_CONTEXT;OBJ_2kl_Abroskina_rus_2024.pdf;86;D:\ai-brain-data\visual-lexicon\belarus-primary-20261009\books\ef1feb98ee3ea554\pages\0086.jpg;ccc65950ddb1f29b01416ac0102c1b7517cf20a474d72452c587c546f5cd3f16;Ожидается;Просмотрена обзорно;Не завершена;Нет
ef1feb98ee3ea554-p0087-PAGE_CONTEXT;OBJ_2kl_Abroskina_rus_2024.pdf;87;D:\ai-brain-data\visual-lexicon\belarus-primary-20261009\books\ef1feb98ee3ea554\pages\0087.jpg;5b03a57b25b9d0f237e129b594a1f6f85c97fbfa6142c85e5f4c4bd3d5f8201c;Ожидается;Просмотрена обзорно;Не завершена;Нет
ef1feb98ee3ea554-p0088-PAGE_CONTEXT;OBJ_2kl_Abroskina_rus_2024.pdf;88;D:\ai-brain-data\visual-lexicon\belarus-primary-20261009\books\ef1feb98ee3ea554\pages\0088.jpg;70885c6539cf281f35c3ee9cdcdb82cfb23e0e1e30c734f4bee7bb22226bb2e8;Ожидается;Просмотрена обзорно;Не завершена;Нет
ef1feb98ee3ea554-p0089-PAGE_CONTEXT;OBJ_2kl_Abroskina_rus_2024.pdf;89;D:\ai-brain-data\visual-lexicon\belarus-primary-20261009\books\ef1feb98ee3ea554\pages\0089.jpg;f1c1e44ddc41f5f9156d049883a99cb6d757cf00ef7079377e4ac794b2ee1607;Ожидается;Просмотрена обзорно;Не завершена;Нет
ef1feb98ee3ea554-p0090-PAGE_CONTEXT;OBJ_2kl_Abroskina_rus_2024.pdf;90;D:\ai-brain-data\visual-lexicon\belarus-primary-20261009\books\ef1feb98ee3ea554\pages\0090.jpg;4c1cb52823c97da2ce0fbdbe1f30d93797fe4eca0c46a3f81937348d02883732;Ожидается;Просмотрена обзорно;Не завершена;Нет
ef1feb98ee3ea554-p0091-PAGE_CONTEXT;OBJ_2kl_Abroskina_rus_2024.pdf;91;D:\ai-brain-data\visual-lexicon\belarus-primary-20261009\books\ef1feb98ee3ea554\pages\0091.jpg;183228f3183a5138755da69eef1f9cdd25c5bded54f8942a64d977e61123837d;Ожидается;Просмотрена обзорно;Не завершена;Нет
ef1feb98ee3ea554-p0092-PAGE_CONTEXT;OBJ_2kl_Abroskina_rus_2024.pdf;92;D:\ai-brain-data\visual-lexicon\belarus-primary-20261009\books\ef1feb98ee3ea554\pages\0092.jpg;2629d520c354bf5e710d23ff2f4e76740b78000d7b6070a59533265bd20beb25;Ожидается;Просмотрена обзорно;Не завершена;Нет
ef1feb98ee3ea554-p0093-PAGE_CONTEXT;OBJ_2kl_Abroskina_rus_2024.pdf;93;D:\ai-brain-data\visual-lexicon\belarus-primary-20261009\books\ef1feb98ee3ea554\pages\0093.jpg;e57450154791bca0e4c76b96aa8331423e1286a149b1477853dfb2fd6e937bd6;Ожидается;Просмотрена обзорно;Не завершена;Нет
ef1feb98ee3ea554-p0094-PAGE_CONTEXT;OBJ_2kl_Abroskina_rus_2024.pdf;94;D:\ai-brain-data\visual-lexicon\belarus-primary-20261009\books\ef1feb98ee3ea554\pages\0094.jpg;ad4092864eee064446879c5d40c2431f5b350c0ffae21f8a70d4c5636819252d;Ожидается;Просмотрена обзорно;Не завершена;Нет
ef1feb98ee3ea554-p0095-PAGE_CONTEXT;OBJ_2kl_Abroskina_rus_2024.pdf;95;D:\ai-brain-data\visual-lexicon\belarus-primary-20261009\books\ef1feb98ee3ea554\pages\0095.jpg;3dd1388f600f6985942aa2668a7be53bd760a9ba31f596b50570ed64f529200d;Ожидается;Просмотрена обзорно;Не завершена;Нет
ef1feb98ee3ea554-p0096-PAGE_CONTEXT;OBJ_2kl_Abroskina_rus_2024.pdf;96;D:\ai-brain-data\visual-lexicon\belarus-primary-20261009\books\ef1feb98ee3ea554\pages\0096.jpg;26291ff4ce7fe43be0b489f8b5f9c9fd4e5015fc7898a13aae7ae59506999745;Ожидается;Просмотрена обзорно;Не завершена;Нет
ef1feb98ee3ea554-p0097-PAGE_CONTEXT;OBJ_2kl_Abroskina_rus_2024.pdf;97;D:\ai-brain-data\visual-lexicon\belarus-primary-20261009\books\ef1feb98ee3ea554\pages\0097.jpg;6aaa3966e29602360966bbb398a863d8369a47db8b1203fd64ce1033111739c4;Ожидается;Просмотрена обзорно;Не завершена;Нет
ef1feb98ee3ea554-p0098-PAGE_CONTEXT;OBJ_2kl_Abroskina_rus_2024.pdf;98;D:\ai-brain-data\visual-lexicon\belarus-primary-20261009\books\ef1feb98ee3ea554\pages\0098.jpg;b5b78c94fb79e4b117d9e434b484fa9e206d2c89d3168f3f2297e0bba7f5f16b;Ожидается;Просмотрена обзорно;Не завершена;Нет
ef1feb98ee3ea554-p0099-PAGE_CONTEXT;OBJ_2kl_Abroskina_rus_2024.pdf;99;D:\ai-brain-data\visual-lexicon\belarus-primary-20261009\books\ef1feb98ee3ea554\pages\0099.jpg;c97259c3d8e729382e48fefad1c4b3c915217c584e073c5c505930f8d979c4a1;Ожидается;Просмотрена обзорно;Не завершена;Нет
ef1feb98ee3ea554-p0100-PAGE_CONTEXT;OBJ_2kl_Abroskina_rus_2024.pdf;100;D:\ai-brain-data\visual-lexicon\belarus-primary-20261009\books\ef1feb98ee3ea554\pages\0100.jpg;5b6e1f8b27f629f4aeb6c566d7172cf9388c7d396a59e85bbad276d659e22274;Ожидается;Просмотрена обзорно;Не завершена;Нет
ef1feb98ee3ea554-p0101-PAGE_CONTEXT;OBJ_2kl_Abroskina_rus_2024.pdf;101;D:\ai-brain-data\visual-lexicon\belarus-primary-20261009\books\ef1feb98ee3ea554\pages\0101.jpg;a1cbedebe6b44d3a50dbdf6164e052b67268b7bae58b4cf908d7ff11080eda6f;Ожидается;Просмотрена обзорно;Не завершена;Нет
ef1feb98ee3ea554-p0102-PAGE_CONTEXT;OBJ_2kl_Abroskina_rus_2024.pdf;102;D:\ai-brain-data\visual-lexicon\belarus-primary-20261009\books\ef1feb98ee3ea554\pages\0102.jpg;9ab719abf983a5ba83fee4904571c0ccd93921040f518d870db381c147f7a49a;Ожидается;Просмотрена обзорно;Не завершена;Нет
ef1feb98ee3ea554-p0103-PAGE_CONTEXT;OBJ_2kl_Abroskina_rus_2024.pdf;103;D:\ai-brain-data\visual-lexicon\belarus-primary-20261009\books\ef1feb98ee3ea554\pages\0103.jpg;3121ec2d29221dfdcfa9d6b5d31aa9a0d63d83deca80895704024b74769c71ac;Ожидается;Просмотрена обзорно;Не завершена;Нет
ef1feb98ee3ea554-p0104-PAGE_CONTEXT;OBJ_2kl_Abroskina_rus_2024.pdf;104;D:\ai-brain-data\visual-lexicon\belarus-primary-20261009\books\ef1feb98ee3ea554\pages\0104.jpg;0a5caa57fe63e1b6993e783ee0c89bdba48631e863046940fdc21ccaca421cbd;Ожидается;Просмотрена обзорно;Не завершена;Нет
ef1feb98ee3ea554-p0105-PAGE_CONTEXT;OBJ_2kl_Abroskina_rus_2024.pdf;105;D:\ai-brain-data\visual-lexicon\belarus-primary-20261009\books\ef1feb98ee3ea554\pages\0105.jpg;1cc082f35b10e4ebaccfe20d10d3b5661822bd305f15e66491cb9a12b92c0a56;Ожидается;Просмотрена обзорно;Не завершена;Нет
ef1feb98ee3ea554-p0106-PAGE_CONTEXT;OBJ_2kl_Abroskina_rus_2024.pdf;106;D:\ai-brain-data\visual-lexicon\belarus-primary-20261009\books\ef1feb98ee3ea554\pages\0106.jpg;0e0bbb0b3ae2e4c7c7e238a2c472da7f81550ced37aba878581e7703b5c10804;Ожидается;Просмотрена обзорно;Не завершена;Нет
ef1feb98ee3ea554-p0107-PAGE_CONTEXT;OBJ_2kl_Abroskina_rus_2024.pdf;107;D:\ai-brain-data\visual-lexicon\belarus-primary-20261009\books\ef1feb98ee3ea554\pages\0107.jpg;7d6cc597ae82e258038d802b480b5d3b05d7c44084866a72f87959e13072749a;Ожидается;Просмотрена обзорно;Не завершена;Нет
ef1feb98ee3ea554-p0108-PAGE_CONTEXT;OBJ_2kl_Abroskina_rus_2024.pdf;108;D:\ai-brain-data\visual-lexicon\belarus-primary-20261009\books\ef1feb98ee3ea554\pages\0108.jpg;92b08724080a402528cd4c0f076a51bef1f2c5336817843e5d62458703cb4a95;Ожидается;Просмотрена обзорно;Не завершена;Нет
ef1feb98ee3ea554-p0109-PAGE_CONTEXT;OBJ_2kl_Abroskina_rus_2024.pdf;109;D:\ai-brain-data\visual-lexicon\belarus-primary-20261009\books\ef1feb98ee3ea554\pages\0109.jpg;722a7e0e9e61e8004c163abaf2dd390f366c94a265e2020cda294ab62c80ebd0;Ожидается;Просмотрена обзорно;Не завершена;Нет
ef1feb98ee3ea554-p0110-PAGE_CONTEXT;OBJ_2kl_Abroskina_rus_2024.pdf;110;D:\ai-brain-data\visual-lexicon\belarus-primary-20261009\books\ef1feb98ee3ea554\pages\0110.jpg;3d2149549e5d819ba0a1b829a6507ea2a0e6b2b7e8a3ffde7c92421b6402bfd9;Ожидается;Просмотрена обзорно;Не завершена;Нет
ef1feb98ee3ea554-p0111-PAGE_CONTEXT;OBJ_2kl_Abroskina_rus_2024.pdf;111;D:\ai-brain-data\visual-lexicon\belarus-primary-20261009\books\ef1feb98ee3ea554\pages\0111.jpg;15259e3cd38fe0e82156525239e83333382373eb57d552ff33c21d716933e8ac;Ожидается;Просмотрена обзорно;Не завершена;Нет
ef1feb98ee3ea554-p0112-PAGE_CONTEXT;OBJ_2kl_Abroskina_rus_2024.pdf;112;D:\ai-brain-data\visual-lexicon\belarus-primary-20261009\books\ef1feb98ee3ea554\pages\0112.jpg;abacd6c770a354319c7cd2e35c97ad308f5ea849a3faf24c2f1f073400714ff1;Просмотрено выборочно;Просмотрена обзорно;Не завершена;Нет
ef1feb98ee3ea554-p0113-PAGE_CONTEXT;OBJ_2kl_Abroskina_rus_2024.pdf;113;D:\ai-brain-data\visual-lexicon\belarus-primary-20261009\books\ef1feb98ee3ea554\pages\0113.jpg;ad56b0b09e3d28d03527cf3d063f0c1f0e86741b169df2d9d0ac3c87613df6ea;Ожидается;Просмотрена обзорно;Не завершена;Нет
ef1feb98ee3ea554-p0114-PAGE_CONTEXT;OBJ_2kl_Abroskina_rus_2024.pdf;114;D:\ai-brain-data\visual-lexicon\belarus-primary-20261009\books\ef1feb98ee3ea554\pages\0114.jpg;34f761d5bdc5d3b34e7eba2bc55cc44a98d1bdba6fc7be47967153101bc339de;Ожидается;Просмотрена обзорно;Не завершена;Нет
ef1feb98ee3ea554-p0115-PAGE_CONTEXT;OBJ_2kl_Abroskina_rus_2024.pdf;115;D:\ai-brain-data\visual-lexicon\belarus-primary-20261009\books\ef1feb98ee3ea554\pages\0115.jpg;334672e5b5632713bb92a3dd1927b12b26ef5126c9773f652c045b67cae1fd30;Ожидается;Просмотрена обзорно;Не завершена;Нет
ef1feb98ee3ea554-p0116-PAGE_CONTEXT;OBJ_2kl_Abroskina_rus_2024.pdf;116;D:\ai-brain-data\visual-lexicon\belarus-primary-20261009\books\ef1feb98ee3ea554\pages\0116.jpg;a849a67de6608125ff17129bb984bd662f3801670f2fa65c2be4c851ded288b4;Ожидается;Просмотрена обзорно;Не завершена;Нет
ef1feb98ee3ea554-p0117-PAGE_CONTEXT;OBJ_2kl_Abroskina_rus_2024.pdf;117;D:\ai-brain-data\visual-lexicon\belarus-primary-20261009\books\ef1feb98ee3ea554\pages\0117.jpg;708fd09568064a860f2c22b573f451e25ae85d39546d7e05ac126a916d5ffb9b;Ожидается;Просмотрена обзорно;Не завершена;Нет
ef1feb98ee3ea554-p0118-PAGE_CONTEXT;OBJ_2kl_Abroskina_rus_2024.pdf;118;D:\ai-brain-data\visual-lexicon\belarus-primary-20261009\books\ef1feb98ee3ea554\pages\0118.jpg;452ecf008389f60b74a289037fafadf39a062719c8eb2e0e996376f9e6bf893d;Ожидается;Просмотрена обзорно;Не завершена;Нет
ef1feb98ee3ea554-p0119-PAGE_CONTEXT;OBJ_2kl_Abroskina_rus_2024.pdf;119;D:\ai-brain-data\visual-lexicon\belarus-primary-20261009\books\ef1feb98ee3ea554\pages\0119.jpg;84f67e014acf5bcd980d30414a4556a2bf13c8c0087ce7cab661e06600800ae9;Ожидается;Просмотрена обзорно;Не завершена;Нет
ef1feb98ee3ea554-p0120-PAGE_CONTEXT;OBJ_2kl_Abroskina_rus_2024.pdf;120;D:\ai-brain-data\visual-lexicon\belarus-primary-20261009\books\ef1feb98ee3ea554\pages\0120.jpg;6cc23c1575e8a921353ee170a19d67dd417557f1238c023399fa1a10571a40be;Ожидается;Просмотрена обзорно;Не завершена;Нет
ef1feb98ee3ea554-p0121-PAGE_CONTEXT;OBJ_2kl_Abroskina_rus_2024.pdf;121;D:\ai-brain-data\visual-lexicon\belarus-primary-20261009\books\ef1feb98ee3ea554\pages\0121.jpg;54c2360085f24cab929b42aa0188782ddf6cbb0d6817e10eeea8ef5cf2ad9a71;Ожидается;Просмотрена обзорно;Не завершена;Нет
ef1feb98ee3ea554-p0122-PAGE_CONTEXT;OBJ_2kl_Abroskina_rus_2024.pdf;122;D:\ai-brain-data\visual-lexicon\belarus-primary-20261009\books\ef1feb98ee3ea554\pages\0122.jpg;ebe1c463fde6cf02b714797569b4719bbaa516ad9a6af65a90686c1929673730;Ожидается;Просмотрена обзорно;Не завершена;Нет
ef1feb98ee3ea554-p0123-PAGE_CONTEXT;OBJ_2kl_Abroskina_rus_2024.pdf;123;D:\ai-brain-data\visual-lexicon\belarus-primary-20261009\books\ef1feb98ee3ea554\pages\0123.jpg;e43ce3f0d3c9f49d4f7344edb44853cb9e9e93825be86519c9cd5b4e0e5e54e0;Ожидается;Просмотрена обзорно;Не завершена;Нет
ef1feb98ee3ea554-p0124-PAGE_CONTEXT;OBJ_2kl_Abroskina_rus_2024.pdf;124;D:\ai-brain-data\visual-lexicon\belarus-primary-20261009\books\ef1feb98ee3ea554\pages\0124.jpg;5eca8bb29b1adf6bc77addb21e747a1a3de4afdfe32fdec00e6c4442f3380303;Ожидается;Просмотрена обзорно;Не завершена;Нет
ef1feb98ee3ea554-p0125-PAGE_CONTEXT;OBJ_2kl_Abroskina_rus_2024.pdf;125;D:\ai-brain-data\visual-lexicon\belarus-primary-20261009\books\ef1feb98ee3ea554\pages\0125.jpg;4c418d24b14ee408be4c6dcf810dec3d78f6436880fc1c63c8dd934ceecd240f;Ожидается;Просмотрена обзорно;Не завершена;Нет
ef1feb98ee3ea554-p0126-PAGE_CONTEXT;OBJ_2kl_Abroskina_rus_2024.pdf;126;D:\ai-brain-data\visual-lexicon\belarus-primary-20261009\books\ef1feb98ee3ea554\pages\0126.jpg;00d33ec702b84df2c3e35854d256c86e7c97e4494a68d81428d4d0d6aecc1f2d;Ожидается;Просмотрена обзорно;Не завершена;Нет
ef1feb98ee3ea554-p0127-PAGE_CONTEXT;OBJ_2kl_Abroskina_rus_2024.pdf;127;D:\ai-brain-data\visual-lexicon\belarus-primary-20261009\books\ef1feb98ee3ea554\pages\0127.jpg;18768fbf9f811ab88ee695a8c065785912660681e850c9b0716e65f3bbe1917c;Ожидается;Просмотрена обзорно;Не завершена;Нет
ef1feb98ee3ea554-p0128-PAGE_CONTEXT;OBJ_2kl_Abroskina_rus_2024.pdf;128;D:\ai-brain-data\visual-lexicon\belarus-primary-20261009\books\ef1feb98ee3ea554\pages\0128.jpg;062e94ac6f9b906324931a884f5a66d9a859814d9de0e73db9507e7e12c52bf9;Ожидается;Просмотрена обзорно;Не завершена;Нет
ef1feb98ee3ea554-p0129-PAGE_CONTEXT;OBJ_2kl_Abroskina_rus_2024.pdf;129;D:\ai-brain-data\visual-lexicon\belarus-primary-20261009\books\ef1feb98ee3ea554\pages\0129.jpg;40803c05788ba0fe2c4640b15a529fe241541fa2d983442013454f0ce05e67cc;Ожидается;Просмотрена обзорно;Не завершена;Нет
ef1feb98ee3ea554-p0130-PAGE_CONTEXT;OBJ_2kl_Abroskina_rus_2024.pdf;130;D:\ai-brain-data\visual-lexicon\belarus-primary-20261009\books\ef1feb98ee3ea554\pages\0130.jpg;08ff83f11018889d18bee5b5b6ed39bb65005e1ff081de689843478912a44a9c;Ожидается;Просмотрена обзорно;Не завершена;Нет
ef1feb98ee3ea554-p0131-PAGE_CONTEXT;OBJ_2kl_Abroskina_rus_2024.pdf;131;D:\ai-brain-data\visual-lexicon\belarus-primary-20261009\books\ef1feb98ee3ea554\pages\0131.jpg;bdd869b79ac19358986a20b69d1a890d25276c6df1afbaf1e7bdb67a55739b1d;Ожидается;Просмотрена обзорно;Не завершена;Нет
ef1feb98ee3ea554-p0132-PAGE_CONTEXT;OBJ_2kl_Abroskina_rus_2024.pdf;132;D:\ai-brain-data\visual-lexicon\belarus-primary-20261009\books\ef1feb98ee3ea554\pages\0132.jpg;c9a57f39316085b422aed9f6298b49050dedd59fd4a3704d8eb6dec86bc1b29a;Ожидается;Просмотрена обзорно;Не завершена;Нет
ef1feb98ee3ea554-p0133-PAGE_CONTEXT;OBJ_2kl_Abroskina_rus_2024.pdf;133;D:\ai-brain-data\visual-lexicon\belarus-primary-20261009\books\ef1feb98ee3ea554\pages\0133.jpg;9c63cb7c17eecad36be8651a971a1de1e6e06238e1cb297a55cc569d606a7c8f;Ожидается;Просмотрена обзорно;Не завершена;Нет
ef1feb98ee3ea554-p0134-PAGE_CONTEXT;OBJ_2kl_Abroskina_rus_2024.pdf;134;D:\ai-brain-data\visual-lexicon\belarus-primary-20261009\books\ef1feb98ee3ea554\pages\0134.jpg;6bf95355c98732b47f790b92748e2fd931fdd5c95d05056dfdab56435da6f56f;Ожидается;Просмотрена обзорно;Не завершена;Нет
ef1feb98ee3ea554-p0135-PAGE_CONTEXT;OBJ_2kl_Abroskina_rus_2024.pdf;135;D:\ai-brain-data\visual-lexicon\belarus-primary-20261009\books\ef1feb98ee3ea554\pages\0135.jpg;ba4722785b18b59e57a0fd6e14c9e69a1c791b3ff1492f848951cd97ace45cb6;Ожидается;Просмотрена обзорно;Не завершена;Нет
ef1feb98ee3ea554-p0136-PAGE_CONTEXT;OBJ_2kl_Abroskina_rus_2024.pdf;136;D:\ai-brain-data\visual-lexicon\belarus-primary-20261009\books\ef1feb98ee3ea554\pages\0136.jpg;c6f227239e1b21f9aa9f5649aba2e2e174691ce0a36b4121c1bee00cecb16c4e;Ожидается;Просмотрена обзорно;Не завершена;Нет
ef1feb98ee3ea554-p0137-PAGE_CONTEXT;OBJ_2kl_Abroskina_rus_2024.pdf;137;D:\ai-brain-data\visual-lexicon\belarus-primary-20261009\books\ef1feb98ee3ea554\pages\0137.jpg;cfa2173686a3c90e7bc590d181a2358d2f3b06c95b79e3eaa93e7748552bcb5b;Ожидается;Просмотрена обзорно;Не завершена;Нет
ef1feb98ee3ea554-p0138-PAGE_CONTEXT;OBJ_2kl_Abroskina_rus_2024.pdf;138;D:\ai-brain-data\visual-lexicon\belarus-primary-20261009\books\ef1feb98ee3ea554\pages\0138.jpg;957eb644cf8d358ecf6c5929e6db4f34a0329b6304064d220498a6e9494f3c32;Ожидается;Просмотрена обзорно;Не завершена;Нет
ef1feb98ee3ea554-p0139-PAGE_CONTEXT;OBJ_2kl_Abroskina_rus_2024.pdf;139;D:\ai-brain-data\visual-lexicon\belarus-primary-20261009\books\ef1feb98ee3ea554\pages\0139.jpg;e11233427754fdeedee858abff8d52ce43a14d125b8e6eb715eb6378d39d30bf;Ожидается;Просмотрена обзорно;Не завершена;Нет
ef1feb98ee3ea554-p0140-PAGE_CONTEXT;OBJ_2kl_Abroskina_rus_2024.pdf;140;D:\ai-brain-data\visual-lexicon\belarus-primary-20261009\books\ef1feb98ee3ea554\pages\0140.jpg;b56f818a127e9f159ca4286af37ab0e01d042bfd487df350a574de1510320394;Ожидается;Просмотрена обзорно;Не завершена;Нет
ef1feb98ee3ea554-p0141-PAGE_CONTEXT;OBJ_2kl_Abroskina_rus_2024.pdf;141;D:\ai-brain-data\visual-lexicon\belarus-primary-20261009\books\ef1feb98ee3ea554\pages\0141.jpg;857815a737933c8829e3c6866eb72cbed67616ae294c1aac44cdee75b91e109e;Ожидается;Просмотрена обзорно;Не завершена;Нет
ef1feb98ee3ea554-p0142-PAGE_CONTEXT;OBJ_2kl_Abroskina_rus_2024.pdf;142;D:\ai-brain-data\visual-lexicon\belarus-primary-20261009\books\ef1feb98ee3ea554\pages\0142.jpg;b741c2955cae00c2b4473452573eab82c5f16d2f9d4d72fc07dd15f4d093ca98;Ожидается;Просмотрена обзорно;Не завершена;Нет
ef1feb98ee3ea554-p0143-PAGE_CONTEXT;OBJ_2kl_Abroskina_rus_2024.pdf;143;D:\ai-brain-data\visual-lexicon\belarus-primary-20261009\books\ef1feb98ee3ea554\pages\0143.jpg;126ca5d49e592d81128e3bd1464f391586b0e814c58c06b56883ad22b733aff3;Просмотрено выборочно;Просмотрена обзорно;Не завершена;Нет
ef1feb98ee3ea554-p0144-PAGE_CONTEXT;OBJ_2kl_Abroskina_rus_2024.pdf;144;D:\ai-brain-data\visual-lexicon\belarus-primary-20261009\books\ef1feb98ee3ea554\pages\0144.jpg;296257d5d3f90e1347ed0eb0966ea46793679d83925916fd9d338022037044f6;Ожидается;Просмотрена обзорно;Не завершена;Нет
ef1feb98ee3ea554-p0145-PAGE_CONTEXT;OBJ_2kl_Abroskina_rus_2024.pdf;145;D:\ai-brain-data\visual-lexicon\belarus-primary-20261009\books\ef1feb98ee3ea554\pages\0145.jpg;c814838f250cbaee64078504674ae84a5f577b18700bf91580d5a6e026c826e2;Ожидается;Просмотрена обзорно;Не завершена;Нет
ef1feb98ee3ea554-p0146-PAGE_CONTEXT;OBJ_2kl_Abroskina_rus_2024.pdf;146;D:\ai-brain-data\visual-lexicon\belarus-primary-20261009\books\ef1feb98ee3ea554\pages\0146.jpg;0079502338d96df1c8b4883064a12b97eebbc9bd23c7b0e491dc5ce1f1c624ba;Ожидается;Просмотрена обзорно;Не завершена;Нет
ef1feb98ee3ea554-p0147-PAGE_CONTEXT;OBJ_2kl_Abroskina_rus_2024.pdf;147;D:\ai-brain-data\visual-lexicon\belarus-primary-20261009\books\ef1feb98ee3ea554\pages\0147.jpg;34e6370e31aab8daad48d1ec8893d645fa906c9435e7b3b272b7f604bdbd7f03;Ожидается;Просмотрена обзорно;Не завершена;Нет
ef1feb98ee3ea554-p0148-PAGE_CONTEXT;OBJ_2kl_Abroskina_rus_2024.pdf;148;D:\ai-brain-data\visual-lexicon\belarus-primary-20261009\books\ef1feb98ee3ea554\pages\0148.jpg;371b5890e4577074ec1d80921c280a71affb042e17c9dc96171ad00e98394738;Ожидается;Просмотрена обзорно;Не завершена;Нет
ef1feb98ee3ea554-p0149-PAGE_CONTEXT;OBJ_2kl_Abroskina_rus_2024.pdf;149;D:\ai-brain-data\visual-lexicon\belarus-primary-20261009\books\ef1feb98ee3ea554\pages\0149.jpg;e73ba31617ba089ec98cc7d0c5b76157ee2ebea1c0dd2f9b34e3a4b598b31c69;Ожидается;Просмотрена обзорно;Не завершена;Нет
ef1feb98ee3ea554-p0150-PAGE_CONTEXT;OBJ_2kl_Abroskina_rus_2024.pdf;150;D:\ai-brain-data\visual-lexicon\belarus-primary-20261009\books\ef1feb98ee3ea554\pages\0150.jpg;9c70a784d39a99aae02b398633c8c5adb321e68dd49234954f186aa2867dc2f9;Ожидается;Просмотрена обзорно;Не завершена;Нет
f67490e30c873cb4-p0001-PAGE_CONTEXT;Внеклассное чтение. II класс. Хрестоматия (рус).pdf;1;D:\ai-brain-data\visual-lexicon\belarus-primary-20261009\books\f67490e30c873cb4\pages\0001.jpg;6ba796e58edfedf2cc3462836baf42adfd3f955746d1e6fd4c9a59c5b7e707a6;Ожидается;Просмотрена обзорно;Не завершена;Нет
f67490e30c873cb4-p0002-PAGE_CONTEXT;Внеклассное чтение. II класс. Хрестоматия (рус).pdf;2;D:\ai-brain-data\visual-lexicon\belarus-primary-20261009\books\f67490e30c873cb4\pages\0002.jpg;19c25eb8b2f26358b627b9b15903885de4cdb24b42dd528bb72adbcc995d97be;Ожидается;Просмотрена обзорно;Не завершена;Нет
f67490e30c873cb4-p0003-PAGE_CONTEXT;Внеклассное чтение. II класс. Хрестоматия (рус).pdf;3;D:\ai-brain-data\visual-lexicon\belarus-primary-20261009\books\f67490e30c873cb4\pages\0003.jpg;e4178870112a18f0ba09f005e0b4749fcfc51b2c1ebb8ddeea753608f89d8998;Ожидается;Просмотрена обзорно;Не завершена;Нет
f67490e30c873cb4-p0004-PAGE_CONTEXT;Внеклассное чтение. II класс. Хрестоматия (рус).pdf;4;D:\ai-brain-data\visual-lexicon\belarus-primary-20261009\books\f67490e30c873cb4\pages\0004.jpg;e38bd9ccc151b093bd3b9e2a0cf9a101db417d7ec7180d5ce9319775a85bb5cb;Ожидается;Просмотрена обзорно;Не завершена;Нет
f67490e30c873cb4-p0005-PAGE_CONTEXT;Внеклассное чтение. II класс. Хрестоматия (рус).pdf;5;D:\ai-brain-data\visual-lexicon\belarus-primary-20261009\books\f67490e30c873cb4\pages\0005.jpg;771eee0f4afabcf57077235ac808157f4adfbf2f8497c4891b21ad04a1ddace2;Ожидается;Просмотрена обзорно;Не завершена;Нет
f67490e30c873cb4-p0006-PAGE_CONTEXT;Внеклассное чтение. II класс. Хрестоматия (рус).pdf;6;D:\ai-brain-data\visual-lexicon\belarus-primary-20261009\books\f67490e30c873cb4\pages\0006.jpg;8d5144e40a8e9104842220ba503fd03d48c17e59c2d0bbe8079ece44b79ad507;Ожидается;Просмотрена обзорно;Не завершена;Нет
f67490e30c873cb4-p0007-PAGE_CONTEXT;Внеклассное чтение. II класс. Хрестоматия (рус).pdf;7;D:\ai-brain-data\visual-lexicon\belarus-primary-20261009\books\f67490e30c873cb4\pages\0007.jpg;05330b20fb18f0e5840edba79c9cc23899467e216c84d5d1622734cba5030028;Ожидается;Просмотрена обзорно;Не завершена;Нет
f67490e30c873cb4-p0008-PAGE_CONTEXT;Внеклассное чтение. II класс. Хрестоматия (рус).pdf;8;D:\ai-brain-data\visual-lexicon\belarus-primary-20261009\books\f67490e30c873cb4\pages\0008.jpg;3b59c21783a779dbb6514d514638f4118c7d901d160898d67d5a68d3568ee5f3;Ожидается;Просмотрена обзорно;Не завершена;Нет
f67490e30c873cb4-p0009-PAGE_CONTEXT;Внеклассное чтение. II класс. Хрестоматия (рус).pdf;9;D:\ai-brain-data\visual-lexicon\belarus-primary-20261009\books\f67490e30c873cb4\pages\0009.jpg;de07cfe4b0eafea9cc33735d4e81691de682e1d64f488dbb05c35b8df247c647;Ожидается;Просмотрена обзорно;Не завершена;Нет
f67490e30c873cb4-p0010-PAGE_CONTEXT;Внеклассное чтение. II класс. Хрестоматия (рус).pdf;10;D:\ai-brain-data\visual-lexicon\belarus-primary-20261009\books\f67490e30c873cb4\pages\0010.jpg;312c2e8938573d03fc3cb877ade0e6cc6e02dcf80780f4cff601d3d31f841aab;Просмотрено выборочно;Просмотрена обзорно;Не завершена;Нет
f67490e30c873cb4-p0011-PAGE_CONTEXT;Внеклассное чтение. II класс. Хрестоматия (рус).pdf;11;D:\ai-brain-data\visual-lexicon\belarus-primary-20261009\books\f67490e30c873cb4\pages\0011.jpg;0453df02f7c94e02f0cb8b52a6d0e3a2bd97d13bbfc14407c28cd32f156f842f;Ожидается;Просмотрена обзорно;Не завершена;Нет
f67490e30c873cb4-p0012-PAGE_CONTEXT;Внеклассное чтение. II класс. Хрестоматия (рус).pdf;12;D:\ai-brain-data\visual-lexicon\belarus-primary-20261009\books\f67490e30c873cb4\pages\0012.jpg;6c90b596e958e015e5f23605577cae05cf6aa086b460cfd28a857c89fcd7b3a5;Ожидается;Просмотрена обзорно;Не завершена;Нет
f67490e30c873cb4-p0013-PAGE_CONTEXT;Внеклассное чтение. II класс. Хрестоматия (рус).pdf;13;D:\ai-brain-data\visual-lexicon\belarus-primary-20261009\books\f67490e30c873cb4\pages\0013.jpg;a3c0d9abde3548f8149f43fd47f1c281a9058ed6a223fefa541410dc0eab8572;Ожидается;Просмотрена обзорно;Не завершена;Нет
f67490e30c873cb4-p0014-PAGE_CONTEXT;Внеклассное чтение. II класс. Хрестоматия (рус).pdf;14;D:\ai-brain-data\visual-lexicon\belarus-primary-20261009\books\f67490e30c873cb4\pages\0014.jpg;dfdb339d4d06ebc1e8eb17f181d3a9075aa944044e40f4040bdb3047999ac2de;Ожидается;Просмотрена обзорно;Не завершена;Нет
f67490e30c873cb4-p0015-PAGE_CONTEXT;Внеклассное чтение. II класс. Хрестоматия (рус).pdf;15;D:\ai-brain-data\visual-lexicon\belarus-primary-20261009\books\f67490e30c873cb4\pages\0015.jpg;cc56ca8087c82e6670483a1e5abc41ba452e46ebe62ce0d0b51ad195fa1fe891;Ожидается;Просмотрена обзорно;Не завершена;Нет
f67490e30c873cb4-p0016-PAGE_CONTEXT;Внеклассное чтение. II класс. Хрестоматия (рус).pdf;16;D:\ai-brain-data\visual-lexicon\belarus-primary-20261009\books\f67490e30c873cb4\pages\0016.jpg;3b148efa849992680dc62bfc88d8256bf34d5e505874d3078a644aa4a24356a7;Просмотрено выборочно;Просмотрена обзорно;Не завершена;Нет
f67490e30c873cb4-p0017-PAGE_CONTEXT;Внеклассное чтение. II класс. Хрестоматия (рус).pdf;17;D:\ai-brain-data\visual-lexicon\belarus-primary-20261009\books\f67490e30c873cb4\pages\0017.jpg;a48287e46352a650718e8efa66df8aba27d69d8b1573ddb092939c806d7ec57a;Ожидается;Просмотрена обзорно;Не завершена;Нет
f67490e30c873cb4-p0018-PAGE_CONTEXT;Внеклассное чтение. II класс. Хрестоматия (рус).pdf;18;D:\ai-brain-data\visual-lexicon\belarus-primary-20261009\books\f67490e30c873cb4\pages\0018.jpg;eb64ca361f29bf13785362f86cc9d382d85f7b6044bc83cd7d21e5bc0766f9af;Ожидается;Просмотрена обзорно;Не завершена;Нет
f67490e30c873cb4-p0019-PAGE_CONTEXT;Внеклассное чтение. II класс. Хрестоматия (рус).pdf;19;D:\ai-brain-data\visual-lexicon\belarus-primary-20261009\books\f67490e30c873cb4\pages\0019.jpg;4f1178362083d4e60c3349bdf09c79b0a6981619d4ef02a8071c74b87104726a;Ожидается;Просмотрена обзорно;Не завершена;Нет
f67490e30c873cb4-p0020-PAGE_CONTEXT;Внеклассное чтение. II класс. Хрестоматия (рус).pdf;20;D:\ai-brain-data\visual-lexicon\belarus-primary-20261009\books\f67490e30c873cb4\pages\0020.jpg;c1261e7d24c079d3eb21832b74373d38d4a1885c3be518612ffa2e28e63859a9;Ожидается;Просмотрена обзорно;Не завершена;Нет
f67490e30c873cb4-p0021-PAGE_CONTEXT;Внеклассное чтение. II класс. Хрестоматия (рус).pdf;21;D:\ai-brain-data\visual-lexicon\belarus-primary-20261009\books\f67490e30c873cb4\pages\0021.jpg;2d55f5729676704fcffa8126197d35b7d983ba275ff9abb485a80157284e0455;Ожидается;Просмотрена обзорно;Не завершена;Нет
f67490e30c873cb4-p0022-PAGE_CONTEXT;Внеклассное чтение. II класс. Хрестоматия (рус).pdf;22;D:\ai-brain-data\visual-lexicon\belarus-primary-20261009\books\f67490e30c873cb4\pages\0022.jpg;bba54547499d331c71f5f13f859e712aae17434649231f2999d1549c3b974bac;Ожидается;Просмотрена обзорно;Не завершена;Нет
f67490e30c873cb4-p0023-PAGE_CONTEXT;Внеклассное чтение. II класс. Хрестоматия (рус).pdf;23;D:\ai-brain-data\visual-lexicon\belarus-primary-20261009\books\f67490e30c873cb4\pages\0023.jpg;63fbba3d07003725b4de58241806bf6975a6f8982f2f598893e5e4e9c5c1e32c;Ожидается;Просмотрена обзорно;Не завершена;Нет
f67490e30c873cb4-p0024-PAGE_CONTEXT;Внеклассное чтение. II класс. Хрестоматия (рус).pdf;24;D:\ai-brain-data\visual-lexicon\belarus-primary-20261009\books\f67490e30c873cb4\pages\0024.jpg;c96a1326da2ab8f2bc1f43fdf20148166ac8b8f688eb9408c3d731a306bf0148;Ожидается;Просмотрена обзорно;Не завершена;Нет
f67490e30c873cb4-p0025-PAGE_CONTEXT;Внеклассное чтение. II класс. Хрестоматия (рус).pdf;25;D:\ai-brain-data\visual-lexicon\belarus-primary-20261009\books\f67490e30c873cb4\pages\0025.jpg;51b7c9e3fac316bc9a2cc9c5318a87439b29cd22228f35dfdf05e09380924edf;Ожидается;Просмотрена обзорно;Не завершена;Нет
f67490e30c873cb4-p0026-PAGE_CONTEXT;Внеклассное чтение. II класс. Хрестоматия (рус).pdf;26;D:\ai-brain-data\visual-lexicon\belarus-primary-20261009\books\f67490e30c873cb4\pages\0026.jpg;821614744bb8c9ce14c16b64d5b12cfd95fc27b9b4fe6a4389bf8ae3625d002b;Ожидается;Просмотрена обзорно;Не завершена;Нет
f67490e30c873cb4-p0027-PAGE_CONTEXT;Внеклассное чтение. II класс. Хрестоматия (рус).pdf;27;D:\ai-brain-data\visual-lexicon\belarus-primary-20261009\books\f67490e30c873cb4\pages\0027.jpg;58663aa3c091b6133c6c4c3ea1b2b7305733c43d9261819f109a52f0a2c02e35;Ожидается;Просмотрена обзорно;Не завершена;Нет
f67490e30c873cb4-p0028-PAGE_CONTEXT;Внеклассное чтение. II класс. Хрестоматия (рус).pdf;28;D:\ai-brain-data\visual-lexicon\belarus-primary-20261009\books\f67490e30c873cb4\pages\0028.jpg;9fee6be480e2367c5df040bc2f126c7ddf681480d09c4c237c1d31171fafa94e;Ожидается;Просмотрена обзорно;Не завершена;Нет
f67490e30c873cb4-p0029-PAGE_CONTEXT;Внеклассное чтение. II класс. Хрестоматия (рус).pdf;29;D:\ai-brain-data\visual-lexicon\belarus-primary-20261009\books\f67490e30c873cb4\pages\0029.jpg;11054d2c1aae3c442f32e1fc62d5fd545f12a9033ec168ba25bc180b3699d7c8;Ожидается;Просмотрена обзорно;Не завершена;Нет
f67490e30c873cb4-p0030-PAGE_CONTEXT;Внеклассное чтение. II класс. Хрестоматия (рус).pdf;30;D:\ai-brain-data\visual-lexicon\belarus-primary-20261009\books\f67490e30c873cb4\pages\0030.jpg;caf6d8da68576e08cde73164228f99173d1a974157bebbc41704dd51a44886e9;Ожидается;Просмотрена обзорно;Не завершена;Нет
f67490e30c873cb4-p0031-PAGE_CONTEXT;Внеклассное чтение. II класс. Хрестоматия (рус).pdf;31;D:\ai-brain-data\visual-lexicon\belarus-primary-20261009\books\f67490e30c873cb4\pages\0031.jpg;855064bf95b4fc54615d933169b8b2616de0deb30548c82bdcd5912ce496f88c;Ожидается;Просмотрена обзорно;Не завершена;Нет
f67490e30c873cb4-p0032-PAGE_CONTEXT;Внеклассное чтение. II класс. Хрестоматия (рус).pdf;32;D:\ai-brain-data\visual-lexicon\belarus-primary-20261009\books\f67490e30c873cb4\pages\0032.jpg;596ba5be56d92e873c8dadec00632d4a4a5f26418fbce6d31e19ca986aaecd54;Просмотрено выборочно;Просмотрена обзорно;Не завершена;Нет
f67490e30c873cb4-p0033-PAGE_CONTEXT;Внеклассное чтение. II класс. Хрестоматия (рус).pdf;33;D:\ai-brain-data\visual-lexicon\belarus-primary-20261009\books\f67490e30c873cb4\pages\0033.jpg;9f9d0319b63af16e7c0f15c3c2a21e30a842cfb11d71027c9733188f4e0fea95;Ожидается;Просмотрена обзорно;Не завершена;Нет
f67490e30c873cb4-p0034-PAGE_CONTEXT;Внеклассное чтение. II класс. Хрестоматия (рус).pdf;34;D:\ai-brain-data\visual-lexicon\belarus-primary-20261009\books\f67490e30c873cb4\pages\0034.jpg;23a1c3b531616b36b9e7e4087feb044436defc8f1ca3fb5d6106d9aca1134ced;Ожидается;Просмотрена обзорно;Не завершена;Нет
f67490e30c873cb4-p0035-PAGE_CONTEXT;Внеклассное чтение. II класс. Хрестоматия (рус).pdf;35;D:\ai-brain-data\visual-lexicon\belarus-primary-20261009\books\f67490e30c873cb4\pages\0035.jpg;49d9a526fd38a8349303ea84f73c497e02e2549377340904c002b5c8bde06bdd;Ожидается;Просмотрена обзорно;Не завершена;Нет
f67490e30c873cb4-p0036-PAGE_CONTEXT;Внеклассное чтение. II класс. Хрестоматия (рус).pdf;36;D:\ai-brain-data\visual-lexicon\belarus-primary-20261009\books\f67490e30c873cb4\pages\0036.jpg;054a43f74e909f1c26ac4ea29fd731a91d70ca49057d83ddde4c5d8915b7243e;Ожидается;Просмотрена обзорно;Не завершена;Нет
f67490e30c873cb4-p0037-PAGE_CONTEXT;Внеклассное чтение. II класс. Хрестоматия (рус).pdf;37;D:\ai-brain-data\visual-lexicon\belarus-primary-20261009\books\f67490e30c873cb4\pages\0037.jpg;1ed862eef331de5269e2510b61546172c71d41fb92056e459a950aca39e2607b;Ожидается;Просмотрена обзорно;Не завершена;Нет
f67490e30c873cb4-p0038-PAGE_CONTEXT;Внеклассное чтение. II класс. Хрестоматия (рус).pdf;38;D:\ai-brain-data\visual-lexicon\belarus-primary-20261009\books\f67490e30c873cb4\pages\0038.jpg;4fd8f4235a7c8d5fe95b4735075ce57e8ed17b339bc6eca8bb21c3c7f8cd8adf;Ожидается;Просмотрена обзорно;Не завершена;Нет
f67490e30c873cb4-p0039-PAGE_CONTEXT;Внеклассное чтение. II класс. Хрестоматия (рус).pdf;39;D:\ai-brain-data\visual-lexicon\belarus-primary-20261009\books\f67490e30c873cb4\pages\0039.jpg;c107e2b671f1e8f14b5897c43dff323f5820c88f89bf290dd0314346062fe47f;Ожидается;Просмотрена обзорно;Не завершена;Нет
f67490e30c873cb4-p0040-PAGE_CONTEXT;Внеклассное чтение. II класс. Хрестоматия (рус).pdf;40;D:\ai-brain-data\visual-lexicon\belarus-primary-20261009\books\f67490e30c873cb4\pages\0040.jpg;9e66e9b4eb60c15aea8a2e0ca98e9c6e39b0245fc862be54a3026da087e3a1b5;Ожидается;Просмотрена обзорно;Не завершена;Нет
f67490e30c873cb4-p0041-PAGE_CONTEXT;Внеклассное чтение. II класс. Хрестоматия (рус).pdf;41;D:\ai-brain-data\visual-lexicon\belarus-primary-20261009\books\f67490e30c873cb4\pages\0041.jpg;ebf10919e5226aa0a6de267589ce52c7dc2da314f6fedffe73a0ceb7be9a430c;Ожидается;Просмотрена обзорно;Не завершена;Нет
f67490e30c873cb4-p0042-PAGE_CONTEXT;Внеклассное чтение. II класс. Хрестоматия (рус).pdf;42;D:\ai-brain-data\visual-lexicon\belarus-primary-20261009\books\f67490e30c873cb4\pages\0042.jpg;513aa09f4373dde96dfe80d0c49d903377646bc96c21ed53a5cf6faa533ad683;Ожидается;Просмотрена обзорно;Не завершена;Нет
f67490e30c873cb4-p0043-PAGE_CONTEXT;Внеклассное чтение. II класс. Хрестоматия (рус).pdf;43;D:\ai-brain-data\visual-lexicon\belarus-primary-20261009\books\f67490e30c873cb4\pages\0043.jpg;343ea63910521cfb79e84e1d80359c6aa54c9df3ffdff5cad69e41f1da0daf74;Ожидается;Просмотрена обзорно;Не завершена;Нет
f67490e30c873cb4-p0044-PAGE_CONTEXT;Внеклассное чтение. II класс. Хрестоматия (рус).pdf;44;D:\ai-brain-data\visual-lexicon\belarus-primary-20261009\books\f67490e30c873cb4\pages\0044.jpg;f898d3f94b98df0852e84f85f4868ff826277417f97f6a67772e9d288b0df0e0;Ожидается;Просмотрена обзорно;Не завершена;Нет
f67490e30c873cb4-p0045-PAGE_CONTEXT;Внеклассное чтение. II класс. Хрестоматия (рус).pdf;45;D:\ai-brain-data\visual-lexicon\belarus-primary-20261009\books\f67490e30c873cb4\pages\0045.jpg;5ea1288478290ccf5d36f7bc678a5ac1e338ead58e58a51f31f5037a3ee26e33;Ожидается;Просмотрена обзорно;Не завершена;Нет
f67490e30c873cb4-p0046-PAGE_CONTEXT;Внеклассное чтение. II класс. Хрестоматия (рус).pdf;46;D:\ai-brain-data\visual-lexicon\belarus-primary-20261009\books\f67490e30c873cb4\pages\0046.jpg;3c57799c1b9db476086686d4c022a8bb1ff68440af9e7b752f8f163c4b2abfd9;Ожидается;Просмотрена обзорно;Не завершена;Нет
f67490e30c873cb4-p0047-PAGE_CONTEXT;Внеклассное чтение. II класс. Хрестоматия (рус).pdf;47;D:\ai-brain-data\visual-lexicon\belarus-primary-20261009\books\f67490e30c873cb4\pages\0047.jpg;b0a3efbbed87e1565159234dae9934d49512443e90514ef6510f4d2e6cd9ee59;Ожидается;Просмотрена обзорно;Не завершена;Нет
f67490e30c873cb4-p0048-PAGE_CONTEXT;Внеклассное чтение. II класс. Хрестоматия (рус).pdf;48;D:\ai-brain-data\visual-lexicon\belarus-primary-20261009\books\f67490e30c873cb4\pages\0048.jpg;1386797f5f24d3fadab016d3cef594778521930c50b71b11d80b68c6a1f32655;Просмотрено выборочно;Просмотрена обзорно;Не завершена;Нет
f67490e30c873cb4-p0049-PAGE_CONTEXT;Внеклассное чтение. II класс. Хрестоматия (рус).pdf;49;D:\ai-brain-data\visual-lexicon\belarus-primary-20261009\books\f67490e30c873cb4\pages\0049.jpg;6fa38eaaa13feaa1974491a9771e75e32b98f8ace16d923c7e0335444fd2034f;Ожидается;Просмотрена обзорно;Не завершена;Нет
f67490e30c873cb4-p0050-PAGE_CONTEXT;Внеклассное чтение. II класс. Хрестоматия (рус).pdf;50;D:\ai-brain-data\visual-lexicon\belarus-primary-20261009\books\f67490e30c873cb4\pages\0050.jpg;9c9cd1e0e68bc5a16bf129904a5430831105118bdd58a55eec8ef5cf11c415ef;Ожидается;Просмотрена обзорно;Не завершена;Нет
f67490e30c873cb4-p0051-PAGE_CONTEXT;Внеклассное чтение. II класс. Хрестоматия (рус).pdf;51;D:\ai-brain-data\visual-lexicon\belarus-primary-20261009\books\f67490e30c873cb4\pages\0051.jpg;fad026c2e778ce81119872f8a6137d1de28de9f2e7199d3ff0f3defb6373f952;Ожидается;Просмотрена обзорно;Не завершена;Нет
f67490e30c873cb4-p0052-PAGE_CONTEXT;Внеклассное чтение. II класс. Хрестоматия (рус).pdf;52;D:\ai-brain-data\visual-lexicon\belarus-primary-20261009\books\f67490e30c873cb4\pages\0052.jpg;b93de636c383097dbf1776edc99d5f6a51ce8f463e2ade6f40848272279204b0;Ожидается;Просмотрена обзорно;Не завершена;Нет
f67490e30c873cb4-p0053-PAGE_CONTEXT;Внеклассное чтение. II класс. Хрестоматия (рус).pdf;53;D:\ai-brain-data\visual-lexicon\belarus-primary-20261009\books\f67490e30c873cb4\pages\0053.jpg;4162e7574c1bf6bca367424d521d9fd94bc2d0a9efdb88c00338629c99977a7b;Ожидается;Просмотрена обзорно;Не завершена;Нет
f67490e30c873cb4-p0054-PAGE_CONTEXT;Внеклассное чтение. II класс. Хрестоматия (рус).pdf;54;D:\ai-brain-data\visual-lexicon\belarus-primary-20261009\books\f67490e30c873cb4\pages\0054.jpg;32c15af9c36b39f422d8e43857d895478dabbe37d6d5551c1a2175b022dadf7b;Ожидается;Просмотрена обзорно;Не завершена;Нет
f67490e30c873cb4-p0055-PAGE_CONTEXT;Внеклассное чтение. II класс. Хрестоматия (рус).pdf;55;D:\ai-brain-data\visual-lexicon\belarus-primary-20261009\books\f67490e30c873cb4\pages\0055.jpg;7c000140457144c69643add4fe2469fc35e297736f07fc7f8bd43d453eff3d7c;Ожидается;Просмотрена обзорно;Не завершена;Нет
f67490e30c873cb4-p0056-PAGE_CONTEXT;Внеклассное чтение. II класс. Хрестоматия (рус).pdf;56;D:\ai-brain-data\visual-lexicon\belarus-primary-20261009\books\f67490e30c873cb4\pages\0056.jpg;93e5a40193a2e9d99185041231a6284650153ced8e69b42427f59c6afa9c9410;Ожидается;Просмотрена обзорно;Не завершена;Нет
f67490e30c873cb4-p0057-PAGE_CONTEXT;Внеклассное чтение. II класс. Хрестоматия (рус).pdf;57;D:\ai-brain-data\visual-lexicon\belarus-primary-20261009\books\f67490e30c873cb4\pages\0057.jpg;fe27a43c21d3d5704319cccd9dd24b43c90c43bf4cb5002017656def5ab17259;Ожидается;Просмотрена обзорно;Не завершена;Нет
f67490e30c873cb4-p0058-PAGE_CONTEXT;Внеклассное чтение. II класс. Хрестоматия (рус).pdf;58;D:\ai-brain-data\visual-lexicon\belarus-primary-20261009\books\f67490e30c873cb4\pages\0058.jpg;c7a9fc896ac6f6b30b8fb92c3d80a255dd0a4b3d12457458a32f4f44ead66c6b;Просмотрено выборочно;Просмотрена обзорно;Не завершена;Нет
f67490e30c873cb4-p0059-PAGE_CONTEXT;Внеклассное чтение. II класс. Хрестоматия (рус).pdf;59;D:\ai-brain-data\visual-lexicon\belarus-primary-20261009\books\f67490e30c873cb4\pages\0059.jpg;7fd2173d8ff2c34cae56a4024ec5304932dc81fc8daf7ade6057fe71b62eb14d;Ожидается;Просмотрена обзорно;Не завершена;Нет
f67490e30c873cb4-p0060-PAGE_CONTEXT;Внеклассное чтение. II класс. Хрестоматия (рус).pdf;60;D:\ai-brain-data\visual-lexicon\belarus-primary-20261009\books\f67490e30c873cb4\pages\0060.jpg;5c95815ea6fa094c2b2909d366f15dead2dc76a6a3f67b68a21001169b5554d5;Ожидается;Просмотрена обзорно;Не завершена;Нет
f67490e30c873cb4-p0061-PAGE_CONTEXT;Внеклассное чтение. II класс. Хрестоматия (рус).pdf;61;D:\ai-brain-data\visual-lexicon\belarus-primary-20261009\books\f67490e30c873cb4\pages\0061.jpg;cde2a5f77c0b88cce3e6ad499ccb240a71ce4fd335aacb94d9e0341f1bd98ada;Ожидается;Просмотрена обзорно;Не завершена;Нет
f67490e30c873cb4-p0062-PAGE_CONTEXT;Внеклассное чтение. II класс. Хрестоматия (рус).pdf;62;D:\ai-brain-data\visual-lexicon\belarus-primary-20261009\books\f67490e30c873cb4\pages\0062.jpg;4acd74dd5823d93d7b62fd7c3beacbc6ebcc32f0698da30c6dbe47477e74c2dc;Ожидается;Просмотрена обзорно;Не завершена;Нет
f67490e30c873cb4-p0063-PAGE_CONTEXT;Внеклассное чтение. II класс. Хрестоматия (рус).pdf;63;D:\ai-brain-data\visual-lexicon\belarus-primary-20261009\books\f67490e30c873cb4\pages\0063.jpg;5a879a80e4e59f759c611b8ab4ef122ce019a56cd317b1a4fa4f80ead79b3708;Ожидается;Просмотрена обзорно;Не завершена;Нет
f67490e30c873cb4-p0064-PAGE_CONTEXT;Внеклассное чтение. II класс. Хрестоматия (рус).pdf;64;D:\ai-brain-data\visual-lexicon\belarus-primary-20261009\books\f67490e30c873cb4\pages\0064.jpg;68b4998bcf9959a56e9b6d555a8cfb86b84114b586e02e32249c35d5da8447fe;Ожидается;Просмотрена обзорно;Не завершена;Нет
f67490e30c873cb4-p0065-PAGE_CONTEXT;Внеклассное чтение. II класс. Хрестоматия (рус).pdf;65;D:\ai-brain-data\visual-lexicon\belarus-primary-20261009\books\f67490e30c873cb4\pages\0065.jpg;b6a046643ad3fd134770473aa5f0949a8f71afdcd29b5541a3a3b84eb18526c1;Ожидается;Просмотрена обзорно;Не завершена;Нет
fe07c06f46d9de13-p0001-PAGE_CONTEXT;lit_chtenie_2k_ch1_Voropaeva_rus_2022.pdf;1;D:\ai-brain-data\visual-lexicon\belarus-primary-20261009\books\fe07c06f46d9de13\pages\0001.jpg;1d585c96342f949ed34883309080da9b4e23ec4e1ab14b629f00136cb48ef85a;Ожидается;Просмотрена обзорно;Не завершена;Нет
fe07c06f46d9de13-p0002-PAGE_CONTEXT;lit_chtenie_2k_ch1_Voropaeva_rus_2022.pdf;2;D:\ai-brain-data\visual-lexicon\belarus-primary-20261009\books\fe07c06f46d9de13\pages\0002.jpg;dce06264fce520a40b06e385d530697a4b9ebd220526ba48fdcd240b817ba6ad;Ожидается;Просмотрена обзорно;Не завершена;Нет
fe07c06f46d9de13-p0003-PAGE_CONTEXT;lit_chtenie_2k_ch1_Voropaeva_rus_2022.pdf;3;D:\ai-brain-data\visual-lexicon\belarus-primary-20261009\books\fe07c06f46d9de13\pages\0003.jpg;e52c1a20559fac24915a2ceb7077439064874682076df831f171ec21e60308e8;Ожидается;Просмотрена обзорно;Не завершена;Нет
fe07c06f46d9de13-p0004-PAGE_CONTEXT;lit_chtenie_2k_ch1_Voropaeva_rus_2022.pdf;4;D:\ai-brain-data\visual-lexicon\belarus-primary-20261009\books\fe07c06f46d9de13\pages\0004.jpg;2a8d9818a552bd3be3b49baf3ae104d022506e375bf044847d246caf1b2a7fc2;Ожидается;Просмотрена обзорно;Не завершена;Нет
fe07c06f46d9de13-p0005-PAGE_CONTEXT;lit_chtenie_2k_ch1_Voropaeva_rus_2022.pdf;5;D:\ai-brain-data\visual-lexicon\belarus-primary-20261009\books\fe07c06f46d9de13\pages\0005.jpg;6af1463d55b400080d9f0fa87c9656e467c8a0dfd69fec817cbaab277537521d;Ожидается;Просмотрена обзорно;Не завершена;Нет
fe07c06f46d9de13-p0006-PAGE_CONTEXT;lit_chtenie_2k_ch1_Voropaeva_rus_2022.pdf;6;D:\ai-brain-data\visual-lexicon\belarus-primary-20261009\books\fe07c06f46d9de13\pages\0006.jpg;4d3015d34dab288da32a4906956f60cfb6a952f9e83e71afac9e2a6c13e7321d;Ожидается;Просмотрена обзорно;Не завершена;Нет
fe07c06f46d9de13-p0007-PAGE_CONTEXT;lit_chtenie_2k_ch1_Voropaeva_rus_2022.pdf;7;D:\ai-brain-data\visual-lexicon\belarus-primary-20261009\books\fe07c06f46d9de13\pages\0007.jpg;d01b09cf64aff145ff8e027f4387e0dfdc1cb0189df091951728f12c71157c60;Ожидается;Просмотрена обзорно;Не завершена;Нет
fe07c06f46d9de13-p0008-PAGE_CONTEXT;lit_chtenie_2k_ch1_Voropaeva_rus_2022.pdf;8;D:\ai-brain-data\visual-lexicon\belarus-primary-20261009\books\fe07c06f46d9de13\pages\0008.jpg;30349344159c9c707351368e1d3abe593386fc42c8ba5f7ad521594035399b84;Ожидается;Просмотрена обзорно;Не завершена;Нет
fe07c06f46d9de13-p0009-PAGE_CONTEXT;lit_chtenie_2k_ch1_Voropaeva_rus_2022.pdf;9;D:\ai-brain-data\visual-lexicon\belarus-primary-20261009\books\fe07c06f46d9de13\pages\0009.jpg;3b41b03f93dc2de6f6ec43fc163007b84b9e9c4c565ac8d916af91bd3e11285b;Ожидается;Просмотрена обзорно;Не завершена;Нет
fe07c06f46d9de13-p0010-PAGE_CONTEXT;lit_chtenie_2k_ch1_Voropaeva_rus_2022.pdf;10;D:\ai-brain-data\visual-lexicon\belarus-primary-20261009\books\fe07c06f46d9de13\pages\0010.jpg;cfcec198e5a00a77b09a58c67e8c96000b312c572e1a939679a2a4bfdd99d613;Просмотрено выборочно;Просмотрена обзорно;Не завершена;Нет
fe07c06f46d9de13-p0011-PAGE_CONTEXT;lit_chtenie_2k_ch1_Voropaeva_rus_2022.pdf;11;D:\ai-brain-data\visual-lexicon\belarus-primary-20261009\books\fe07c06f46d9de13\pages\0011.jpg;6a7a408d62b7250790026ee2c9fa8a9569340d6b8e45766c6b1fc420a76d2d63;Ожидается;Просмотрена обзорно;Не завершена;Нет
fe07c06f46d9de13-p0012-PAGE_CONTEXT;lit_chtenie_2k_ch1_Voropaeva_rus_2022.pdf;12;D:\ai-brain-data\visual-lexicon\belarus-primary-20261009\books\fe07c06f46d9de13\pages\0012.jpg;b42c06584d9905f620cac7485886388fd9ccb2ab143543243e3d1ffb1b5c567a;Ожидается;Просмотрена обзорно;Не завершена;Нет
fe07c06f46d9de13-p0013-PAGE_CONTEXT;lit_chtenie_2k_ch1_Voropaeva_rus_2022.pdf;13;D:\ai-brain-data\visual-lexicon\belarus-primary-20261009\books\fe07c06f46d9de13\pages\0013.jpg;3306236d121a5341adbaa8dd300be3916ef51a4b58faf9b215c3c2404a60d461;Ожидается;Просмотрена обзорно;Не завершена;Нет
fe07c06f46d9de13-p0014-PAGE_CONTEXT;lit_chtenie_2k_ch1_Voropaeva_rus_2022.pdf;14;D:\ai-brain-data\visual-lexicon\belarus-primary-20261009\books\fe07c06f46d9de13\pages\0014.jpg;fe603aa989d56187aee7b0b9604192ede42dc39c0823ed00399df56a185c790c;Ожидается;Просмотрена обзорно;Не завершена;Нет
fe07c06f46d9de13-p0015-PAGE_CONTEXT;lit_chtenie_2k_ch1_Voropaeva_rus_2022.pdf;15;D:\ai-brain-data\visual-lexicon\belarus-primary-20261009\books\fe07c06f46d9de13\pages\0015.jpg;4bb28fb3422dad6b517d4b0bee59b24290d16374b34036d89b6330634f927cb1;Ожидается;Просмотрена обзорно;Не завершена;Нет
fe07c06f46d9de13-p0016-PAGE_CONTEXT;lit_chtenie_2k_ch1_Voropaeva_rus_2022.pdf;16;D:\ai-brain-data\visual-lexicon\belarus-primary-20261009\books\fe07c06f46d9de13\pages\0016.jpg;0c5c7510c65e0d1873537adee824d9be7de92929e325fdbb3b32fdad3fc5dbb0;Ожидается;Просмотрена обзорно;Не завершена;Нет
fe07c06f46d9de13-p0017-PAGE_CONTEXT;lit_chtenie_2k_ch1_Voropaeva_rus_2022.pdf;17;D:\ai-brain-data\visual-lexicon\belarus-primary-20261009\books\fe07c06f46d9de13\pages\0017.jpg;bfceb455707a89226f5b7339813d9e67a13e023f16361c444eecd903a187011c;Ожидается;Просмотрена обзорно;Не завершена;Нет
fe07c06f46d9de13-p0018-PAGE_CONTEXT;lit_chtenie_2k_ch1_Voropaeva_rus_2022.pdf;18;D:\ai-brain-data\visual-lexicon\belarus-primary-20261009\books\fe07c06f46d9de13\pages\0018.jpg;a47f758cd196baf81a0f5181dc55ac0216ed862a272d7ad65b51182247bf9ad2;Ожидается;Просмотрена обзорно;Не завершена;Нет
fe07c06f46d9de13-p0019-PAGE_CONTEXT;lit_chtenie_2k_ch1_Voropaeva_rus_2022.pdf;19;D:\ai-brain-data\visual-lexicon\belarus-primary-20261009\books\fe07c06f46d9de13\pages\0019.jpg;ec2edd120402150e5974dea60bc20b61380c6f5b3f6d8086b0a6b2c230a130be;Ожидается;Просмотрена обзорно;Не завершена;Нет
fe07c06f46d9de13-p0020-PAGE_CONTEXT;lit_chtenie_2k_ch1_Voropaeva_rus_2022.pdf;20;D:\ai-brain-data\visual-lexicon\belarus-primary-20261009\books\fe07c06f46d9de13\pages\0020.jpg;bd64e5f4f031d69c1201666ee4e367213015bb619f9972ea0ddb40566942d78a;Ожидается;Просмотрена обзорно;Не завершена;Нет
fe07c06f46d9de13-p0021-PAGE_CONTEXT;lit_chtenie_2k_ch1_Voropaeva_rus_2022.pdf;21;D:\ai-brain-data\visual-lexicon\belarus-primary-20261009\books\fe07c06f46d9de13\pages\0021.jpg;4ed573a6cd91e1cf72b0f6e6f40755dcdf0d6db45079488dc55d6a4d50e5ee8a;Ожидается;Просмотрена обзорно;Не завершена;Нет
fe07c06f46d9de13-p0022-PAGE_CONTEXT;lit_chtenie_2k_ch1_Voropaeva_rus_2022.pdf;22;D:\ai-brain-data\visual-lexicon\belarus-primary-20261009\books\fe07c06f46d9de13\pages\0022.jpg;d94055dc489aa78373fc55bbfd1239026fbb11d6e5e9e4155e660e2b4f050f23;Ожидается;Просмотрена обзорно;Не завершена;Нет
fe07c06f46d9de13-p0023-PAGE_CONTEXT;lit_chtenie_2k_ch1_Voropaeva_rus_2022.pdf;23;D:\ai-brain-data\visual-lexicon\belarus-primary-20261009\books\fe07c06f46d9de13\pages\0023.jpg;8466f3e12c59ebbacf012b5d4386eadcbadce58fd8875bbe5f2cf1c002e6b94c;Ожидается;Просмотрена обзорно;Не завершена;Нет
fe07c06f46d9de13-p0024-PAGE_CONTEXT;lit_chtenie_2k_ch1_Voropaeva_rus_2022.pdf;24;D:\ai-brain-data\visual-lexicon\belarus-primary-20261009\books\fe07c06f46d9de13\pages\0024.jpg;fca39d4fb4da6ee986397dbe02ec415905f63f2fd1e2aa2f205474561fd296fd;Ожидается;Просмотрена обзорно;Не завершена;Нет
fe07c06f46d9de13-p0025-PAGE_CONTEXT;lit_chtenie_2k_ch1_Voropaeva_rus_2022.pdf;25;D:\ai-brain-data\visual-lexicon\belarus-primary-20261009\books\fe07c06f46d9de13\pages\0025.jpg;77f8bd6ca0ea2aff38cf9ae960deec4291057021cae2a692a7555f20a9c5a84f;Ожидается;Просмотрена обзорно;Не завершена;Нет
fe07c06f46d9de13-p0026-PAGE_CONTEXT;lit_chtenie_2k_ch1_Voropaeva_rus_2022.pdf;26;D:\ai-brain-data\visual-lexicon\belarus-primary-20261009\books\fe07c06f46d9de13\pages\0026.jpg;94a3744c265f06142801b89dbe35238ac78759c013a4b6c401c8482b7d178248;Ожидается;Просмотрена обзорно;Не завершена;Нет
fe07c06f46d9de13-p0027-PAGE_CONTEXT;lit_chtenie_2k_ch1_Voropaeva_rus_2022.pdf;27;D:\ai-brain-data\visual-lexicon\belarus-primary-20261009\books\fe07c06f46d9de13\pages\0027.jpg;a7418c1e9ea4908318b31488480d0696f557ece6d79c236b267ff57d1158cfd1;Ожидается;Просмотрена обзорно;Не завершена;Нет
fe07c06f46d9de13-p0028-PAGE_CONTEXT;lit_chtenie_2k_ch1_Voropaeva_rus_2022.pdf;28;D:\ai-brain-data\visual-lexicon\belarus-primary-20261009\books\fe07c06f46d9de13\pages\0028.jpg;cf79c5b7c94f9c682c70ef744c4dc32c6964bab09d381464f140dd8cb6f381b8;Ожидается;Просмотрена обзорно;Не завершена;Нет
fe07c06f46d9de13-p0029-PAGE_CONTEXT;lit_chtenie_2k_ch1_Voropaeva_rus_2022.pdf;29;D:\ai-brain-data\visual-lexicon\belarus-primary-20261009\books\fe07c06f46d9de13\pages\0029.jpg;a7ae8df38f44b0823bb18ee49c94ed6ae773be7919309230b659b74abfe4b0a1;Ожидается;Просмотрена обзорно;Не завершена;Нет
fe07c06f46d9de13-p0030-PAGE_CONTEXT;lit_chtenie_2k_ch1_Voropaeva_rus_2022.pdf;30;D:\ai-brain-data\visual-lexicon\belarus-primary-20261009\books\fe07c06f46d9de13\pages\0030.jpg;0849ed1a682eb684e71f751eb6dc5a24b12ce6e2a6131cf4dbd02a778462b61a;Ожидается;Просмотрена обзорно;Не завершена;Нет
fe07c06f46d9de13-p0031-PAGE_CONTEXT;lit_chtenie_2k_ch1_Voropaeva_rus_2022.pdf;31;D:\ai-brain-data\visual-lexicon\belarus-primary-20261009\books\fe07c06f46d9de13\pages\0031.jpg;520781e233e98ab92ca2d6d8b0f9d39dc8a87350c5f327a04dc42f4a2709906b;Ожидается;Просмотрена обзорно;Не завершена;Нет
fe07c06f46d9de13-p0032-PAGE_CONTEXT;lit_chtenie_2k_ch1_Voropaeva_rus_2022.pdf;32;D:\ai-brain-data\visual-lexicon\belarus-primary-20261009\books\fe07c06f46d9de13\pages\0032.jpg;7248c13c9c304edb531432b55db5e1a07a24b1e02d107ba096ff7ed97fb98222;Ожидается;Просмотрена обзорно;Не завершена;Нет
fe07c06f46d9de13-p0033-PAGE_CONTEXT;lit_chtenie_2k_ch1_Voropaeva_rus_2022.pdf;33;D:\ai-brain-data\visual-lexicon\belarus-primary-20261009\books\fe07c06f46d9de13\pages\0033.jpg;17fb306449d9bc98c2545e7d578e7266af463357b14e82ec1670524c9a354af9;Просмотрено выборочно;Просмотрена обзорно;Не завершена;Нет
fe07c06f46d9de13-p0034-PAGE_CONTEXT;lit_chtenie_2k_ch1_Voropaeva_rus_2022.pdf;34;D:\ai-brain-data\visual-lexicon\belarus-primary-20261009\books\fe07c06f46d9de13\pages\0034.jpg;5bae5b965c3c51cb04e5a7a70f7d8f2ce8de829b346b59a642b1df4758a67db8;Ожидается;Просмотрена обзорно;Не завершена;Нет
fe07c06f46d9de13-p0035-PAGE_CONTEXT;lit_chtenie_2k_ch1_Voropaeva_rus_2022.pdf;35;D:\ai-brain-data\visual-lexicon\belarus-primary-20261009\books\fe07c06f46d9de13\pages\0035.jpg;a92ab5452f4062d107104e0aa4309e54c2fc0802bd11ef6c3e8e0a1181933fff;Ожидается;Просмотрена обзорно;Не завершена;Нет
fe07c06f46d9de13-p0036-PAGE_CONTEXT;lit_chtenie_2k_ch1_Voropaeva_rus_2022.pdf;36;D:\ai-brain-data\visual-lexicon\belarus-primary-20261009\books\fe07c06f46d9de13\pages\0036.jpg;707999a968b43260cf33b54576ed134b7fb09e1f765722a0adc73175b379b947;Ожидается;Просмотрена обзорно;Не завершена;Нет
fe07c06f46d9de13-p0037-PAGE_CONTEXT;lit_chtenie_2k_ch1_Voropaeva_rus_2022.pdf;37;D:\ai-brain-data\visual-lexicon\belarus-primary-20261009\books\fe07c06f46d9de13\pages\0037.jpg;ce6b0953e9cb50ead019e556980bc30bdbdcc60e316237c0c30da50214b8c79c;Ожидается;Просмотрена обзорно;Не завершена;Нет
fe07c06f46d9de13-p0038-PAGE_CONTEXT;lit_chtenie_2k_ch1_Voropaeva_rus_2022.pdf;38;D:\ai-brain-data\visual-lexicon\belarus-primary-20261009\books\fe07c06f46d9de13\pages\0038.jpg;42e5d000e53ae9f2bebbf9627f3ec0e065da3e33ffab6efeb1e31043f62d909e;Ожидается;Просмотрена обзорно;Не завершена;Нет
fe07c06f46d9de13-p0039-PAGE_CONTEXT;lit_chtenie_2k_ch1_Voropaeva_rus_2022.pdf;39;D:\ai-brain-data\visual-lexicon\belarus-primary-20261009\books\fe07c06f46d9de13\pages\0039.jpg;9c01dccb05854770b8a7a5f6c2d94fd42dc2af9907d3f2fd3302a5d26b6daef5;Ожидается;Просмотрена обзорно;Не завершена;Нет
fe07c06f46d9de13-p0040-PAGE_CONTEXT;lit_chtenie_2k_ch1_Voropaeva_rus_2022.pdf;40;D:\ai-brain-data\visual-lexicon\belarus-primary-20261009\books\fe07c06f46d9de13\pages\0040.jpg;71979b647a6ac2b58a0130553c98aa024085b09a1f4df36a304d21271ba9d45b;Ожидается;Просмотрена обзорно;Не завершена;Нет
fe07c06f46d9de13-p0041-PAGE_CONTEXT;lit_chtenie_2k_ch1_Voropaeva_rus_2022.pdf;41;D:\ai-brain-data\visual-lexicon\belarus-primary-20261009\books\fe07c06f46d9de13\pages\0041.jpg;f08d67626bebf9fa8fc3dca9c92d0e21461db3531d77655b5eeb2281c9206466;Ожидается;Просмотрена обзорно;Не завершена;Нет
fe07c06f46d9de13-p0042-PAGE_CONTEXT;lit_chtenie_2k_ch1_Voropaeva_rus_2022.pdf;42;D:\ai-brain-data\visual-lexicon\belarus-primary-20261009\books\fe07c06f46d9de13\pages\0042.jpg;dacc83d1b544d42ded27d414a5a61225f61b170d8c24d2003041afd02e7535ee;Ожидается;Просмотрена обзорно;Не завершена;Нет
fe07c06f46d9de13-p0043-PAGE_CONTEXT;lit_chtenie_2k_ch1_Voropaeva_rus_2022.pdf;43;D:\ai-brain-data\visual-lexicon\belarus-primary-20261009\books\fe07c06f46d9de13\pages\0043.jpg;45e94b20977c2bcfa23d1f3792affee310cb796ba5f335926c29785c9ce41ac8;Ожидается;Просмотрена обзорно;Не завершена;Нет
fe07c06f46d9de13-p0044-PAGE_CONTEXT;lit_chtenie_2k_ch1_Voropaeva_rus_2022.pdf;44;D:\ai-brain-data\visual-lexicon\belarus-primary-20261009\books\fe07c06f46d9de13\pages\0044.jpg;908e4c676be99ccef001eb68bec78ca6dd9750ec2afb29908ace47c766a97dcb;Ожидается;Просмотрена обзорно;Не завершена;Нет
fe07c06f46d9de13-p0045-PAGE_CONTEXT;lit_chtenie_2k_ch1_Voropaeva_rus_2022.pdf;45;D:\ai-brain-data\visual-lexicon\belarus-primary-20261009\books\fe07c06f46d9de13\pages\0045.jpg;026b2c0fc2c1827537185a8f35906eb7383f92bc67c215e3dc6ff1299e880118;Ожидается;Просмотрена обзорно;Не завершена;Нет
fe07c06f46d9de13-p0046-PAGE_CONTEXT;lit_chtenie_2k_ch1_Voropaeva_rus_2022.pdf;46;D:\ai-brain-data\visual-lexicon\belarus-primary-20261009\books\fe07c06f46d9de13\pages\0046.jpg;8956bc2847703e100209b19c41804f78a18432853a64b4ac67c614c0570a9dde;Ожидается;Просмотрена обзорно;Не завершена;Нет
fe07c06f46d9de13-p0047-PAGE_CONTEXT;lit_chtenie_2k_ch1_Voropaeva_rus_2022.pdf;47;D:\ai-brain-data\visual-lexicon\belarus-primary-20261009\books\fe07c06f46d9de13\pages\0047.jpg;5436dc691711dc2c3f5abb730b46b5b3674e7ff3eb25486f13da736b723485b0;Ожидается;Просмотрена обзорно;Не завершена;Нет
fe07c06f46d9de13-p0048-PAGE_CONTEXT;lit_chtenie_2k_ch1_Voropaeva_rus_2022.pdf;48;D:\ai-brain-data\visual-lexicon\belarus-primary-20261009\books\fe07c06f46d9de13\pages\0048.jpg;ecf80a3cc0de45f2b05f6d580c6b58e991779fe469ee6fcfef62f514d00a4967;Ожидается;Просмотрена обзорно;Не завершена;Нет
fe07c06f46d9de13-p0049-PAGE_CONTEXT;lit_chtenie_2k_ch1_Voropaeva_rus_2022.pdf;49;D:\ai-brain-data\visual-lexicon\belarus-primary-20261009\books\fe07c06f46d9de13\pages\0049.jpg;2d86ee71ad6d7e1daa657be19f44169f963746f6413b98f641744c3d51b95dc8;Ожидается;Просмотрена обзорно;Не завершена;Нет
fe07c06f46d9de13-p0050-PAGE_CONTEXT;lit_chtenie_2k_ch1_Voropaeva_rus_2022.pdf;50;D:\ai-brain-data\visual-lexicon\belarus-primary-20261009\books\fe07c06f46d9de13\pages\0050.jpg;706840182f103739ef405be1820b84e3ed22c2a2993ebc954b104dbbe5c60070;Ожидается;Просмотрена обзорно;Не завершена;Нет
fe07c06f46d9de13-p0051-PAGE_CONTEXT;lit_chtenie_2k_ch1_Voropaeva_rus_2022.pdf;51;D:\ai-brain-data\visual-lexicon\belarus-primary-20261009\books\fe07c06f46d9de13\pages\0051.jpg;2e69d977a708ca55cd4f25ba007d0698af6bd1ad5849d6295a8af3d401c60ef5;Ожидается;Просмотрена обзорно;Не завершена;Нет
fe07c06f46d9de13-p0052-PAGE_CONTEXT;lit_chtenie_2k_ch1_Voropaeva_rus_2022.pdf;52;D:\ai-brain-data\visual-lexicon\belarus-primary-20261009\books\fe07c06f46d9de13\pages\0052.jpg;b8257cde6411a40641c858221f90fcbe39278f24dd9bc7a00d3df44a512f385e;Ожидается;Просмотрена обзорно;Не завершена;Нет
fe07c06f46d9de13-p0053-PAGE_CONTEXT;lit_chtenie_2k_ch1_Voropaeva_rus_2022.pdf;53;D:\ai-brain-data\visual-lexicon\belarus-primary-20261009\books\fe07c06f46d9de13\pages\0053.jpg;345a2948a033d15ca823be45d1d67b86930edf76a65ca89c739e1faf4fe7bf40;Ожидается;Просмотрена обзорно;Не завершена;Нет
fe07c06f46d9de13-p0054-PAGE_CONTEXT;lit_chtenie_2k_ch1_Voropaeva_rus_2022.pdf;54;D:\ai-brain-data\visual-lexicon\belarus-primary-20261009\books\fe07c06f46d9de13\pages\0054.jpg;23f1f8d6246470278cd831fcdd00b7c75175b609fecd763fa45ad17dfae28fdc;Ожидается;Просмотрена обзорно;Не завершена;Нет
fe07c06f46d9de13-p0055-PAGE_CONTEXT;lit_chtenie_2k_ch1_Voropaeva_rus_2022.pdf;55;D:\ai-brain-data\visual-lexicon\belarus-primary-20261009\books\fe07c06f46d9de13\pages\0055.jpg;1fcd09fb4126c85be4b0d7d5f01f0e63ed515f4c182d634722915c9d609f6cba;Ожидается;Просмотрена обзорно;Не завершена;Нет
fe07c06f46d9de13-p0056-PAGE_CONTEXT;lit_chtenie_2k_ch1_Voropaeva_rus_2022.pdf;56;D:\ai-brain-data\visual-lexicon\belarus-primary-20261009\books\fe07c06f46d9de13\pages\0056.jpg;350119a2c09868ac05b708f39bf589ba5debd095c4753fe9e8fb257d79c65bd9;Ожидается;Просмотрена обзорно;Не завершена;Нет
fe07c06f46d9de13-p0057-PAGE_CONTEXT;lit_chtenie_2k_ch1_Voropaeva_rus_2022.pdf;57;D:\ai-brain-data\visual-lexicon\belarus-primary-20261009\books\fe07c06f46d9de13\pages\0057.jpg;e00a1fe25722820eb418a553db9d74855734814536df26409419adedfa565e15;Ожидается;Просмотрена обзорно;Не завершена;Нет
fe07c06f46d9de13-p0058-PAGE_CONTEXT;lit_chtenie_2k_ch1_Voropaeva_rus_2022.pdf;58;D:\ai-brain-data\visual-lexicon\belarus-primary-20261009\books\fe07c06f46d9de13\pages\0058.jpg;9afde8d86493375b6c52d9cb7e3d9414abc6b2fafcbcbd2ea029d435b8571b37;Ожидается;Просмотрена обзорно;Не завершена;Нет
fe07c06f46d9de13-p0059-PAGE_CONTEXT;lit_chtenie_2k_ch1_Voropaeva_rus_2022.pdf;59;D:\ai-brain-data\visual-lexicon\belarus-primary-20261009\books\fe07c06f46d9de13\pages\0059.jpg;83b9ff1fd83b3af34165fdb14fa6e88c000bc33983ced68d5a1af84f40eb6e95;Ожидается;Просмотрена обзорно;Не завершена;Нет
fe07c06f46d9de13-p0060-PAGE_CONTEXT;lit_chtenie_2k_ch1_Voropaeva_rus_2022.pdf;60;D:\ai-brain-data\visual-lexicon\belarus-primary-20261009\books\fe07c06f46d9de13\pages\0060.jpg;b5c9e6d3d4addd1e751e444dbee5f0b4e79d1baf8779faed30ec247d180e670d;Ожидается;Просмотрена обзорно;Не завершена;Нет
fe07c06f46d9de13-p0061-PAGE_CONTEXT;lit_chtenie_2k_ch1_Voropaeva_rus_2022.pdf;61;D:\ai-brain-data\visual-lexicon\belarus-primary-20261009\books\fe07c06f46d9de13\pages\0061.jpg;b5111cee284b1db4c0d0292968f3fae5dec40b5ebd4f43cab268ddf45782a178;Ожидается;Просмотрена обзорно;Не завершена;Нет
fe07c06f46d9de13-p0062-PAGE_CONTEXT;lit_chtenie_2k_ch1_Voropaeva_rus_2022.pdf;62;D:\ai-brain-data\visual-lexicon\belarus-primary-20261009\books\fe07c06f46d9de13\pages\0062.jpg;85637f0ba1c15b8cb03255f84fc63fc529a466d9cd0ed82334ae1305088302f8;Ожидается;Просмотрена обзорно;Не завершена;Нет
fe07c06f46d9de13-p0063-PAGE_CONTEXT;lit_chtenie_2k_ch1_Voropaeva_rus_2022.pdf;63;D:\ai-brain-data\visual-lexicon\belarus-primary-20261009\books\fe07c06f46d9de13\pages\0063.jpg;8ad8e44377dcef5c920be593717041b61f4e880e9b6f42b0bf2cf320c35c25cb;Ожидается;Просмотрена обзорно;Не завершена;Нет
fe07c06f46d9de13-p0064-PAGE_CONTEXT;lit_chtenie_2k_ch1_Voropaeva_rus_2022.pdf;64;D:\ai-brain-data\visual-lexicon\belarus-primary-20261009\books\fe07c06f46d9de13\pages\0064.jpg;68604358478ddfe1fc0bacccd9c9af51d99de1bcd277ce5d06b4e9172d555be6;Ожидается;Просмотрена обзорно;Не завершена;Нет
fe07c06f46d9de13-p0065-PAGE_CONTEXT;lit_chtenie_2k_ch1_Voropaeva_rus_2022.pdf;65;D:\ai-brain-data\visual-lexicon\belarus-primary-20261009\books\fe07c06f46d9de13\pages\0065.jpg;a411c4e2ee1836864726adde24e55fa150022c2a9ac130f7638a6164ac1a5b48;Ожидается;Просмотрена обзорно;Не завершена;Нет
fe07c06f46d9de13-p0066-PAGE_CONTEXT;lit_chtenie_2k_ch1_Voropaeva_rus_2022.pdf;66;D:\ai-brain-data\visual-lexicon\belarus-primary-20261009\books\fe07c06f46d9de13\pages\0066.jpg;c17bb317ac92d0d77993489315d1aae1eed9cbfa2dde0b002c3e24640491be6e;Ожидается;Просмотрена обзорно;Не завершена;Нет
fe07c06f46d9de13-p0067-PAGE_CONTEXT;lit_chtenie_2k_ch1_Voropaeva_rus_2022.pdf;67;D:\ai-brain-data\visual-lexicon\belarus-primary-20261009\books\fe07c06f46d9de13\pages\0067.jpg;b8d0b5b0335f1c8d1d6dc65cf3ffe53dd2dc4631e2bcc890f67608b0fcdc0db7;Просмотрено выборочно;Просмотрена обзорно;Не завершена;Нет
fe07c06f46d9de13-p0068-PAGE_CONTEXT;lit_chtenie_2k_ch1_Voropaeva_rus_2022.pdf;68;D:\ai-brain-data\visual-lexicon\belarus-primary-20261009\books\fe07c06f46d9de13\pages\0068.jpg;45ac3be9bacf4f0484e553ad32966973bcfce79055b925179dd4d6052587ce31;Ожидается;Просмотрена обзорно;Не завершена;Нет
fe07c06f46d9de13-p0069-PAGE_CONTEXT;lit_chtenie_2k_ch1_Voropaeva_rus_2022.pdf;69;D:\ai-brain-data\visual-lexicon\belarus-primary-20261009\books\fe07c06f46d9de13\pages\0069.jpg;bc76d46df397cc7d84bc9fa522cf27267f2bfc62d0789411452b2b5610c9525b;Ожидается;Просмотрена обзорно;Не завершена;Нет
fe07c06f46d9de13-p0070-PAGE_CONTEXT;lit_chtenie_2k_ch1_Voropaeva_rus_2022.pdf;70;D:\ai-brain-data\visual-lexicon\belarus-primary-20261009\books\fe07c06f46d9de13\pages\0070.jpg;6d5fd382a9ad0434e0fdf458805ead2ca7cf64096da613d1352f0e60007cdb49;Ожидается;Просмотрена обзорно;Не завершена;Нет
fe07c06f46d9de13-p0071-PAGE_CONTEXT;lit_chtenie_2k_ch1_Voropaeva_rus_2022.pdf;71;D:\ai-brain-data\visual-lexicon\belarus-primary-20261009\books\fe07c06f46d9de13\pages\0071.jpg;9196a084ad58dacd465cea634d7ac6bd8f910c7c57c1db0cfcde2ca2ac8e2eb2;Ожидается;Просмотрена обзорно;Не завершена;Нет
fe07c06f46d9de13-p0072-PAGE_CONTEXT;lit_chtenie_2k_ch1_Voropaeva_rus_2022.pdf;72;D:\ai-brain-data\visual-lexicon\belarus-primary-20261009\books\fe07c06f46d9de13\pages\0072.jpg;5e726a2f72cf0a1f2ebbe75b5f662c547bb6669877bc3d7f94c911fdabd5bd26;Ожидается;Просмотрена обзорно;Не завершена;Нет
fe07c06f46d9de13-p0073-PAGE_CONTEXT;lit_chtenie_2k_ch1_Voropaeva_rus_2022.pdf;73;D:\ai-brain-data\visual-lexicon\belarus-primary-20261009\books\fe07c06f46d9de13\pages\0073.jpg;c4038dc4dda75e311a0449653e48433e84c96087c83a5f3839e0dd56b93c4ec0;Ожидается;Просмотрена обзорно;Не завершена;Нет
fe07c06f46d9de13-p0074-PAGE_CONTEXT;lit_chtenie_2k_ch1_Voropaeva_rus_2022.pdf;74;D:\ai-brain-data\visual-lexicon\belarus-primary-20261009\books\fe07c06f46d9de13\pages\0074.jpg;d527a9990173503ef9655ddb6240933bab889d9441f5caa64e2fead5d1580558;Ожидается;Просмотрена обзорно;Не завершена;Нет
fe07c06f46d9de13-p0075-PAGE_CONTEXT;lit_chtenie_2k_ch1_Voropaeva_rus_2022.pdf;75;D:\ai-brain-data\visual-lexicon\belarus-primary-20261009\books\fe07c06f46d9de13\pages\0075.jpg;7af3fa207da6cbd440fee6e324e512e1b0601b9324727603c8175a684cf7fa9e;Ожидается;Просмотрена обзорно;Не завершена;Нет
fe07c06f46d9de13-p0076-PAGE_CONTEXT;lit_chtenie_2k_ch1_Voropaeva_rus_2022.pdf;76;D:\ai-brain-data\visual-lexicon\belarus-primary-20261009\books\fe07c06f46d9de13\pages\0076.jpg;7c9748e40a875b27bd3494114c4cfc84897ddaede55c18b99ac7547fc194f2fb;Ожидается;Просмотрена обзорно;Не завершена;Нет
fe07c06f46d9de13-p0077-PAGE_CONTEXT;lit_chtenie_2k_ch1_Voropaeva_rus_2022.pdf;77;D:\ai-brain-data\visual-lexicon\belarus-primary-20261009\books\fe07c06f46d9de13\pages\0077.jpg;55d2010aace531577be701b03e8b66cadc6a0f0ed7a0a94e90e0de978b40b2c9;Ожидается;Просмотрена обзорно;Не завершена;Нет
fe07c06f46d9de13-p0078-PAGE_CONTEXT;lit_chtenie_2k_ch1_Voropaeva_rus_2022.pdf;78;D:\ai-brain-data\visual-lexicon\belarus-primary-20261009\books\fe07c06f46d9de13\pages\0078.jpg;d00753da4255e25fc743f87deb8520b8ec08ccd5bd128524e33fac0b60f60f10;Ожидается;Просмотрена обзорно;Не завершена;Нет
fe07c06f46d9de13-p0079-PAGE_CONTEXT;lit_chtenie_2k_ch1_Voropaeva_rus_2022.pdf;79;D:\ai-brain-data\visual-lexicon\belarus-primary-20261009\books\fe07c06f46d9de13\pages\0079.jpg;e257ad067094f3876d874a16704645a704d7ac2288c2ecd37ce787e59995aca8;Ожидается;Просмотрена обзорно;Не завершена;Нет
fe07c06f46d9de13-p0080-PAGE_CONTEXT;lit_chtenie_2k_ch1_Voropaeva_rus_2022.pdf;80;D:\ai-brain-data\visual-lexicon\belarus-primary-20261009\books\fe07c06f46d9de13\pages\0080.jpg;1fe58ee1b3e562901b9ccab892338491b3aaf9e517898fb62197e0119e6e5a86;Ожидается;Просмотрена обзорно;Не завершена;Нет
fe07c06f46d9de13-p0081-PAGE_CONTEXT;lit_chtenie_2k_ch1_Voropaeva_rus_2022.pdf;81;D:\ai-brain-data\visual-lexicon\belarus-primary-20261009\books\fe07c06f46d9de13\pages\0081.jpg;bc9077d569ff4381ee449abf17d01cfaa76bb0f90b74e7f5516e4c53115fb344;Ожидается;Просмотрена обзорно;Не завершена;Нет
fe07c06f46d9de13-p0082-PAGE_CONTEXT;lit_chtenie_2k_ch1_Voropaeva_rus_2022.pdf;82;D:\ai-brain-data\visual-lexicon\belarus-primary-20261009\books\fe07c06f46d9de13\pages\0082.jpg;44f186801768a82f65d862c5561c61289674a7702f720b92da3f9325114a3941;Ожидается;Просмотрена обзорно;Не завершена;Нет
fe07c06f46d9de13-p0083-PAGE_CONTEXT;lit_chtenie_2k_ch1_Voropaeva_rus_2022.pdf;83;D:\ai-brain-data\visual-lexicon\belarus-primary-20261009\books\fe07c06f46d9de13\pages\0083.jpg;c05c043817fdcdc5c6493901dc545ab6d3764767095d2b45f949769a04b5e532;Ожидается;Просмотрена обзорно;Не завершена;Нет
fe07c06f46d9de13-p0084-PAGE_CONTEXT;lit_chtenie_2k_ch1_Voropaeva_rus_2022.pdf;84;D:\ai-brain-data\visual-lexicon\belarus-primary-20261009\books\fe07c06f46d9de13\pages\0084.jpg;ff1f53f0a74faeda5afb86acc2ebd9427cff505944011893698fbfc4d09f1347;Ожидается;Просмотрена обзорно;Не завершена;Нет
fe07c06f46d9de13-p0085-PAGE_CONTEXT;lit_chtenie_2k_ch1_Voropaeva_rus_2022.pdf;85;D:\ai-brain-data\visual-lexicon\belarus-primary-20261009\books\fe07c06f46d9de13\pages\0085.jpg;43b19e1cae38ba88318adb3dcfd4d4a7c5adc22b3cf637737dd86f51845533a0;Ожидается;Просмотрена обзорно;Не завершена;Нет
fe07c06f46d9de13-p0086-PAGE_CONTEXT;lit_chtenie_2k_ch1_Voropaeva_rus_2022.pdf;86;D:\ai-brain-data\visual-lexicon\belarus-primary-20261009\books\fe07c06f46d9de13\pages\0086.jpg;ff794d3fbdced045fc0c3a8dd9c85686cf713c55d1335ae200f67033f4042327;Ожидается;Просмотрена обзорно;Не завершена;Нет
fe07c06f46d9de13-p0087-PAGE_CONTEXT;lit_chtenie_2k_ch1_Voropaeva_rus_2022.pdf;87;D:\ai-brain-data\visual-lexicon\belarus-primary-20261009\books\fe07c06f46d9de13\pages\0087.jpg;009477f4d7dd9c27f223f1bf40586bddcc281b2ca408c27dbb102b8d2e130d13;Ожидается;Просмотрена обзорно;Не завершена;Нет
fe07c06f46d9de13-p0088-PAGE_CONTEXT;lit_chtenie_2k_ch1_Voropaeva_rus_2022.pdf;88;D:\ai-brain-data\visual-lexicon\belarus-primary-20261009\books\fe07c06f46d9de13\pages\0088.jpg;5fdcbe921a6fe739df6968b0eae624cec7539d98fc01277325e6580fe0cfc943;Ожидается;Просмотрена обзорно;Не завершена;Нет
fe07c06f46d9de13-p0089-PAGE_CONTEXT;lit_chtenie_2k_ch1_Voropaeva_rus_2022.pdf;89;D:\ai-brain-data\visual-lexicon\belarus-primary-20261009\books\fe07c06f46d9de13\pages\0089.jpg;170f595a21656519a8a5bb1670f4ce8a5c9ae697dd9b44a52736ae6c8296379f;Ожидается;Просмотрена обзорно;Не завершена;Нет
fe07c06f46d9de13-p0090-PAGE_CONTEXT;lit_chtenie_2k_ch1_Voropaeva_rus_2022.pdf;90;D:\ai-brain-data\visual-lexicon\belarus-primary-20261009\books\fe07c06f46d9de13\pages\0090.jpg;30413d3962399f6c483b1120dd6010e040112b61dc9c03847c6c4d6efd97fbb6;Ожидается;Просмотрена обзорно;Не завершена;Нет
fe07c06f46d9de13-p0091-PAGE_CONTEXT;lit_chtenie_2k_ch1_Voropaeva_rus_2022.pdf;91;D:\ai-brain-data\visual-lexicon\belarus-primary-20261009\books\fe07c06f46d9de13\pages\0091.jpg;2cd7f5ebf403b0bf010c49ad2060600ff2944ff0c34ac146395ada66c23bb547;Ожидается;Просмотрена обзорно;Не завершена;Нет
fe07c06f46d9de13-p0092-PAGE_CONTEXT;lit_chtenie_2k_ch1_Voropaeva_rus_2022.pdf;92;D:\ai-brain-data\visual-lexicon\belarus-primary-20261009\books\fe07c06f46d9de13\pages\0092.jpg;1e9dc9e1d2d87562a100348664f4abcf9dedf16a77739a627f24975a6879661a;Ожидается;Просмотрена обзорно;Не завершена;Нет
fe07c06f46d9de13-p0093-PAGE_CONTEXT;lit_chtenie_2k_ch1_Voropaeva_rus_2022.pdf;93;D:\ai-brain-data\visual-lexicon\belarus-primary-20261009\books\fe07c06f46d9de13\pages\0093.jpg;70a8e66c6b15015edd88700dd5878f9fe9c0bacac45d69bfff37e12ed9785a2a;Ожидается;Просмотрена обзорно;Не завершена;Нет
fe07c06f46d9de13-p0094-PAGE_CONTEXT;lit_chtenie_2k_ch1_Voropaeva_rus_2022.pdf;94;D:\ai-brain-data\visual-lexicon\belarus-primary-20261009\books\fe07c06f46d9de13\pages\0094.jpg;94bf60f2b4c0de88401761a4c8e39151314246e981efb8f3b475765cd1ccc3bd;Ожидается;Просмотрена обзорно;Не завершена;Нет
fe07c06f46d9de13-p0095-PAGE_CONTEXT;lit_chtenie_2k_ch1_Voropaeva_rus_2022.pdf;95;D:\ai-brain-data\visual-lexicon\belarus-primary-20261009\books\fe07c06f46d9de13\pages\0095.jpg;8e938426a6c130c6fb5c9ee5149bea7e4dad98e8d8b68316b2da4be686157bcb;Ожидается;Просмотрена обзорно;Не завершена;Нет
fe07c06f46d9de13-p0096-PAGE_CONTEXT;lit_chtenie_2k_ch1_Voropaeva_rus_2022.pdf;96;D:\ai-brain-data\visual-lexicon\belarus-primary-20261009\books\fe07c06f46d9de13\pages\0096.jpg;60424f1a37c70fb3c03c26c3a5e1ef49d70b396cade8761fa4200e9e1b7b0b29;Ожидается;Просмотрена обзорно;Не завершена;Нет
fe07c06f46d9de13-p0097-PAGE_CONTEXT;lit_chtenie_2k_ch1_Voropaeva_rus_2022.pdf;97;D:\ai-brain-data\visual-lexicon\belarus-primary-20261009\books\fe07c06f46d9de13\pages\0097.jpg;69ae8a115cd98e9faa36518743ce21aafd209dba4823294c07a41f4edc21b843;Ожидается;Просмотрена обзорно;Не завершена;Нет
fe07c06f46d9de13-p0098-PAGE_CONTEXT;lit_chtenie_2k_ch1_Voropaeva_rus_2022.pdf;98;D:\ai-brain-data\visual-lexicon\belarus-primary-20261009\books\fe07c06f46d9de13\pages\0098.jpg;9b72a50f4a1dbd02f6cf67d3f43398a093ce357cf2d41d0c9caaed1009d99b5f;Ожидается;Просмотрена обзорно;Не завершена;Нет
fe07c06f46d9de13-p0099-PAGE_CONTEXT;lit_chtenie_2k_ch1_Voropaeva_rus_2022.pdf;99;D:\ai-brain-data\visual-lexicon\belarus-primary-20261009\books\fe07c06f46d9de13\pages\0099.jpg;06ba9a59fd65ca0d6013f8794399789aaf12e97bfaef0ed045304cdbaaef11a9;Ожидается;Просмотрена обзорно;Не завершена;Нет
fe07c06f46d9de13-p0100-PAGE_CONTEXT;lit_chtenie_2k_ch1_Voropaeva_rus_2022.pdf;100;D:\ai-brain-data\visual-lexicon\belarus-primary-20261009\books\fe07c06f46d9de13\pages\0100.jpg;c63a1b74ce4b303ecd0212c572a8c6a2641dae198f9a30c0a969df9db3791f4f;Просмотрено выборочно;Просмотрена обзорно;Не завершена;Нет
fe07c06f46d9de13-p0101-PAGE_CONTEXT;lit_chtenie_2k_ch1_Voropaeva_rus_2022.pdf;101;D:\ai-brain-data\visual-lexicon\belarus-primary-20261009\books\fe07c06f46d9de13\pages\0101.jpg;6e26dc99b9f01babbe07e759aeafca9e5093208d4944b0e5817bfe9e467aa79f;Ожидается;Просмотрена обзорно;Не завершена;Нет
fe07c06f46d9de13-p0102-PAGE_CONTEXT;lit_chtenie_2k_ch1_Voropaeva_rus_2022.pdf;102;D:\ai-brain-data\visual-lexicon\belarus-primary-20261009\books\fe07c06f46d9de13\pages\0102.jpg;01d41808e5ca5d6a9cb3033ab5185ab93806486cecf7ec6378bc7c9778bc5ffa;Ожидается;Просмотрена обзорно;Не завершена;Нет
fe07c06f46d9de13-p0103-PAGE_CONTEXT;lit_chtenie_2k_ch1_Voropaeva_rus_2022.pdf;103;D:\ai-brain-data\visual-lexicon\belarus-primary-20261009\books\fe07c06f46d9de13\pages\0103.jpg;3eb81d07d990cf794074693229866f50a4a525a4ecb8274a22e2310110a48c34;Ожидается;Просмотрена обзорно;Не завершена;Нет
fe07c06f46d9de13-p0104-PAGE_CONTEXT;lit_chtenie_2k_ch1_Voropaeva_rus_2022.pdf;104;D:\ai-brain-data\visual-lexicon\belarus-primary-20261009\books\fe07c06f46d9de13\pages\0104.jpg;0f9d260ec3006a60cc4916bd405b13e3ff1208e9b60a5cd57be7fbc1274aba80;Ожидается;Просмотрена обзорно;Не завершена;Нет
fe07c06f46d9de13-p0105-PAGE_CONTEXT;lit_chtenie_2k_ch1_Voropaeva_rus_2022.pdf;105;D:\ai-brain-data\visual-lexicon\belarus-primary-20261009\books\fe07c06f46d9de13\pages\0105.jpg;0c9c3a32605b6cf243c16bbae7e78ce47759dc6f7e071e7fd2bbbaaa3ccab5be;Ожидается;Просмотрена обзорно;Не завершена;Нет
fe07c06f46d9de13-p0106-PAGE_CONTEXT;lit_chtenie_2k_ch1_Voropaeva_rus_2022.pdf;106;D:\ai-brain-data\visual-lexicon\belarus-primary-20261009\books\fe07c06f46d9de13\pages\0106.jpg;5647a06b11a7f57e3571232c38caad616080dc5a9e63be236f3c4d9a4a4c4db8;Ожидается;Просмотрена обзорно;Не завершена;Нет
fe07c06f46d9de13-p0107-PAGE_CONTEXT;lit_chtenie_2k_ch1_Voropaeva_rus_2022.pdf;107;D:\ai-brain-data\visual-lexicon\belarus-primary-20261009\books\fe07c06f46d9de13\pages\0107.jpg;7292a04eac4a2f0478be132ac265ae6d1908e545f49f7c1c6c3c8b20cd5e0cf1;Ожидается;Просмотрена обзорно;Не завершена;Нет
fe07c06f46d9de13-p0108-PAGE_CONTEXT;lit_chtenie_2k_ch1_Voropaeva_rus_2022.pdf;108;D:\ai-brain-data\visual-lexicon\belarus-primary-20261009\books\fe07c06f46d9de13\pages\0108.jpg;f67c1e0a1bc1c4dbbd2ad8c0d8345b9da87ae9380affe7f6061cbb95dad7f76d;Ожидается;Просмотрена обзорно;Не завершена;Нет
fe07c06f46d9de13-p0109-PAGE_CONTEXT;lit_chtenie_2k_ch1_Voropaeva_rus_2022.pdf;109;D:\ai-brain-data\visual-lexicon\belarus-primary-20261009\books\fe07c06f46d9de13\pages\0109.jpg;44697de9c07fba41e6bac357e506845d0409a3755b2aeadab729eed796c95536;Ожидается;Просмотрена обзорно;Не завершена;Нет
fe07c06f46d9de13-p0110-PAGE_CONTEXT;lit_chtenie_2k_ch1_Voropaeva_rus_2022.pdf;110;D:\ai-brain-data\visual-lexicon\belarus-primary-20261009\books\fe07c06f46d9de13\pages\0110.jpg;188a9df4567270e39ddba9f6303523b9b76b65a0e20edb964fb0a7f9c7df766b;Ожидается;Просмотрена обзорно;Не завершена;Нет
fe07c06f46d9de13-p0111-PAGE_CONTEXT;lit_chtenie_2k_ch1_Voropaeva_rus_2022.pdf;111;D:\ai-brain-data\visual-lexicon\belarus-primary-20261009\books\fe07c06f46d9de13\pages\0111.jpg;5b90f20df6f29b9121d239180cb29e0b19cf03090ae1e4cb7296985d5697a46b;Ожидается;Просмотрена обзорно;Не завершена;Нет
fe07c06f46d9de13-p0112-PAGE_CONTEXT;lit_chtenie_2k_ch1_Voropaeva_rus_2022.pdf;112;D:\ai-brain-data\visual-lexicon\belarus-primary-20261009\books\fe07c06f46d9de13\pages\0112.jpg;5e671b6f5b7b49eda05d4a341f73c650d704cfb1c76de88f29e015890318595b;Ожидается;Просмотрена обзорно;Не завершена;Нет
fe07c06f46d9de13-p0113-PAGE_CONTEXT;lit_chtenie_2k_ch1_Voropaeva_rus_2022.pdf;113;D:\ai-brain-data\visual-lexicon\belarus-primary-20261009\books\fe07c06f46d9de13\pages\0113.jpg;d3aea65481fb4f9dd4136f0e24516c22b45584f2218cfbc02e8588cdfb4a54fa;Ожидается;Просмотрена обзорно;Не завершена;Нет
fe07c06f46d9de13-p0114-PAGE_CONTEXT;lit_chtenie_2k_ch1_Voropaeva_rus_2022.pdf;114;D:\ai-brain-data\visual-lexicon\belarus-primary-20261009\books\fe07c06f46d9de13\pages\0114.jpg;fdb878252ceaf14adbbdb2c0ab02ef1bf8b0d36b07eafef75e6004417d58101d;Ожидается;Просмотрена обзорно;Не завершена;Нет
fe07c06f46d9de13-p0115-PAGE_CONTEXT;lit_chtenie_2k_ch1_Voropaeva_rus_2022.pdf;115;D:\ai-brain-data\visual-lexicon\belarus-primary-20261009\books\fe07c06f46d9de13\pages\0115.jpg;26fdde42e1defca12e34e0674fb739e62c839de4a6c537f012be435614243e2c;Ожидается;Просмотрена обзорно;Не завершена;Нет
fe07c06f46d9de13-p0116-PAGE_CONTEXT;lit_chtenie_2k_ch1_Voropaeva_rus_2022.pdf;116;D:\ai-brain-data\visual-lexicon\belarus-primary-20261009\books\fe07c06f46d9de13\pages\0116.jpg;38c134d52550043c615c6aa535491d5930495ba1bf3269e682f01c9fbc881045;Ожидается;Просмотрена обзорно;Не завершена;Нет
fe07c06f46d9de13-p0117-PAGE_CONTEXT;lit_chtenie_2k_ch1_Voropaeva_rus_2022.pdf;117;D:\ai-brain-data\visual-lexicon\belarus-primary-20261009\books\fe07c06f46d9de13\pages\0117.jpg;89698fc42ffbccec145e1694737c6873f61978941e52ff5f7f2347b0c9b5c183;Ожидается;Просмотрена обзорно;Не завершена;Нет
fe07c06f46d9de13-p0118-PAGE_CONTEXT;lit_chtenie_2k_ch1_Voropaeva_rus_2022.pdf;118;D:\ai-brain-data\visual-lexicon\belarus-primary-20261009\books\fe07c06f46d9de13\pages\0118.jpg;8edc98f0a6fe73674787ae3de59881f2ae090086f065f186c4142a2c6d8f3811;Ожидается;Просмотрена обзорно;Не завершена;Нет
fe07c06f46d9de13-p0119-PAGE_CONTEXT;lit_chtenie_2k_ch1_Voropaeva_rus_2022.pdf;119;D:\ai-brain-data\visual-lexicon\belarus-primary-20261009\books\fe07c06f46d9de13\pages\0119.jpg;94781eed10827a8de1c301b333750931ee0fdf5bf20ecca99ad597cacb12f56c;Ожидается;Просмотрена обзорно;Не завершена;Нет
fe07c06f46d9de13-p0120-PAGE_CONTEXT;lit_chtenie_2k_ch1_Voropaeva_rus_2022.pdf;120;D:\ai-brain-data\visual-lexicon\belarus-primary-20261009\books\fe07c06f46d9de13\pages\0120.jpg;c0d719a87c0c6ec63c62efea74706f11e3cb4340562a5eff0f34dbcdff289cc2;Ожидается;Просмотрена обзорно;Не завершена;Нет
fe07c06f46d9de13-p0121-PAGE_CONTEXT;lit_chtenie_2k_ch1_Voropaeva_rus_2022.pdf;121;D:\ai-brain-data\visual-lexicon\belarus-primary-20261009\books\fe07c06f46d9de13\pages\0121.jpg;e95dee006d8dc8f930eda47596841480c176797187ee3b41281db480cef358db;Ожидается;Просмотрена обзорно;Не завершена;Нет
fe07c06f46d9de13-p0122-PAGE_CONTEXT;lit_chtenie_2k_ch1_Voropaeva_rus_2022.pdf;122;D:\ai-brain-data\visual-lexicon\belarus-primary-20261009\books\fe07c06f46d9de13\pages\0122.jpg;12cc2a249c5e8ef73ef074ecc11f0852a0bcbe75f3beb74f42ec326842212b37;Ожидается;Просмотрена обзорно;Не завершена;Нет
fe07c06f46d9de13-p0123-PAGE_CONTEXT;lit_chtenie_2k_ch1_Voropaeva_rus_2022.pdf;123;D:\ai-brain-data\visual-lexicon\belarus-primary-20261009\books\fe07c06f46d9de13\pages\0123.jpg;4d743b17a38b8b01028c02c1e950c27d7016b0ca54f0193b60136c3bde777210;Ожидается;Просмотрена обзорно;Не завершена;Нет
fe07c06f46d9de13-p0124-PAGE_CONTEXT;lit_chtenie_2k_ch1_Voropaeva_rus_2022.pdf;124;D:\ai-brain-data\visual-lexicon\belarus-primary-20261009\books\fe07c06f46d9de13\pages\0124.jpg;97c4dd046780ab72a8bcda663224c5e2449f0dd3077940bfec506856ad582d17;Ожидается;Просмотрена обзорно;Не завершена;Нет
fe07c06f46d9de13-p0125-PAGE_CONTEXT;lit_chtenie_2k_ch1_Voropaeva_rus_2022.pdf;125;D:\ai-brain-data\visual-lexicon\belarus-primary-20261009\books\fe07c06f46d9de13\pages\0125.jpg;1f74b97f75dc592dbb8df8ed05549019dbe374e32ab8cdd063bddf3502bb4714;Ожидается;Просмотрена обзорно;Не завершена;Нет
fe07c06f46d9de13-p0126-PAGE_CONTEXT;lit_chtenie_2k_ch1_Voropaeva_rus_2022.pdf;126;D:\ai-brain-data\visual-lexicon\belarus-primary-20261009\books\fe07c06f46d9de13\pages\0126.jpg;40eafde38eac8e96e0b1fb59704acbdff776f66c0733dff679b7fc6bce09bf88;Ожидается;Просмотрена обзорно;Не завершена;Нет
fe07c06f46d9de13-p0127-PAGE_CONTEXT;lit_chtenie_2k_ch1_Voropaeva_rus_2022.pdf;127;D:\ai-brain-data\visual-lexicon\belarus-primary-20261009\books\fe07c06f46d9de13\pages\0127.jpg;bb01d40a6a40ca652cb56c16756081b0d93c8d7de8a1c7ecaed2bbbbfff57cac;Просмотрено выборочно;Просмотрена обзорно;Не завершена;Нет
fe07c06f46d9de13-p0128-PAGE_CONTEXT;lit_chtenie_2k_ch1_Voropaeva_rus_2022.pdf;128;D:\ai-brain-data\visual-lexicon\belarus-primary-20261009\books\fe07c06f46d9de13\pages\0128.jpg;6ea362c3a3f1738d7b732d0a2d50541b985449deaf2d4916568b11d3dd2b5bd7;Ожидается;Просмотрена обзорно;Не завершена;Нет
fe07c06f46d9de13-p0129-PAGE_CONTEXT;lit_chtenie_2k_ch1_Voropaeva_rus_2022.pdf;129;D:\ai-brain-data\visual-lexicon\belarus-primary-20261009\books\fe07c06f46d9de13\pages\0129.jpg;ff2da58d34675ec5297683d17c3b80dc275af87d87ede16270697c0cac403f4d;Ожидается;Просмотрена обзорно;Не завершена;Нет
fe07c06f46d9de13-p0130-PAGE_CONTEXT;lit_chtenie_2k_ch1_Voropaeva_rus_2022.pdf;130;D:\ai-brain-data\visual-lexicon\belarus-primary-20261009\books\fe07c06f46d9de13\pages\0130.jpg;fdc6900bb69d816e23abe4e67de622cd3d51a297dfffa17bec70ec902694fbfa;Ожидается;Просмотрена обзорно;Не завершена;Нет
fe07c06f46d9de13-p0131-PAGE_CONTEXT;lit_chtenie_2k_ch1_Voropaeva_rus_2022.pdf;131;D:\ai-brain-data\visual-lexicon\belarus-primary-20261009\books\fe07c06f46d9de13\pages\0131.jpg;d18235917c66ae5d82aa7d36023bf9ba0e9d9061763188470acc4f2dee9ac646;Ожидается;Просмотрена обзорно;Не завершена;Нет
fe07c06f46d9de13-p0132-PAGE_CONTEXT;lit_chtenie_2k_ch1_Voropaeva_rus_2022.pdf;132;D:\ai-brain-data\visual-lexicon\belarus-primary-20261009\books\fe07c06f46d9de13\pages\0132.jpg;58fa50bbce32346ca67fe83e4af9b6a79babb45d9cad099d96c7d7ebe1f997ff;Ожидается;Просмотрена обзорно;Не завершена;Нет
fe07c06f46d9de13-p0133-PAGE_CONTEXT;lit_chtenie_2k_ch1_Voropaeva_rus_2022.pdf;133;D:\ai-brain-data\visual-lexicon\belarus-primary-20261009\books\fe07c06f46d9de13\pages\0133.jpg;2b67326e943a2d20193045ec73e6ca570d4388a7d2d91f34172dcbfbdda9b69c;Ожидается;Просмотрена обзорно;Не завершена;Нет
fe07c06f46d9de13-p0134-PAGE_CONTEXT;lit_chtenie_2k_ch1_Voropaeva_rus_2022.pdf;134;D:\ai-brain-data\visual-lexicon\belarus-primary-20261009\books\fe07c06f46d9de13\pages\0134.jpg;1dc28bb2daca7613615fc35bb220ed0989fc432e9924d351427104ef62f85ccf;Ожидается;Просмотрена обзорно;Не завершена;Нет
