2026-08-26T07:56:36.3343272+03:00
ibicza

Path
----
W:\toolbox_IDEA\programs\IdeaProjects\ai-brain
6f0f1e76b852d078056b4a0e0aca6d54fbc77d0e
Python 3.12.13
uv 0.12.3 (507230998 2026-08-07 x86_64-pc-windows-msvc)
COMMAND: uv run ruff format --check src tests scripts
197 files already formatted
COMMAND: uv run ruff check src tests scripts
All checks passed!
COMMAND: uv run pytest -q
........................................................................ [ 12%]
........................................................................ [ 25%]
........................................................................ [ 38%]
........................................................................ [ 50%]
........................................................................ [ 63%]
........................................................................ [ 76%]
........................................................................ [ 89%]
.............................................................            [100%]
565 passed in 192.68s (0:03:12)
COMMAND: uv run python scripts/m25_skill_registry_acceptance.py
{
  "checks": 453,
  "dataset_counts": {
    "blind": 4000,
    "calibration": 2000,
    "development": 4000,
    "train": 20000,
    "validation": 2000
  },
  "deterministic_assistive": {
    "BM25": {
      "hard_neighbor_top1": 0.14940239043824702,
      "known_count": 3215,
      "latency_ms_mean": 17.638487340677834,
      "latency_ms_p95": 18.6624999914784,
      "mrr": 0.4087627440815621,
      "top1": 0.1891135303265941,
      "top3": 0.5710730948678071,
      "top5": 0.815552099533437,
      "trusted_selector": false,
      "wrong_destination_rate": 0.44292379471228616,
      "wrong_family_rate": 0.29673405909797823,
      "wrong_order_rate": 0.8108864696734059,
      "wrong_register_rate": 0.6883359253499223
    },
    "CHARACTER_NGRAM": {
      "hard_neighbor_top1": 0.9920318725099602,
      "known_count": 3215,
      "latency_ms_mean": 18.49234566067325,
      "latency_ms_p95": 19.99729999806732,
      "mrr": 0.9961638154484188,
      "top1": 0.9925349922239503,
      "top3": 1.0,
      "top5": 1.0,
      "trusted_selector": false,
      "wrong_destination_rate": 0.0,
      "wrong_family_rate": 0.004043545878693624,
      "wrong_order_rate": 0.007465007776049767,
      "wrong_register_rate": 0.007465007776049767
    },
    "LEXICAL": {
      "hard_neighbor_top1": 0.045816733067729085,
      "known_count": 3215,
      "latency_ms_mean": 16.356291633230036,
      "latency_ms_p95": 17.345600004773587,
      "mrr": 0.13947468463798168,
      "top1": 0.06251944012441679,
      "top3": 0.17262830482115085,
      "top5": 0.2737169517884914,
      "trusted_selector": false,
      "wrong_destination_rate": 0.7013996889580093,
      "wrong_family_rate": 0.0255054432348367,
      "wrong_order_rate": 0.9374805598755832,
      "wrong_register_rate": 0.8982892690513219
    }
  },
  "dispatch": {
    "dispatch_receipt_hash": "802dd93e3948fd5a28d11a7b1f46fdb768b0c91f950436076d131e1ecd8e2de6",
    "execution_hash": "fd308cd041f6436480c6d12c6dbd257c267dd399d4394810e4399737b5c573a8",
    "halted": true,
    "rule_id_hash": "d7cf34979f127eb6daf549539f768701e45461e5605292e1b1e144fa9abcea8c",
    "selection_receipt_hash": "fe16486458a51c3195ed193659d372d534079718182027bbcf57d9b30fb8fade"
  },
  "duration_seconds": 238.23770830000285,
  "expected_stage1_release_commit": "4e9520a16bd3aeb7579ea92ce44060fd7f1a705a",
  "git_sha": "6f0f1e76b852d078056b4a0e0aca6d54fbc77d0e",
  "milestone": "M-25",
  "platform": "Windows-11-10.0.26200-SP0",
  "python": "3.12.13 (main, Aug  7 2026, 02:26:41) [MSC v.1944 64 bit (AMD64)]",
  "registry": {
    "active_skills": 89,
    "family_counts": {
      "CLEAR": 4,
      "DRAIN": 12,
      "DROP_THEN_TRANSFER": 24,
      "MERGE_THREE": 24,
      "MERGE_TWO": 24,
      "NOOP": 1
    },
    "load_latency": {
      "max_ms": 15.749599988339469,
      "mean_ms": 13.398479990428314
    },
    "registry_hash": "2eb21ab8f44822ac2fad377d0d372833eb7068250375d0390db8f44f2ebe073f",
    "rule_memory_hash": "740c30036366b5f21b6f24433e5cb0f0eb02a1e88c3d63f2ed9a9d996de5077b",
    "unique_skills": 89
  },
  "scale": [
    {
      "catalog_text_entries": 100,
      "index_build_ms": 6.054099998436868,
      "index_entries": 100,
      "lexical_query_ms": 0.03360002301633358,
      "peak_memory_bytes": 464853,
      "query_examples": 100,
      "unique_skills": 89
    },
    {
      "catalog_text_entries": 500,
      "index_build_ms": 30.553999997209758,
      "index_entries": 500,
      "lexical_query_ms": 0.18989999080076814,
      "peak_memory_bytes": 2335895,
      "query_examples": 500,
      "unique_skills": 89
    },
    {
      "catalog_text_entries": 1000,
      "index_build_ms": 63.5263999865856,
      "index_entries": 1000,
      "lexical_query_ms": 0.36869998439215124,
      "peak_memory_bytes": 4678604,
      "query_examples": 1000,
      "unique_skills": 89
    },
    {
      "catalog_text_entries": 5000,
      "index_build_ms": 338.48700000089593,
      "index_entries": 5000,
      "lexical_query_ms": 2.8239000239409506,
      "peak_memory_bytes": 23410863,
      "query_examples": 5000,
      "unique_skills": 89
    },
    {
      "catalog_text_entries": 10000,
      "index_build_ms": 694.7772999992594,
      "index_entries": 10000,
      "lexical_query_ms": 5.1380000077188015,
      "peak_memory_bytes": 46826843,
      "query_examples": 10000,
      "unique_skills": 89
    }
  ],
  "stage1_version": "1.0.1",
  "status": "PASS",
  "trusted_import_no_torch": true,
  "trusted_retrieval": {
    "controlled_exact": 356,
    "controlled_total": 356,
    "cross_language_equal": 1.0,
    "elapsed_seconds": 33.18546609999612,
    "latency_ms": {
      "en": 74.70136573077102,
      "ru": 74.73480393321991
    },
    "structured_exact": 89,
    "structured_total": 89,
    "wrong_automatic_skill_selection": 0
  },
  "unknown_policy": {
    "automatic_selection_count": 0,
    "count": 785,
    "exact_marked_count": 0,
    "safe_rate": 1.0
  }
}
COMMAND: uv run python scripts/m251_fair_acceptance.py (external output; no blind reopen)
{
  "dataset": {
    "blind_public_sha256": "ea564e41d0677c16169b9349f579e8d7e80aa5797423f0c4e9482393f979e7ee",
    "blind_targets_sha256": "082bbe603581e581cd8f47d54c99eeb8e7b718a737ddbbc66ebd0d876b83c1d0",
    "evaluation_slices": {
      "AMBIGUOUS": 3578,
      "CATALOG_LEXICAL_HOLDOUT": 1046,
      "COMPOSED_OOD": 1045,
      "CROSS_LANGUAGE_TRANSFER": 1045,
      "HARD_NEIGHBOR": 4911,
      "ID": 22114,
      "ORDER_HOLDOUT": 1045,
      "TEMPLATE_HOLDOUT": 1046,
      "TRUE_LEXICAL_OOD": 500,
      "UNKNOWN": 3578,
      "VARIABLE_PERMUTATION": 1046,
      "ZERO_QUERY_SKILL": 1046
    },
    "ood_split_definition_hash": "2c193a110d8dbb5022e429cf4d39cbb08d62928aa2d6b0e168958abd14fdd3d8",
    "prompt_intersections": {
      "calibration_x_blind": 0,
      "calibration_x_development": 0,
      "development_x_blind": 0,
      "train_x_blind": 0,
      "train_x_calibration": 0,
      "train_x_development": 0,
      "train_x_validation": 0,
      "validation_x_blind": 0,
      "validation_x_calibration": 0,
      "validation_x_development": 0
    },
    "query_surface_inventory_hash": "dfe39cdfbc7655ed9fd2ef85aa90316b7efe46ce6fb8693585144d066279c79c",
    "split_counts": {
      "blind": 6000,
      "calibration": 3000,
      "development": 6000,
      "train": 24000,
      "validation": 3000
    },
    "zero_query_skill_count": 18
  },
  "deterministic_baselines": {
    "bm25": {
      "by_slice": {
        "CATALOG_LEXICAL_HOLDOUT": {
          "count": 546,
          "mrr": 0.08474795766756867,
          "top1": 0.009157509157509158,
          "top3": 0.06776556776556776,
          "top5": 0.15934065934065933
        },
        "COMPOSED_OOD": {
          "count": 545,
          "mrr": 0.06396001064406603,
          "top1": 0.0,
          "top3": 0.03853211009174312,
          "top5": 0.07889908256880734
        },
        "CROSS_LANGUAGE_TRANSFER": {
          "count": 545,
          "mrr": 0.07422347531268673,
          "top1": 0.0,
          "top3": 0.025688073394495414,
          "top5": 0.12110091743119267
        },
        "HARD_NEIGHBOR": {
          "count": 545,
          "mrr": 0.11598169333874321,
          "top1": 0.04220183486238532,
          "top3": 0.10091743119266056,
          "top5": 0.1577981651376147
        },
        "ID": {
          "count": 546,
          "mrr": 0.07872835550455559,
          "top1": 0.003663003663003663,
          "top3": 0.05128205128205128,
          "top5": 0.11538461538461539
        },
        "ORDER_HOLDOUT": {
          "count": 545,
          "mrr": 0.08920700032156235,
          "top1": 0.007339449541284404,
          "top3": 0.06972477064220184,
          "top5": 0.1688073394495413
        },
        "TEMPLATE_HOLDOUT": {
          "count": 546,
          "mrr": 0.06506319898685926,
          "top1": 0.0,
          "top3": 0.029304029304029304,
          "top5": 0.08791208791208792
        },
        "VARIABLE_PERMUTATION": {
          "count": 546,
          "mrr": 0.1497887131703075,
          "top1": 0.007326007326007326,
          "top3": 0.19597069597069597,
          "top5": 0.27106227106227104
        },
        "ZERO_QUERY_SKILL": {
          "count": 546,
          "mrr": 0.20079024145166563,
          "top1": 0.1043956043956044,
          "top3": 0.21611721611721613,
          "top5": 0.26556776556776557
        }
      },
      "hard_neighbor_pairwise": 0.03486238532110092,
      "known_count": 4910,
      "mrr": 0.1025125296850711,
      "top1": 0.019348268839103868,
      "top3": 0.08839103869653768,
      "top5": 0.15845213849287168,
      "trusted_selector": false
    },
    "character_ngram": {
      "by_slice": {
        "CATALOG_LEXICAL_HOLDOUT": {
          "count": 546,
          "mrr": 0.466515047637452,
          "top1": 0.35714285714285715,
          "top3": 0.510989010989011,
          "top5": 0.5622710622710623
        },
        "COMPOSED_OOD": {
          "count": 545,
          "mrr": 0.4171177606021853,
          "top1": 0.3504587155963303,
          "top3": 0.4091743119266055,
          "top5": 0.44587155963302755
        },
        "CROSS_LANGUAGE_TRANSFER": {
          "count": 545,
          "mrr": 0.36548505088503513,
          "top1": 0.3174311926605505,
          "top3": 0.3486238532110092,
          "top5": 0.363302752293578
        },
        "HARD_NEIGHBOR": {
          "count": 545,
          "mrr": 0.4416885488559611,
          "top1": 0.3706422018348624,
          "top3": 0.44220183486238535,
          "top5": 0.4917431192660551
        },
        "ID": {
          "count": 546,
          "mrr": 0.4123421292887961,
          "top1": 0.3333333333333333,
          "top3": 0.42857142857142855,
          "top5": 0.47619047619047616
        },
        "ORDER_HOLDOUT": {
          "count": 545,
          "mrr": 0.40900218999291166,
          "top1": 0.3192660550458716,
          "top3": 0.42935779816513764,
          "top5": 0.47522935779816516
        },
        "TEMPLATE_HOLDOUT": {
          "count": 546,
          "mrr": 0.407140096653769,
          "top1": 0.336996336996337,
          "top3": 0.3992673992673993,
          "top5": 0.44871794871794873
        },
        "VARIABLE_PERMUTATION": {
          "count": 546,
          "mrr": 0.5104016892204076,
          "top1": 0.41025641025641024,
          "top3": 0.5256410256410257,
          "top5": 0.5879120879120879
        },
        "ZERO_QUERY_SKILL": {
          "count": 546,
          "mrr": 0.5121633571131297,
          "top1": 0.45054945054945056,
          "top3": 0.510989010989011,
          "top5": 0.5439560439560439
        }
      },
      "hard_neighbor_pairwise": 0.7431192660550459,
      "known_count": 4910,
      "mrr": 0.4380081490032529,
      "top1": 0.36069246435845215,
      "top3": 0.445010183299389,
      "top5": 0.48839103869653766,
      "trusted_selector": false
    },
    "exact_catalog_substring": {
      "by_slice": {
        "CATALOG_LEXICAL_HOLDOUT": {
          "count": 546,
          "mrr": 0.030240752086415933,
          "top1": 0.0,
          "top3": 0.0,
          "top5": 0.0
        },
        "COMPOSED_OOD": {
          "count": 545,
          "mrr": 0.02878338755502245,
          "top1": 0.0,
          "top3": 0.0,
          "top5": 0.0
        },
        "CROSS_LANGUAGE_TRANSFER": {
          "count": 545,
          "mrr": 0.03823239248316882,
          "top1": 0.0,
          "top3": 0.0,
          "top5": 0.0
        },
        "HARD_NEIGHBOR": {
          "count": 545,
          "mrr": 0.06039339393090618,
          "top1": 0.005504587155963303,
          "top3": 0.04220183486238532,
          "top5": 0.06788990825688074
        },
        "ID": {
          "count": 546,
          "mrr": 0.02975702149749298,
          "top1": 0.0,
          "top3": 0.0,
          "top5": 0.0
        },
        "ORDER_HOLDOUT": {
          "count": 545,
          "mrr": 0.028639652918806137,
          "top1": 0.0,
          "top3": 0.0,
          "top5": 0.0
        },
        "TEMPLATE_HOLDOUT": {
          "count": 546,
          "mrr": 0.02950811389166046,
          "top1": 0.0,
          "top3": 0.0,
          "top5": 0.0
        },
        "VARIABLE_PERMUTATION": {
          "count": 546,
          "mrr": 0.04241009924591049,
          "top1": 0.0,
          "top3": 0.0,
          "top5": 0.0
        },
        "ZERO_QUERY_SKILL": {
          "count": 546,
          "mrr": 0.15196600711180402,
          "top1": 0.047619047619047616,
          "top3": 0.1575091575091575,
          "top5": 0.2673992673992674
        }
      },
      "hard_neighbor_pairwise": 0.0,
      "known_count": 4910,
      "mrr": 0.048889242217287264,
      "top1": 0.005906313645621181,
      "top3": 0.02219959266802444,
      "top5": 0.037270875763747456,
      "trusted_selector": false
    },
    "lexical_token_overlap": {
      "by_slice": {
        "CATALOG_LEXICAL_HOLDOUT": {
          "count": 546,
          "mrr": 0.08804829149109665,
          "top1": 0.0,
          "top3": 0.06227106227106227,
          "top5": 0.13186813186813187
        },
        "COMPOSED_OOD": {
          "count": 545,
          "mrr": 0.06501325254853853,
          "top1": 0.0,
          "top3": 0.03669724770642202,
          "top5": 0.06972477064220184
        },
        "CROSS_LANGUAGE_TRANSFER": {
          "count": 545,
          "mrr": 0.06302328049462523,
          "top1": 0.0,
          "top3": 0.044036697247706424,
          "top5": 0.044036697247706424
        },
        "HARD_NEIGHBOR": {
          "count": 545,
          "mrr": 0.10810672915962932,
          "top1": 0.027522935779816515,
          "top3": 0.08807339449541285,
          "top5": 0.14862385321100918
        },
        "ID": {
          "count": 546,
          "mrr": 0.07290203252201886,
          "top1": 0.0,
          "top3": 0.04395604395604396,
          "top5": 0.08791208791208792
        },
        "ORDER_HOLDOUT": {
          "count": 545,
          "mrr": 0.06580467330044751,
          "top1": 0.0,
          "top3": 0.027522935779816515,
          "top5": 0.06605504587155964
        },
        "TEMPLATE_HOLDOUT": {
          "count": 546,
          "mrr": 0.06432341166013408,
          "top1": 0.0,
          "top3": 0.027472527472527472,
          "top5": 0.06043956043956044
        },
        "VARIABLE_PERMUTATION": {
          "count": 546,
          "mrr": 0.0945989746985236,
          "top1": 0.0,
          "top3": 0.06776556776556776,
          "top5": 0.06776556776556776
        },
        "ZERO_QUERY_SKILL": {
          "count": 546,
          "mrr": 0.20476789190964156,
          "top1": 0.10805860805860806,
          "top3": 0.18864468864468864,
          "top5": 0.2802197802197802
        }
      },
      "hard_neighbor_pairwise": 0.0,
      "known_count": 4910,
      "mrr": 0.09185649566087956,
      "top1": 0.015071283095723014,
      "top3": 0.06517311608961303,
      "top5": 0.10631364562118126,
      "trusted_selector": false
    },
    "minimal_structured_feature": {
      "by_slice": {
        "CATALOG_LEXICAL_HOLDOUT": {
          "count": 546,
          "mrr": 0.034228114692710566,
          "top1": 0.0,
          "top3": 0.0,
          "top5": 0.0018315018315018315
        },
        "COMPOSED_OOD": {
          "count": 545,
          "mrr": 0.03461876850556227,
          "top1": 0.0,
          "top3": 0.0,
          "top5": 0.0
        },
        "CROSS_LANGUAGE_TRANSFER": {
          "count": 545,
          "mrr": 0.04164600620347217,
          "top1": 0.0,
          "top3": 0.0,
          "top5": 0.0
        },
        "HARD_NEIGHBOR": {
          "count": 545,
          "mrr": 0.06256867484173861,
          "top1": 0.0,
          "top3": 0.045871559633027525,
          "top5": 0.08073394495412844
        },
        "ID": {
          "count": 546,
          "mrr": 0.03321501727263369,
          "top1": 0.0,
          "top3": 0.0,
          "top5": 0.0
        },
        "ORDER_HOLDOUT": {
          "count": 545,
          "mrr": 0.03383260411918558,
          "top1": 0.0,
          "top3": 0.0,
          "top5": 0.0
        },
        "TEMPLATE_HOLDOUT": {
          "count": 546,
          "mrr": 0.033724915953389785,
          "top1": 0.0,
          "top3": 0.0,
          "top5": 0.0
        },
        "VARIABLE_PERMUTATION": {
          "count": 546,
          "mrr": 0.044199386417066375,
          "top1": 0.0,
          "top3": 0.0,
          "top5": 0.1391941391941392
        },
        "ZERO_QUERY_SKILL": {
          "count": 546,
          "mrr": 0.13746761287393008,
          "top1": 0.054945054945054944,
          "top3": 0.15934065934065933,
          "top5": 0.21062271062271062
        }
      },
      "hard_neighbor_pairwise": 0.0,
      "known_count": 4910,
      "mrr": 0.050617298376097825,
      "top1": 0.006109979633401222,
      "top3": 0.022810590631364563,
      "top5": 0.04806517311608961,
      "trusted_selector": false
    },
    "random": {
      "by_slice": {
        "CATALOG_LEXICAL_HOLDOUT": {
          "count": 546,
          "mrr": 0.037792386726101544,
          "top1": 0.009157509157509158,
          "top3": 0.009157509157509158,
          "top5": 0.009157509157509158
        },
        "COMPOSED_OOD": {
          "count": 545,
          "mrr": 0.04388552079503238,
          "top1": 0.01651376146788991,
          "top3": 0.01651376146788991,
          "top5": 0.01651376146788991
        },
        "CROSS_LANGUAGE_TRANSFER": {
          "count": 545,
          "mrr": 0.04487698225145307,
          "top1": 0.009174311926605505,
          "top3": 0.009174311926605505,
          "top5": 0.009174311926605505
        },
        "HARD_NEIGHBOR": {
          "count": 545,
          "mrr": 0.06371735246841775,
          "top1": 0.012844036697247707,
          "top3": 0.023853211009174313,
          "top5": 0.07155963302752294
        },
        "ID": {
          "count": 546,
          "mrr": 0.03736022078850413,
          "top1": 0.009157509157509158,
          "top3": 0.009157509157509158,
          "top5": 0.009157509157509158
        },
        "ORDER_HOLDOUT": {
          "count": 545,
          "mrr": 0.04011098253133182,
          "top1": 0.012844036697247707,
          "top3": 0.012844036697247707,
          "top5": 0.012844036697247707
        },
        "TEMPLATE_HOLDOUT": {
          "count": 546,
          "mrr": 0.04257484223856141,
          "top1": 0.014652014652014652,
          "top3": 0.014652014652014652,
          "top5": 0.014652014652014652
        },
        "VARIABLE_PERMUTATION": {
          "count": 546,
          "mrr": 0.042237107069717825,
          "top1": 0.003663003663003663,
          "top3": 0.003663003663003663,
          "top5": 0.003663003663003663
        },
        "ZERO_QUERY_SKILL": {
          "count": 546,
          "mrr": 0.12340498390906897,
          "top1": 0.016483516483516484,
          "top3": 0.1282051282051282,
          "top5": 0.23809523809523808
        }
      },
      "hard_neighbor_pairwise": 0.012844036697247707,
      "known_count": 4910,
      "mrr": 0.052888345412392034,
      "top1": 0.011608961303462322,
      "top3": 0.02525458248472505,
      "top5": 0.04276985743380855,
      "trusted_selector": false
    }
  },
  "dispatch": {
    "controlled_ru_en_dispatch_success": 12,
    "controlled_ru_en_dispatch_total": 12,
    "family_counts": {
      "CLEAR": 4,
      "DRAIN": 12,
      "DROP_THEN_TRANSFER": 24,
      "MERGE_THREE": 24,
      "MERGE_TWO": 24,
      "NOOP": 1
    },
    "representative_state_checks": 42,
    "status": "PASS",
    "structural_dispatch_success": 89,
    "structural_dispatch_total": 89
  },
  "dispatch_evidence_hash": "c952fcb6d5c120ab795d7657131b8e2232326b08d3eb26ce95cd7b4a1f70759d",
  "duration_seconds": 86.14603079998051,
  "git_sha": "6f0f1e76b852d078056b4a0e0aca6d54fbc77d0e",
  "label_leakage": {
    "exact_catalog_substring": {
      "by_slice": {
        "AMBIGUOUS": 0.0,
        "CATALOG_LEXICAL_HOLDOUT": 0.0,
        "COMPOSED_OOD": 0.0,
        "CROSS_LANGUAGE_TRANSFER": 0.0,
        "HARD_NEIGHBOR": 0.0,
        "ID": 0.0,
        "ORDER_HOLDOUT": 0.0,
        "TEMPLATE_HOLDOUT": 0.0,
        "UNKNOWN": 0.0,
        "VARIABLE_PERMUTATION": 0.0,
        "ZERO_QUERY_SKILL": 0.0
      },
      "examples": [],
      "overall_rate": 0.0
    },
    "length_punctuation": {
      "alert": false,
      "alert_threshold": 0.6,
      "auroc": 0.5719996636708459,
      "features": [
        "length",
        "punctuation",
        "sentence_count",
        "line_count"
      ]
    },
    "query_to_skill_corpus_overlap": {
      "minimal": {
        "by_slice_mean": {
          "AMBIGUOUS": 0.0057902733996571,
          "CATALOG_LEXICAL_HOLDOUT": 0.002814705327631434,
          "COMPOSED_OOD": 0.0019167490743252557,
          "CROSS_LANGUAGE_TRANSFER": 0.0020837428367418203,
          "HARD_NEIGHBOR": 0.0024262630493702346,
          "ID": 0.002005633320098181,
          "ORDER_HOLDOUT": 0.0022761608763830843,
          "TEMPLATE_HOLDOUT": 0.0018791320846969334,
          "UNKNOWN": 0.002515276836764992,
          "VARIABLE_PERMUTATION": 0.0016954998061138953,
          "ZERO_QUERY_SKILL": 0.0022475913017892557
        },
        "char_ngram_jaccard": {
          "max": 0.024390243902439025,
          "mean": 0.0025134087957895284,
          "p50": 0.0,
          "p90": 0.011299435028248588
        },
        "complete_line_subsequence_rate": 0.0,
        "condition": "minimal"
      },
      "rich": {
        "by_slice_mean": {
          "AMBIGUOUS": 0.05002113161246644,
          "CATALOG_LEXICAL_HOLDOUT": 0.09283617714274506,
          "COMPOSED_OOD": 0.05667367435990692,
          "CROSS_LANGUAGE_TRANSFER": 0.05919254195044983,
          "HARD_NEIGHBOR": 0.05960270419981847,
          "ID": 0.05919688262730726,
          "ORDER_HOLDOUT": 0.058994317396529945,
          "TEMPLATE_HOLDOUT": 0.05676582825745384,
          "UNKNOWN": 0.04140390362311124,
          "VARIABLE_PERMUTATION": 0.06029543198693768,
          "ZERO_QUERY_SKILL": 0.059927665772858886
        },
        "char_ngram_jaccard": {
          "max": 0.14463452566096424,
          "mean": 0.059542518850401904,
          "p50": 0.058655221745350504,
          "p90": 0.07575757575757576
        },
        "complete_line_subsequence_rate": 0.0,
        "condition": "rich"
      },
      "sanitized": {
        "by_slice_mean": {
          "AMBIGUOUS": 0.0073913039533908265,
          "CATALOG_LEXICAL_HOLDOUT": 0.015560030647874859,
          "COMPOSED_OOD": 0.016543799250141527,
          "CROSS_LANGUAGE_TRANSFER": 0.01718264207251138,
          "HARD_NEIGHBOR": 0.017564746157420333,
          "ID": 0.01802490994670224,
          "ORDER_HOLDOUT": 0.01787622546906174,
          "TEMPLATE_HOLDOUT": 0.016294435668603377,
          "UNKNOWN": 0.00641328587498092,
          "VARIABLE_PERMUTATION": 0.016770696883426063,
          "ZERO_QUERY_SKILL": 0.016064522965772893
        },
        "char_ngram_jaccard": {
          "max": 0.07547169811320754,
          "mean": 0.015063651831850057,
          "p50": 0.0,
          "p90": 0.0410958904109589
        },
        "complete_line_subsequence_rate": 0.0,
        "condition": "sanitized"
      }
    },
    "wrapper_only": {
      "alert": false,
      "alert_threshold": 0.6,
      "auroc": 0.5015907434742801,
      "feature_count": 12
    }
  },
  "milestone": "M-25.1",
  "platform": "Windows-11-10.0.26200-SP0",
  "python": "3.12.13 (main, Aug  7 2026, 02:26:41) [MSC v.1944 64 bit (AMD64)]",
  "registry": {
    "class_size_distribution": {
      "1": 41,
      "2": 12,
      "6": 4
    },
    "final_state_effect_class_count": 57,
    "full_execution_equivalence_class_count": 89,
    "order_insensitive_class_count": 33,
    "order_sensitive_class_count": 24,
    "registry_hash": "866a71bd932c5eccfb6e1820493544d486b743796ed167dc0011c7dd971f8a76",
    "rule_memory_hash": "51f4cb329eed2123c343441910c8d21d7f176e8c1063d865aa164e2b4135bfa0",
    "structural_skill_count": 89,
    "trace_distinct_class_count": 16
  },
  "skill_corpus_hashes": {
    "minimal": "627aaa7e154d313054f0bb14caf65f780607279bd74d3ab921625f6b69dc28e4",
    "rich": "219792ddf3563c1eef97b533e6dd58a3e92eb09a895fa142008318dbb3bade79",
    "sanitized": "47fff640d6a6d6aa275cb7aac2250bc37ab79428bfababd4ab8f4581b285fbe5"
  },
  "status": "PASS",
  "trusted_import_no_torch": true
}
COMMAND: uv run python scripts/m252_semantic_route_acceptance.py
{
  "checks": 1293,
  "controlled_retrieval": {
    "cross_language_equality": 1.0,
    "success": 356,
    "total": 356
  },
  "dispatch": {
    "controlled_success": 12,
    "controlled_total": 12,
    "structural_success": 89,
    "structural_total": 89
  },
  "duration_seconds": 97.12378729999182,
  "equivalence_validation": {
    "checked_execution_count": 640,
    "checked_pair_count": 32,
    "class_size_distribution": {
      "1": 41,
      "2": 12,
      "6": 4
    },
    "final_state_effect_class_count": 57,
    "full_execution_equivalence_class_count": 89,
    "order_insensitive_class_count": 33,
    "order_sensitive_class_count": 24,
    "representative_pairs": [
      {
        "equivalence_class_hash": "334824275c4c9f3b24b0d2ed5e4e67794b91ed718fce58a02274caf4e3d1f92c",
        "first": {
          "action_stream_hash": "1e507f5846757ff4b3949ed223d6c002b9551c0b508d09c28bce6c4eb57c6fbb",
          "captured_actions": [
            "M R1 R0",
            "M R1 R0",
            "M R1 R0",
            "M R2 R0",
            "M R2 R0",
            "M R2 R0",
            "M R2 R0",
            "M R2 R0",
            "H"
          ],
          "executed_steps": 9,
          "execution_hash": "85dbdecf0395370c204746030a9893b4190f1d83e9e5d9efef0c457821b9894a",
          "final_state": {
            "R0": 10,
            "R1": 0,
            "R2": 0,
            "R3": 7
          },
          "final_state_effect_hash": "01be337b6e4d38d6556964941685f3c8163ddeec5b6e51e8002f7c28487954f1",
          "initial_state": {
            "R0": 2,
            "R1": 3,
            "R2": 5,
            "R3": 7
          },
          "intermediate_states": [
            {
              "R0": 3,
              "R1": 2,
              "R2": 5,
              "R3": 7
            },
            {
              "R0": 4,
              "R1": 1,
              "R2": 5,
              "R3": 7
            },
            {
              "R0": 5,
              "R1": 0,
              "R2": 5,
              "R3": 7
            },
            {
              "R0": 6,
              "R1": 0,
              "R2": 4,
              "R3": 7
            },
            {
              "R0": 7,
              "R1": 0,
              "R2": 3,
              "R3": 7
            },
            {
              "R0": 8,
              "R1": 0,
              "R2": 2,
              "R3": 7
            },
            {
              "R0": 9,
              "R1": 0,
              "R2": 1,
              "R3": 7
            },
            {
              "R0": 10,
              "R1": 0,
              "R2": 0,
              "R3": 7
            },
            {
              "R0": 10,
              "R1": 0,
              "R2": 0,
              "R3": 7
            }
          ],
          "skill_id": "skill-7e832b546cd45bbc684c",
          "specification_hash": "d860d95a22fabf21fdd95fc4ed3b7251ff48eab77cb9427eaaa8261350137619"
        },
        "proof_kind": "COMMUTING_DRAINS_SAME_DESTINATION",
        "second": {
          "action_stream_hash": "24deec2b015c76a7d80398c9840052ef26174fa02fd04c84bff9de2b02d88931",
          "captured_actions": [
            "M R2 R0",
            "M R2 R0",
            "M R2 R0",
            "M R2 R0",
            "M R2 R0",
            "M R1 R0",
            "M R1 R0",
            "M R1 R0",
            "H"
          ],
          "executed_steps": 9,
          "execution_hash": "9b3fa72ab33d9f648aedee41a0ede469e78e0962ac13b9a8210c96a9392ed68f",
          "final_state": {
            "R0": 10,
            "R1": 0,
            "R2": 0,
            "R3": 7
          },
          "final_state_effect_hash": "01be337b6e4d38d6556964941685f3c8163ddeec5b6e51e8002f7c28487954f1",
          "initial_state": {
            "R0": 2,
            "R1": 3,
            "R2": 5,
            "R3": 7
          },
          "intermediate_states": [
            {
              "R0": 3,
              "R1": 3,
              "R2": 4,
              "R3": 7
            },
            {
              "R0": 4,
              "R1": 3,
              "R2": 3,
              "R3": 7
            },
            {
              "R0": 5,
              "R1": 3,
              "R2": 2,
              "R3": 7
            },
            {
              "R0": 6,
              "R1": 3,
              "R2": 1,
              "R3": 7
            },
            {
              "R0": 7,
              "R1": 3,
              "R2": 0,
              "R3": 7
            },
            {
              "R0": 8,
              "R1": 2,
              "R2": 0,
              "R3": 7
            },
            {
              "R0": 9,
              "R1": 1,
              "R2": 0,
              "R3": 7
            },
            {
              "R0": 10,
              "R1": 0,
              "R2": 0,
              "R3": 7
            },
            {
              "R0": 10,
              "R1": 0,
              "R2": 0,
              "R3": 7
            }
          ],
          "skill_id": "skill-9d9ab329db6c92fd7741",
          "specification_hash": "8949427626911e2977b60bf212ece207b98fdd1d7f5bf382e20b917a2e0848fc"
        }
      },
      {
        "equivalence_class_hash": "fe06eac69a5ad6001ee85180361268726a782b77844cd6149b0df3d7b3b0988f",
        "first": {
          "action_stream_hash": "2deb36ee244fbcc6acbceb9c2a83c5423407c108dc417bf152dec7e366438d3e",
          "captured_actions": [
            "M R2 R0",
            "M R2 R0",
            "M R2 R0",
            "M R2 R0",
            "M R2 R0",
            "M R3 R0",
            "M R3 R0",
            "M R3 R0",
            "M R3 R0",
            "M R3 R0",
            "M R3 R0",
            "M R3 R0",
            "M R1 R0",
            "M R1 R0",
            "M R1 R0",
            "H"
          ],
          "executed_steps": 16,
          "execution_hash": "946144f5d361fbd3dc309e137bc136fb1664994d8c06bf6aa04d15e6192a30cb",
          "final_state": {
            "R0": 17,
            "R1": 0,
            "R2": 0,
            "R3": 0
          },
          "final_state_effect_hash": "4840eb7aaed4c4b4bc91a8c89f63d1c5a1fe9e3363dc9098a7402ed537578f65",
          "initial_state": {
            "R0": 2,
            "R1": 3,
            "R2": 5,
            "R3": 7
          },
          "intermediate_states": [
            {
              "R0": 3,
              "R1": 3,
              "R2": 4,
              "R3": 7
            },
            {
              "R0": 4,
              "R1": 3,
              "R2": 3,
              "R3": 7
            },
            {
              "R0": 5,
              "R1": 3,
              "R2": 2,
              "R3": 7
            },
            {
              "R0": 6,
              "R1": 3,
              "R2": 1,
              "R3": 7
            },
            {
              "R0": 7,
              "R1": 3,
              "R2": 0,
              "R3": 7
            },
            {
              "R0": 8,
              "R1": 3,
              "R2": 0,
              "R3": 6
            },
            {
              "R0": 9,
              "R1": 3,
              "R2": 0,
              "R3": 5
            },
            {
              "R0": 10,
              "R1": 3,
              "R2": 0,
              "R3": 4
            },
            {
              "R0": 11,
              "R1": 3,
              "R2": 0,
              "R3": 3
            },
            {
              "R0": 12,
              "R1": 3,
              "R2": 0,
              "R3": 2
            },
            {
              "R0": 13,
              "R1": 3,
              "R2": 0,
              "R3": 1
            },
            {
              "R0": 14,
              "R1": 3,
              "R2": 0,
              "R3": 0
            },
            {
              "R0": 15,
              "R1": 2,
              "R2": 0,
              "R3": 0
            },
            {
              "R0": 16,
              "R1": 1,
              "R2": 0,
              "R3": 0
            },
            {
              "R0": 17,
              "R1": 0,
              "R2": 0,
              "R3": 0
            },
            {
              "R0": 17,
              "R1": 0,
              "R2": 0,
              "R3": 0
            }
          ],
          "skill_id": "skill-198267d0f07cd4346bee",
          "specification_hash": "989a63c5a212ed3005e506f0884a6cb8041121a232d98e8148719cad4ed70b8f"
        },
        "proof_kind": "COMMUTING_DRAINS_SAME_DESTINATION",
        "second": {
          "action_stream_hash": "6c1c6638e0fd94532591252a3374811d05b7a70a01922e3f6f540841ca7ae82e",
          "captured_actions": [
            "M R3 R0",
            "M R3 R0",
            "M R3 R0",
            "M R3 R0",
            "M R3 R0",
            "M R3 R0",
            "M R3 R0",
            "M R1 R0",
            "M R1 R0",
            "M R1 R0",
            "M R2 R0",
            "M R2 R0",
            "M R2 R0",
            "M R2 R0",
            "M R2 R0",
            "H"
          ],
          "executed_steps": 16,
          "execution_hash": "208cc592819c0b40408d9eaf79b031c81fbef164fe1ef434c19e193cf25cecaa",
          "final_state": {
            "R0": 17,
            "R1": 0,
            "R2": 0,
            "R3": 0
          },
          "final_state_effect_hash": "4840eb7aaed4c4b4bc91a8c89f63d1c5a1fe9e3363dc9098a7402ed537578f65",
          "initial_state": {
            "R0": 2,
            "R1": 3,
            "R2": 5,
            "R3": 7
          },
          "intermediate_states": [
            {
              "R0": 3,
              "R1": 3,
              "R2": 5,
              "R3": 6
            },
            {
              "R0": 4,
              "R1": 3,
              "R2": 5,
              "R3": 5
            },
            {
              "R0": 5,
              "R1": 3,
              "R2": 5,
              "R3": 4
            },
            {
              "R0": 6,
              "R1": 3,
              "R2": 5,
              "R3": 3
            },
            {
              "R0": 7,
              "R1": 3,
              "R2": 5,
              "R3": 2
            },
            {
              "R0": 8,
              "R1": 3,
              "R2": 5,
              "R3": 1
            },
            {
              "R0": 9,
              "R1": 3,
              "R2": 5,
              "R3": 0
            },
            {
              "R0": 10,
              "R1": 2,
              "R2": 5,
              "R3": 0
            },
            {
              "R0": 11,
              "R1": 1,
              "R2": 5,
              "R3": 0
            },
            {
              "R0": 12,
              "R1": 0,
              "R2": 5,
              "R3": 0
            },
            {
              "R0": 13,
              "R1": 0,
              "R2": 4,
              "R3": 0
            },
            {
              "R0": 14,
              "R1": 0,
              "R2": 3,
              "R3": 0
            },
            {
              "R0": 15,
              "R1": 0,
              "R2": 2,
              "R3": 0
            },
            {
              "R0": 16,
              "R1": 0,
              "R2": 1,
              "R3": 0
            },
            {
              "R0": 17,
              "R1": 0,
              "R2": 0,
              "R3": 0
            },
            {
              "R0": 17,
              "R1": 0,
              "R2": 0,
              "R3": 0
            }
          ],
          "skill_id": "skill-2ea82f1d5ad16e25eca0",
          "specification_hash": "201b94326227fbc92247ca6bc9dd576d1ccd0b62cc662281586c7025b40887a9"
        }
      },
      {
        "equivalence_class_hash": "fe06eac69a5ad6001ee85180361268726a782b77844cd6149b0df3d7b3b0988f",
        "first": {
          "action_stream_hash": "2deb36ee244fbcc6acbceb9c2a83c5423407c108dc417bf152dec7e366438d3e",
          "captured_actions": [
            "M R2 R0",
            "M R2 R0",
            "M R2 R0",
            "M R2 R0",
            "M R2 R0",
            "M R3 R0",
            "M R3 R0",
            "M R3 R0",
            "M R3 R0",
            "M R3 R0",
            "M R3 R0",
            "M R3 R0",
            "M R1 R0",
            "M R1 R0",
            "M R1 R0",
            "H"
          ],
          "executed_steps": 16,
          "execution_hash": "946144f5d361fbd3dc309e137bc136fb1664994d8c06bf6aa04d15e6192a30cb",
          "final_state": {
            "R0": 17,
            "R1": 0,
            "R2": 0,
            "R3": 0
          },
          "final_state_effect_hash": "4840eb7aaed4c4b4bc91a8c89f63d1c5a1fe9e3363dc9098a7402ed537578f65",
          "initial_state": {
            "R0": 2,
            "R1": 3,
            "R2": 5,
            "R3": 7
          },
          "intermediate_states": [
            {
              "R0": 3,
              "R1": 3,
              "R2": 4,
              "R3": 7
            },
            {
              "R0": 4,
              "R1": 3,
              "R2": 3,
              "R3": 7
            },
            {
              "R0": 5,
              "R1": 3,
              "R2": 2,
              "R3": 7
            },
            {
              "R0": 6,
              "R1": 3,
              "R2": 1,
              "R3": 7
            },
            {
              "R0": 7,
              "R1": 3,
              "R2": 0,
              "R3": 7
            },
            {
              "R0": 8,
              "R1": 3,
              "R2": 0,
              "R3": 6
            },
            {
              "R0": 9,
              "R1": 3,
              "R2": 0,
              "R3": 5
            },
            {
              "R0": 10,
              "R1": 3,
              "R2": 0,
              "R3": 4
            },
            {
              "R0": 11,
              "R1": 3,
              "R2": 0,
              "R3": 3
            },
            {
              "R0": 12,
              "R1": 3,
              "R2": 0,
              "R3": 2
            },
            {
              "R0": 13,
              "R1": 3,
              "R2": 0,
              "R3": 1
            },
            {
              "R0": 14,
              "R1": 3,
              "R2": 0,
              "R3": 0
            },
            {
              "R0": 15,
              "R1": 2,
              "R2": 0,
              "R3": 0
            },
            {
              "R0": 16,
              "R1": 1,
              "R2": 0,
              "R3": 0
            },
            {
              "R0": 17,
              "R1": 0,
              "R2": 0,
              "R3": 0
            },
            {
              "R0": 17,
              "R1": 0,
              "R2": 0,
              "R3": 0
            }
          ],
          "skill_id": "skill-198267d0f07cd4346bee",
          "specification_hash": "989a63c5a212ed3005e506f0884a6cb8041121a232d98e8148719cad4ed70b8f"
        },
        "proof_kind": "COMMUTING_DRAINS_SAME_DESTINATION",
        "second": {
          "action_stream_hash": "7421ba3a48535615ed3f781992fae7775223cd48a2c02e8d8f02b4bcb21483e2",
          "captured_actions": [
            "M R2 R0",
            "M R2 R0",
            "M R2 R0",
            "M R2 R0",
            "M R2 R0",
            "M R1 R0",
            "M R1 R0",
            "M R1 R0",
            "M R3 R0",
            "M R3 R0",
            "M R3 R0",
            "M R3 R0",
            "M R3 R0",
            "M R3 R0",
            "M R3 R0",
            "H"
          ],
          "executed_steps": 16,
          "execution_hash": "a1ee2b40c3320f676ff4504865d690d4c237c002dc55ea0c3539fbb676f56b33",
          "final_state": {
            "R0": 17,
            "R1": 0,
            "R2": 0,
            "R3": 0
          },
          "final_state_effect_hash": "4840eb7aaed4c4b4bc91a8c89f63d1c5a1fe9e3363dc9098a7402ed537578f65",
          "initial_state": {
            "R0": 2,
            "R1": 3,
            "R2": 5,
            "R3": 7
          },
          "intermediate_states": [
            {
              "R0": 3,
              "R1": 3,
              "R2": 4,
              "R3": 7
            },
            {
              "R0": 4,
              "R1": 3,
              "R2": 3,
              "R3": 7
            },
            {
              "R0": 5,
              "R1": 3,
              "R2": 2,
              "R3": 7
            },
            {
              "R0": 6,
              "R1": 3,
              "R2": 1,
              "R3": 7
            },
            {
              "R0": 7,
              "R1": 3,
              "R2": 0,
              "R3": 7
            },
            {
              "R0": 8,
              "R1": 2,
              "R2": 0,
              "R3": 7
            },
            {
              "R0": 9,
              "R1": 1,
              "R2": 0,
              "R3": 7
            },
            {
              "R0": 10,
              "R1": 0,
              "R2": 0,
              "R3": 7
            },
            {
              "R0": 11,
              "R1": 0,
              "R2": 0,
              "R3": 6
            },
            {
              "R0": 12,
              "R1": 0,
              "R2": 0,
              "R3": 5
            },
            {
              "R0": 13,
              "R1": 0,
              "R2": 0,
              "R3": 4
            },
            {
              "R0": 14,
              "R1": 0,
              "R2": 0,
              "R3": 3
            },
            {
              "R0": 15,
              "R1": 0,
              "R2": 0,
              "R3": 2
            },
            {
              "R0": 16,
              "R1": 0,
              "R2": 0,
              "R3": 1
            },
            {
              "R0": 17,
              "R1": 0,
              "R2": 0,
              "R3": 0
            },
            {
              "R0": 17,
              "R1": 0,
              "R2": 0,
              "R3": 0
            }
          ],
          "skill_id": "skill-a7cd9e66abe859dff3ce",
          "specification_hash": "f7acccdc95097d0479dfa16e17f414f18a862e0239f6275a31b2cfc84fdaafe9"
        }
      },
      {
        "equivalence_class_hash": "fe06eac69a5ad6001ee85180361268726a782b77844cd6149b0df3d7b3b0988f",
        "first": {
          "action_stream_hash": "2deb36ee244fbcc6acbceb9c2a83c5423407c108dc417bf152dec7e366438d3e",
          "captured_actions": [
            "M R2 R0",
            "M R2 R0",
            "M R2 R0",
            "M R2 R0",
            "M R2 R0",
            "M R3 R0",
            "M R3 R0",
            "M R3 R0",
            "M R3 R0",
            "M R3 R0",
            "M R3 R0",
            "M R3 R0",
            "M R1 R0",
            "M R1 R0",
            "M R1 R0",
            "H"
          ],
          "executed_steps": 16,
          "execution_hash": "946144f5d361fbd3dc309e137bc136fb1664994d8c06bf6aa04d15e6192a30cb",
          "final_state": {
            "R0": 17,
            "R1": 0,
            "R2": 0,
            "R3": 0
          },
          "final_state_effect_hash": "4840eb7aaed4c4b4bc91a8c89f63d1c5a1fe9e3363dc9098a7402ed537578f65",
          "initial_state": {
            "R0": 2,
            "R1": 3,
            "R2": 5,
            "R3": 7
          },
          "intermediate_states": [
            {
              "R0": 3,
              "R1": 3,
              "R2": 4,
              "R3": 7
            },
            {
              "R0": 4,
              "R1": 3,
              "R2": 3,
              "R3": 7
            },
            {
              "R0": 5,
              "R1": 3,
              "R2": 2,
              "R3": 7
            },
            {
              "R0": 6,
              "R1": 3,
              "R2": 1,
              "R3": 7
            },
            {
              "R0": 7,
              "R1": 3,
              "R2": 0,
              "R3": 7
            },
            {
              "R0": 8,
              "R1": 3,
              "R2": 0,
              "R3": 6
            },
            {
              "R0": 9,
              "R1": 3,
              "R2": 0,
              "R3": 5
            },
            {
              "R0": 10,
              "R1": 3,
              "R2": 0,
              "R3": 4
            },
            {
              "R0": 11,
              "R1": 3,
              "R2": 0,
              "R3": 3
            },
            {
              "R0": 12,
              "R1": 3,
              "R2": 0,
              "R3": 2
            },
            {
              "R0": 13,
              "R1": 3,
              "R2": 0,
              "R3": 1
            },
            {
              "R0": 14,
              "R1": 3,
              "R2": 0,
              "R3": 0
            },
            {
              "R0": 15,
              "R1": 2,
              "R2": 0,
              "R3": 0
            },
            {
              "R0": 16,
              "R1": 1,
              "R2": 0,
              "R3": 0
            },
            {
              "R0": 17,
              "R1": 0,
              "R2": 0,
              "R3": 0
            },
            {
              "R0": 17,
              "R1": 0,
              "R2": 0,
              "R3": 0
            }
          ],
          "skill_id": "skill-198267d0f07cd4346bee",
          "specification_hash": "989a63c5a212ed3005e506f0884a6cb8041121a232d98e8148719cad4ed70b8f"
        },
        "proof_kind": "COMMUTING_DRAINS_SAME_DESTINATION",
        "second": {
          "action_stream_hash": "1180b111d713687b12bfcfb41dd8d5e3f36e7850851c672fe78ce316904114f2",
          "captured_actions": [
            "M R1 R0",
            "M R1 R0",
            "M R1 R0",
            "M R2 R0",
            "M R2 R0",
            "M R2 R0",
            "M R2 R0",
            "M R2 R0",
            "M R3 R0",
            "M R3 R0",
            "M R3 R0",
            "M R3 R0",
            "M R3 R0",
            "M R3 R0",
            "M R3 R0",
            "H"
          ],
          "executed_steps": 16,
          "execution_hash": "2a6336c1370c7f2195f27f96ea74fa5ec835b4ad1e409597775ceac4e5698b8a",
          "final_state": {
            "R0": 17,
            "R1": 0,
            "R2": 0,
            "R3": 0
          },
          "final_state_effect_hash": "4840eb7aaed4c4b4bc91a8c89f63d1c5a1fe9e3363dc9098a7402ed537578f65",
          "initial_state": {
            "R0": 2,
            "R1": 3,
            "R2": 5,
            "R3": 7
          },
          "intermediate_states": [
            {
              "R0": 3,
              "R1": 2,
              "R2": 5,
              "R3": 7
            },
            {
              "R0": 4,
              "R1": 1,
              "R2": 5,
              "R3": 7
            },
            {
              "R0": 5,
              "R1": 0,
              "R2": 5,
              "R3": 7
            },
            {
              "R0": 6,
              "R1": 0,
              "R2": 4,
              "R3": 7
            },
            {
              "R0": 7,
              "R1": 0,
              "R2": 3,
              "R3": 7
            },
            {
              "R0": 8,
              "R1": 0,
              "R2": 2,
              "R3": 7
            },
            {
              "R0": 9,
              "R1": 0,
              "R2": 1,
              "R3": 7
            },
            {
              "R0": 10,
              "R1": 0,
              "R2": 0,
              "R3": 7
            },
            {
              "R0": 11,
              "R1": 0,
              "R2": 0,
              "R3": 6
            },
            {
              "R0": 12,
              "R1": 0,
              "R2": 0,
              "R3": 5
            },
            {
              "R0": 13,
              "R1": 0,
              "R2": 0,
              "R3": 4
            },
            {
              "R0": 14,
              "R1": 0,
              "R2": 0,
              "R3": 3
            },
            {
              "R0": 15,
              "R1": 0,
              "R2": 0,
              "R3": 2
            },
            {
              "R0": 16,
              "R1": 0,
              "R2": 0,
              "R3": 1
            },
            {
              "R0": 17,
              "R1": 0,
              "R2": 0,
              "R3": 0
            },
            {
              "R0": 17,
              "R1": 0,
              "R2": 0,
              "R3": 0
            }
          ],
          "skill_id": "skill-b57bd8d684d1d77cced3",
          "specification_hash": "05b7a3dd94329e6b2d30ec510de9b047e7b58fce183408407dfbb9337da5cb7d"
        }
      },
      {
        "equivalence_class_hash": "fe06eac69a5ad6001ee85180361268726a782b77844cd6149b0df3d7b3b0988f",
        "first": {
          "action_stream_hash": "2deb36ee244fbcc6acbceb9c2a83c5423407c108dc417bf152dec7e366438d3e",
          "captured_actions": [
            "M R2 R0",
            "M R2 R0",
            "M R2 R0",
            "M R2 R0",
            "M R2 R0",
            "M R3 R0",
            "M R3 R0",
            "M R3 R0",
            "M R3 R0",
            "M R3 R0",
            "M R3 R0",
            "M R3 R0",
            "M R1 R0",
            "M R1 R0",
            "M R1 R0",
            "H"
          ],
          "executed_steps": 16,
          "execution_hash": "946144f5d361fbd3dc309e137bc136fb1664994d8c06bf6aa04d15e6192a30cb",
          "final_state": {
            "R0": 17,
            "R1": 0,
            "R2": 0,
            "R3": 0
          },
          "final_state_effect_hash": "4840eb7aaed4c4b4bc91a8c89f63d1c5a1fe9e3363dc9098a7402ed537578f65",
          "initial_state": {
            "R0": 2,
            "R1": 3,
            "R2": 5,
            "R3": 7
          },
          "intermediate_states": [
            {
              "R0": 3,
              "R1": 3,
              "R2": 4,
              "R3": 7
            },
            {
              "R0": 4,
              "R1": 3,
              "R2": 3,
              "R3": 7
            },
            {
              "R0": 5,
              "R1": 3,
              "R2": 2,
              "R3": 7
            },
            {
              "R0": 6,
              "R1": 3,
              "R2": 1,
              "R3": 7
            },
            {
              "R0": 7,
              "R1": 3,
              "R2": 0,
              "R3": 7
            },
            {
              "R0": 8,
              "R1": 3,
              "R2": 0,
              "R3": 6
            },
            {
              "R0": 9,
              "R1": 3,
              "R2": 0,
              "R3": 5
            },
            {
              "R0": 10,
              "R1": 3,
              "R2": 0,
              "R3": 4
            },
            {
              "R0": 11,
              "R1": 3,
              "R2": 0,
              "R3": 3
            },
            {
              "R0": 12,
              "R1": 3,
              "R2": 0,
              "R3": 2
            },
            {
              "R0": 13,
              "R1": 3,
              "R2": 0,
              "R3": 1
            },
            {
              "R0": 14,
              "R1": 3,
              "R2": 0,
              "R3": 0
            },
            {
              "R0": 15,
              "R1": 2,
              "R2": 0,
              "R3": 0
            },
            {
              "R0": 16,
              "R1": 1,
              "R2": 0,
              "R3": 0
            },
            {
              "R0": 17,
              "R1": 0,
              "R2": 0,
              "R3": 0
            },
            {
              "R0": 17,
              "R1": 0,
              "R2": 0,
              "R3": 0
            }
          ],
          "skill_id": "skill-198267d0f07cd4346bee",
          "specification_hash": "989a63c5a212ed3005e506f0884a6cb8041121a232d98e8148719cad4ed70b8f"
        },
        "proof_kind": "COMMUTING_DRAINS_SAME_DESTINATION",
        "second": {
          "action_stream_hash": "df811bee7325d8e10a002da15dfa310023d5e1f12e36ec105c9ea1cf6f5dcdc1",
          "captured_actions": [
            "M R3 R0",
            "M R3 R0",
            "M R3 R0",
            "M R3 R0",
            "M R3 R0",
            "M R3 R0",
            "M R3 R0",
            "M R2 R0",
            "M R2 R0",
            "M R2 R0",
            "M R2 R0",
            "M R2 R0",
            "M R1 R0",
            "M R1 R0",
            "M R1 R0",
            "H"
          ],
          "executed_steps": 16,
          "execution_hash": "7df2b7ace325dfc009b9d3b668b155100abd08170b7c68ea28c28dcb4ad4bed1",
          "final_state": {
            "R0": 17,
            "R1": 0,
            "R2": 0,
            "R3": 0
          },
          "final_state_effect_hash": "4840eb7aaed4c4b4bc91a8c89f63d1c5a1fe9e3363dc9098a7402ed537578f65",
          "initial_state": {
            "R0": 2,
            "R1": 3,
            "R2": 5,
            "R3": 7
          },
          "intermediate_states": [
            {
              "R0": 3,
              "R1": 3,
              "R2": 5,
              "R3": 6
            },
            {
              "R0": 4,
              "R1": 3,
              "R2": 5,
              "R3": 5
            },
            {
              "R0": 5,
              "R1": 3,
              "R2": 5,
              "R3": 4
            },
            {
              "R0": 6,
              "R1": 3,
              "R2": 5,
              "R3": 3
            },
            {
              "R0": 7,
              "R1": 3,
              "R2": 5,
              "R3": 2
            },
            {
              "R0": 8,
              "R1": 3,
              "R2": 5,
              "R3": 1
            },
            {
              "R0": 9,
              "R1": 3,
              "R2": 5,
              "R3": 0
            },
            {
              "R0": 10,
              "R1": 3,
              "R2": 4,
              "R3": 0
            },
            {
              "R0": 11,
              "R1": 3,
              "R2": 3,
              "R3": 0
            },
            {
              "R0": 12,
              "R1": 3,
              "R2": 2,
              "R3": 0
            },
            {
              "R0": 13,
              "R1": 3,
              "R2": 1,
              "R3": 0
            },
            {
              "R0": 14,
              "R1": 3,
              "R2": 0,
              "R3": 0
            },
            {
              "R0": 15,
              "R1": 2,
              "R2": 0,
              "R3": 0
            },
            {
              "R0": 16,
              "R1": 1,
              "R2": 0,
              "R3": 0
            },
            {
              "R0": 17,
              "R1": 0,
              "R2": 0,
              "R3": 0
            },
            {
              "R0": 17,
              "R1": 0,
              "R2": 0,
              "R3": 0
            }
          ],
          "skill_id": "skill-dfb4de2461888d593b5f",
          "specification_hash": "fad4bf1425523c0019d60e6c9d39b54afb884885407a96b45c276a9541091e86"
        }
      },
      {
        "equivalence_class_hash": "fe06eac69a5ad6001ee85180361268726a782b77844cd6149b0df3d7b3b0988f",
        "first": {
          "action_stream_hash": "2deb36ee244fbcc6acbceb9c2a83c5423407c108dc417bf152dec7e366438d3e",
          "captured_actions": [
            "M R2 R0",
            "M R2 R0",
            "M R2 R0",
            "M R2 R0",
            "M R2 R0",
            "M R3 R0",
            "M R3 R0",
            "M R3 R0",
            "M R3 R0",
            "M R3 R0",
            "M R3 R0",
            "M R3 R0",
            "M R1 R0",
            "M R1 R0",
            "M R1 R0",
            "H"
          ],
          "executed_steps": 16,
          "execution_hash": "946144f5d361fbd3dc309e137bc136fb1664994d8c06bf6aa04d15e6192a30cb",
          "final_state": {
            "R0": 17,
            "R1": 0,
            "R2": 0,
            "R3": 0
          },
          "final_state_effect_hash": "4840eb7aaed4c4b4bc91a8c89f63d1c5a1fe9e3363dc9098a7402ed537578f65",
          "initial_state": {
            "R0": 2,
            "R1": 3,
            "R2": 5,
            "R3": 7
          },
          "intermediate_states": [
            {
              "R0": 3,
              "R1": 3,
              "R2": 4,
              "R3": 7
            },
            {
              "R0": 4,
              "R1": 3,
              "R2": 3,
              "R3": 7
            },
            {
              "R0": 5,
              "R1": 3,
              "R2": 2,
              "R3": 7
            },
            {
              "R0": 6,
              "R1": 3,
              "R2": 1,
              "R3": 7
            },
            {
              "R0": 7,
              "R1": 3,
              "R2": 0,
              "R3": 7
            },
            {
              "R0": 8,
              "R1": 3,
              "R2": 0,
              "R3": 6
            },
            {
              "R0": 9,
              "R1": 3,
              "R2": 0,
              "R3": 5
            },
            {
              "R0": 10,
              "R1": 3,
              "R2": 0,
              "R3": 4
            },
            {
              "R0": 11,
              "R1": 3,
              "R2": 0,
              "R3": 3
            },
            {
              "R0": 12,
              "R1": 3,
              "R2": 0,
              "R3": 2
            },
            {
              "R0": 13,
              "R1": 3,
              "R2": 0,
              "R3": 1
            },
            {
              "R0": 14,
              "R1": 3,
              "R2": 0,
              "R3": 0
            },
            {
              "R0": 15,
              "R1": 2,
              "R2": 0,
              "R3": 0
            },
            {
              "R0": 16,
              "R1": 1,
              "R2": 0,
              "R3": 0
            },
            {
              "R0": 17,
              "R1": 0,
              "R2": 0,
              "R3": 0
            },
            {
              "R0": 17,
              "R1": 0,
              "R2": 0,
              "R3": 0
            }
          ],
          "skill_id": "skill-198267d0f07cd4346bee",
          "specification_hash": "989a63c5a212ed3005e506f0884a6cb8041121a232d98e8148719cad4ed70b8f"
        },
        "proof_kind": "COMMUTING_DRAINS_SAME_DESTINATION",
        "second": {
          "action_stream_hash": "af3891bc7a74d57f98d862ecdc7106bf03ad688379e704ce55e27e3f0b96c64b",
          "captured_actions": [
            "M R1 R0",
            "M R1 R0",
            "M R1 R0",
            "M R3 R0",
            "M R3 R0",
            "M R3 R0",
            "M R3 R0",
            "M R3 R0",
            "M R3 R0",
            "M R3 R0",
            "M R2 R0",
            "M R2 R0",
            "M R2 R0",
            "M R2 R0",
            "M R2 R0",
            "H"
          ],
          "executed_steps": 16,
          "execution_hash": "f2e404595a08cd64b53d74feb62925522c0af57038076d6474587bfc3fe33c9a",
          "final_state": {
            "R0": 17,
            "R1": 0,
            "R2": 0,
            "R3": 0
          },
          "final_state_effect_hash": "4840eb7aaed4c4b4bc91a8c89f63d1c5a1fe9e3363dc9098a7402ed537578f65",
          "initial_state": {
            "R0": 2,
            "R1": 3,
            "R2": 5,
            "R3": 7
          },
          "intermediate_states": [
            {
              "R0": 3,
              "R1": 2,
              "R2": 5,
              "R3": 7
            },
            {
              "R0": 4,
              "R1": 1,
              "R2": 5,
              "R3": 7
            },
            {
              "R0": 5,
              "R1": 0,
              "R2": 5,
              "R3": 7
            },
            {
              "R0": 6,
              "R1": 0,
              "R2": 5,
              "R3": 6
            },
            {
              "R0": 7,
              "R1": 0,
              "R2": 5,
              "R3": 5
            },
            {
              "R0": 8,
              "R1": 0,
              "R2": 5,
              "R3": 4
            },
            {
              "R0": 9,
              "R1": 0,
              "R2": 5,
              "R3": 3
            },
            {
              "R0": 10,
              "R1": 0,
              "R2": 5,
              "R3": 2
            },
            {
              "R0": 11,
              "R1": 0,
              "R2": 5,
              "R3": 1
            },
            {
              "R0": 12,
              "R1": 0,
              "R2": 5,
              "R3": 0
            },
            {
              "R0": 13,
              "R1": 0,
              "R2": 4,
              "R3": 0
            },
            {
              "R0": 14,
              "R1": 0,
              "R2": 3,
              "R3": 0
            },
            {
              "R0": 15,
              "R1": 0,
              "R2": 2,
              "R3": 0
            },
            {
              "R0": 16,
              "R1": 0,
              "R2": 1,
              "R3": 0
            },
            {
              "R0": 17,
              "R1": 0,
              "R2": 0,
              "R3": 0
            },
            {
              "R0": 17,
              "R1": 0,
              "R2": 0,
              "R3": 0
            }
          ],
          "skill_id": "skill-e0bf2195c1ea4a62c77d",
          "specification_hash": "fafcb4f20b2409e14ad5ab633163cac26d5586e3e529da77263ae2c326e36411"
        }
      },
      {
        "equivalence_class_hash": "87bf47ace41d549d51030becd9944ab50a129f88ac3817686b1b3b4ec0af2d64",
        "first": {
          "action_stream_hash": "575f586273715239492efb5ef53af1594dfe406139f153535139baacb991c176",
          "captured_actions": [
            "M R2 R1",
            "M R2 R1",
            "M R2 R1",
            "M R2 R1",
            "M R2 R1",
            "M R3 R1",
            "M R3 R1",
            "M R3 R1",
            "M R3 R1",
            "M R3 R1",
            "M R3 R1",
            "M R3 R1",
            "M R0 R1",
            "M R0 R1",
            "H"
          ],
          "executed_steps": 15,
          "execution_hash": "6a655160ba00d7a3d69bbfb37ebb734504abc31302a14fc4c81f71c7b5a4a3ec",
          "final_state": {
            "R0": 0,
            "R1": 17,
            "R2": 0,
            "R3": 0
          },
          "final_state_effect_hash": "687797e505b798747101c060ac26b6831e724df145e51480daa1783dbbe4d16a",
          "initial_state": {
            "R0": 2,
            "R1": 3,
            "R2": 5,
            "R3": 7
          },
          "intermediate_states": [
            {
              "R0": 2,
              "R1": 4,
              "R2": 4,
              "R3": 7
            },
            {
              "R0": 2,
              "R1": 5,
              "R2": 3,
              "R3": 7
            },
            {
              "R0": 2,
              "R1": 6,
              "R2": 2,
              "R3": 7
            },
            {
              "R0": 2,
              "R1": 7,
              "R2": 1,
              "R3": 7
            },
            {
              "R0": 2,
              "R1": 8,
              "R2": 0,
              "R3": 7
            },
            {
              "R0": 2,
              "R1": 9,
              "R2": 0,
              "R3": 6
            },
            {
              "R0": 2,
              "R1": 10,
              "R2": 0,
              "R3": 5
            },
            {
              "R0": 2,
              "R1": 11,
              "R2": 0,
              "R3": 4
            },
            {
              "R0": 2,
              "R1": 12,
              "R2": 0,
              "R3": 3
            },
            {
              "R0": 2,
              "R1": 13,
              "R2": 0,
              "R3": 2
            },
            {
              "R0": 2,
              "R1": 14,
              "R2": 0,
              "R3": 1
            },
            {
              "R0": 2,
              "R1": 15,
              "R2": 0,
              "R3": 0
            },
            {
              "R0": 1,
              "R1": 16,
              "R2": 0,
              "R3": 0
            },
            {
              "R0": 0,
              "R1": 17,
              "R2": 0,
              "R3": 0
            },
            {
              "R0": 0,
              "R1": 17,
              "R2": 0,
              "R3": 0
            }
          ],
          "skill_id": "skill-0ba8533e75aeced9eadf",
          "specification_hash": "f3e88f9e6d32e8c5773454d9f9349e95052201c1a3425dacf7e2646037f4e825"
        },
        "proof_kind": "COMMUTING_DRAINS_SAME_DESTINATION",
        "second": {
          "action_stream_hash": "144ab34923213bf89415ca10eb80084cffbcaab5ba0ae42812285b57c7711b74",
          "captured_actions": [
            "M R2 R1",
            "M R2 R1",
            "M R2 R1",
            "M R2 R1",
            "M R2 R1",
            "M R0 R1",
            "M R0 R1",
            "M R3 R1",
            "M R3 R1",
            "M R3 R1",
            "M R3 R1",
            "M R3 R1",
            "M R3 R1",
            "M R3 R1",
            "H"
          ],
          "executed_steps": 15,
          "execution_hash": "d34f696fff9c49711853dff4c0e4b88188b25c413bdabcfe551cd38392588958",
          "final_state": {
            "R0": 0,
            "R1": 17,
            "R2": 0,
            "R3": 0
          },
          "final_state_effect_hash": "687797e505b798747101c060ac26b6831e724df145e51480daa1783dbbe4d16a",
          "initial_state": {
            "R0": 2,
            "R1": 3,
            "R2": 5,
            "R3": 7
          },
          "intermediate_states": [
            {
              "R0": 2,
              "R1": 4,
              "R2": 4,
              "R3": 7
            },
            {
              "R0": 2,
              "R1": 5,
              "R2": 3,
              "R3": 7
            },
            {
              "R0": 2,
              "R1": 6,
              "R2": 2,
              "R3": 7
            },
            {
              "R0": 2,
              "R1": 7,
              "R2": 1,
              "R3": 7
            },
            {
              "R0": 2,
              "R1": 8,
              "R2": 0,
              "R3": 7
            },
            {
              "R0": 1,
              "R1": 9,
              "R2": 0,
              "R3": 7
            },
            {
              "R0": 0,
              "R1": 10,
              "R2": 0,
              "R3": 7
            },
            {
              "R0": 0,
              "R1": 11,
              "R2": 0,
              "R3": 6
            },
            {
              "R0": 0,
              "R1": 12,
              "R2": 0,
              "R3": 5
            },
            {
              "R0": 0,
              "R1": 13,
              "R2": 0,
              "R3": 4
            },
            {
              "R0": 0,
              "R1": 14,
              "R2": 0,
              "R3": 3
            },
            {
              "R0": 0,
              "R1": 15,
              "R2": 0,
              "R3": 2
            },
            {
              "R0": 0,
              "R1": 16,
              "R2": 0,
              "R3": 1
            },
            {
              "R0": 0,
              "R1": 17,
              "R2": 0,
              "R3": 0
            },
            {
              "R0": 0,
              "R1": 17,
              "R2": 0,
              "R3": 0
            }
          ],
          "skill_id": "skill-47377194946c6629e076",
          "specification_hash": "909c381d6bad7128f79b6ab4e637f1348fd1fbbc9291abda8feb1cce86a31f8d"
        }
      },
      {
        "equivalence_class_hash": "87bf47ace41d549d51030becd9944ab50a129f88ac3817686b1b3b4ec0af2d64",
        "first": {
          "action_stream_hash": "575f586273715239492efb5ef53af1594dfe406139f153535139baacb991c176",
          "captured_actions": [
            "M R2 R1",
            "M R2 R1",
            "M R2 R1",
            "M R2 R1",
            "M R2 R1",
            "M R3 R1",
            "M R3 R1",
            "M R3 R1",
            "M R3 R1",
            "M R3 R1",
            "M R3 R1",
            "M R3 R1",
            "M R0 R1",
            "M R0 R1",
            "H"
          ],
          "executed_steps": 15,
          "execution_hash": "6a655160ba00d7a3d69bbfb37ebb734504abc31302a14fc4c81f71c7b5a4a3ec",
          "final_state": {
            "R0": 0,
            "R1": 17,
            "R2": 0,
            "R3": 0
          },
          "final_state_effect_hash": "687797e505b798747101c060ac26b6831e724df145e51480daa1783dbbe4d16a",
          "initial_state": {
            "R0": 2,
            "R1": 3,
            "R2": 5,
            "R3": 7
          },
          "intermediate_states": [
            {
              "R0": 2,
              "R1": 4,
              "R2": 4,
              "R3": 7
            },
            {
              "R0": 2,
              "R1": 5,
              "R2": 3,
              "R3": 7
            },
            {
              "R0": 2,
              "R1": 6,
              "R2": 2,
              "R3": 7
            },
            {
              "R0": 2,
              "R1": 7,
              "R2": 1,
              "R3": 7
            },
            {
              "R0": 2,
              "R1": 8,
              "R2": 0,
              "R3": 7
            },
            {
              "R0": 2,
              "R1": 9,
              "R2": 0,
              "R3": 6
            },
            {
              "R0": 2,
              "R1": 10,
              "R2": 0,
              "R3": 5
            },
            {
              "R0": 2,
              "R1": 11,
              "R2": 0,
              "R3": 4
            },
            {
              "R0": 2,
              "R1": 12,
              "R2": 0,
              "R3": 3
            },
            {
              "R0": 2,
              "R1": 13,
              "R2": 0,
              "R3": 2
            },
            {
              "R0": 2,
              "R1": 14,
              "R2": 0,
              "R3": 1
            },
            {
              "R0": 2,
              "R1": 15,
              "R2": 0,
              "R3": 0
            },
            {
              "R0": 1,
              "R1": 16,
              "R2": 0,
              "R3": 0
            },
            {
              "R0": 0,
              "R1": 17,
              "R2": 0,
              "R3": 0
            },
            {
              "R0": 0,
              "R1": 17,
              "R2": 0,
              "R3": 0
            }
          ],
          "skill_id": "skill-0ba8533e75aeced9eadf",
          "specification_hash": "f3e88f9e6d32e8c5773454d9f9349e95052201c1a3425dacf7e2646037f4e825"
        },
        "proof_kind": "COMMUTING_DRAINS_SAME_DESTINATION",
        "second": {
          "action_stream_hash": "68eb1d6d1430cd3a502a49cae6ff7f7cf5c28152de04af125100dcc57776bbf3",
          "captured_actions": [
            "M R3 R1",
            "M R3 R1",
            "M R3 R1",
            "M R3 R1",
            "M R3 R1",
            "M R3 R1",
            "M R3 R1",
            "M R2 R1",
            "M R2 R1",
            "M R2 R1",
            "M R2 R1",
            "M R2 R1",
            "M R0 R1",
            "M R0 R1",
            "H"
          ],
          "executed_steps": 15,
          "execution_hash": "0b282774d88f18d86f2f4594a9522977e278ac9299ae1049aa25a01f623289ff",
          "final_state": {
            "R0": 0,
            "R1": 17,
            "R2": 0,
            "R3": 0
          },
          "final_state_effect_hash": "687797e505b798747101c060ac26b6831e724df145e51480daa1783dbbe4d16a",
          "initial_state": {
            "R0": 2,
            "R1": 3,
            "R2": 5,
            "R3": 7
          },
          "intermediate_states": [
            {
              "R0": 2,
              "R1": 4,
              "R2": 5,
              "R3": 6
            },
            {
              "R0": 2,
              "R1": 5,
              "R2": 5,
              "R3": 5
            },
            {
              "R0": 2,
              "R1": 6,
              "R2": 5,
              "R3": 4
            },
            {
              "R0": 2,
              "R1": 7,
              "R2": 5,
              "R3": 3
            },
            {
              "R0": 2,
              "R1": 8,
              "R2": 5,
              "R3": 2
            },
            {
              "R0": 2,
              "R1": 9,
              "R2": 5,
              "R3": 1
            },
            {
              "R0": 2,
              "R1": 10,
              "R2": 5,
              "R3": 0
            },
            {
              "R0": 2,
              "R1": 11,
              "R2": 4,
              "R3": 0
            },
            {
              "R0": 2,
              "R1": 12,
              "R2": 3,
              "R3": 0
            },
            {
              "R0": 2,
              "R1": 13,
              "R2": 2,
              "R3": 0
            },
            {
              "R0": 2,
              "R1": 14,
              "R2": 1,
              "R3": 0
            },
            {
              "R0": 2,
              "R1": 15,
              "R2": 0,
              "R3": 0
            },
            {
              "R0": 1,
              "R1": 16,
              "R2": 0,
              "R3": 0
            },
            {
              "R0": 0,
              "R1": 17,
              "R2": 0,
              "R3": 0
            },
            {
              "R0": 0,
              "R1": 17,
              "R2": 0,
              "R3": 0
            }
          ],
          "skill_id": "skill-7530fc1947b8e773d366",
          "specification_hash": "2687ae62eebd9f45aa32e3e2706b254304668d3cf1bc2f1e3d5efdd4903f69e7"
        }
      }
    ],
    "state_battery": [
      {
        "R0": 0,
        "R1": 0,
        "R2": 0,
        "R3": 0
      },
      {
        "R0": 1,
        "R1": 0,
        "R2": 0,
        "R3": 0
      },
      {
        "R0": 0,
        "R1": 1,
        "R2": 0,
        "R3": 0
      },
      {
        "R0": 0,
        "R1": 0,
        "R2": 1,
        "R3": 0
      },
      {
        "R0": 0,
        "R1": 0,
        "R2": 0,
        "R3": 1
      },
      {
        "R0": 2,
        "R1": 3,
        "R2": 5,
        "R3": 7
      },
      {
        "R0": 10,
        "R1": 1,
        "R2": 4,
        "R3": 2
      },
      {
        "R0": 1,
        "R1": 10,
        "R2": 2,
        "R3": 4
      },
      {
        "R0": 4,
        "R1": 2,
        "R2": 10,
        "R3": 1
      },
      {
        "R0": 2,
        "R1": 4,
        "R2": 1,
        "R3": 10
      }
    ],
    "status": "PASS",
    "structural_skill_count": 89,
    "trace_distinct_class_count": 16,
    "trace_distinct_class_hashes": [
      "334824275c4c9f3b24b0d2ed5e4e67794b91ed718fce58a02274caf4e3d1f92c",
      "fe06eac69a5ad6001ee85180361268726a782b77844cd6149b0df3d7b3b0988f",
      "87bf47ace41d549d51030becd9944ab50a129f88ac3817686b1b3b4ec0af2d64",
      "e6112aab81f1f4d7d34bce353ed91325e2666e166ea247d2bcaf11dcc4cca83c",
      "a63062e828abec2007053706ecd9d008d460c05004c17672b302924cf54ce082",
      "a0f473d3b575853824037bd8db50fcec21819e0864cf2147e728d3cafb649917",
      "3a8a4f0a337f5ddd111937bf0bce3b7f7094934b85c32edc5688023314c9e725",
      "733c5f4078702328123995f401ae3efc6004159b8846b7cbe11c8ece9b2cae92",
      "dc74200d6fb42a8199cd9ef697b1315b95f4491977968add632cd020f99d5577",
      "215e2b482fa1f56a9ef35d37cbf5888e7504605d4fc29aa4cf8ff6fcdbd6fbcf",
      "acd5eef5423f87d4457aae72f5593c2aed01145d6970ebea48430e351760c682",
      "eb64022ae6e1a4f0e2a3f60393f9ac639468f38c4478756f30dd1916996925a6",
      "b8a974d0d33a6cec9aad986616d044b316fb6a042f176b32f22c7792aab868f8",
      "41a1b47f6f4dd0951599d93bc0b95207d30932458ce99a9c495700b126450ad8",
      "56720a713080ac5fd5f11469ba7085ad0107b88330f46ca0cb94107b6483c57a",
      "1c51c37d164758cef3d093924e803ee003f226e4dc1c491a831818ce51485120"
    ]
  },
  "equivalent_integrations": [
    {
      "active_case_skill_count": 88,
      "audit_events": [
        "SKILL_QUERY_RECEIVED",
        "SKILL_UNKNOWN",
        "SKILL_QUERY_RECEIVED",
        "FINAL_STATE_EQUIVALENT_FOUND",
        "EQUIVALENT_SELECTION_REVIEWED",
        "EQUIVALENT_SELECTION_CONFIRMED",
        "EQUIVALENT_SKILL_DISPATCHED"
      ],
      "candidate_count": 1,
      "case": "merge_two",
      "dispatch_hash": "c5df1258ef8916b6db776d77734a8cb96f20382dd685fb4d6284afc2503ba5b9",
      "equivalence_class_hash": "ff8bf9492220201b7a3c00c6ed1c23f19e51bad933bd5df4c59da0b89ad66a9d",
      "final_state": {
        "R0": 0,
        "R1": 0,
        "R2": 10,
        "R3": 7
      },
      "requested_specification_hash": "e3c711218c23524f38da22cc66b4b500c2d3c4607f02835ff8c044a668e0a50b",
      "selected_specification_hash": "5db6ab5f2bb84e756049d8a468f491e269d91ebdb0558f8d750126b4f2f44b00"
    },
    {
      "active_case_skill_count": 88,
      "audit_events": [
        "SKILL_QUERY_RECEIVED",
        "SKILL_UNKNOWN",
        "SKILL_QUERY_RECEIVED",
        "FINAL_STATE_EQUIVALENT_FOUND",
        "EQUIVALENT_SELECTION_REVIEWED",
        "EQUIVALENT_SELECTION_CONFIRMED",
        "EQUIVALENT_SKILL_DISPATCHED"
      ],
      "candidate_count": 5,
      "case": "merge_three",
      "dispatch_hash": "47f4d1bf007be79868333415dc3088385142a753aa6a0e35abca375021b094ce",
      "equivalence_class_hash": "089be00812a34106b2a847460d1e27ad67285f024720cbb8d2b49e015381ba6b",
      "final_state": {
        "R0": 0,
        "R1": 0,
        "R2": 0,
        "R3": 17
      },
      "requested_specification_hash": "0202a8a02d7073daace5f3e7046e5d543af8506bcdddea0762bda490e5660598",
      "selected_specification_hash": "85eb708862170faeff24308534753ebb37f18e6402b7a940ecf2c3a3998a552a"
    },
    {
      "active_case_skill_count": 89,
      "audit_events": [
        "SKILL_QUERY_RECEIVED",
        "SKILL_UNKNOWN",
        "SKILL_QUERY_RECEIVED",
        "FINAL_STATE_EQUIVALENT_FOUND",
        "EQUIVALENT_SELECTION_REVIEWED",
        "EQUIVALENT_SELECTION_CONFIRMED",
        "EQUIVALENT_SKILL_DISPATCHED"
      ],
      "candidate_count": 1,
      "case": "singleton_noop",
      "dispatch_hash": "51476e47474fae96e1f358f3e87c7dc331f1983fc153e061b3718d3d9b432480",
      "equivalence_class_hash": "d8789050d55c125f6edfa4960901086324c370cb95f226e8c41d3ea56930c23e",
      "final_state": {
        "R0": 2,
        "R1": 3,
        "R2": 5,
        "R3": 7
      },
      "requested_specification_hash": "f687091f6850231a86ac669cc15a5107e8fbbb46ef8e95bd202d1d5e0f2b71db",
      "selected_specification_hash": "8bf0e6651a7cbbca8e2aa0ccf3d4e657ca00cc9a949a834858c21d164b3165d1"
    }
  ],
  "exact_scope_matrix": {
    "structurally_different_returned_as_exact": 0,
    "success": 178,
    "total": 178
  },
  "git_sha": "6f0f1e76b852d078056b4a0e0aca6d54fbc77d0e",
  "learned_semantic_authority": 0,
  "milestone": "M-25.2",
  "negative_checks": [
    "merge_two:normal_confirmation_rejected",
    "merge_two:equivalence_scope_tamper_rejected",
    "merge_two:requested_specification_hash_tamper_rejected",
    "merge_two:selected_specification_hash_tamper_rejected",
    "merge_two:equivalence_class_hash_tamper_rejected",
    "merge_three:normal_confirmation_rejected",
    "merge_three:equivalence_scope_tamper_rejected",
    "merge_three:requested_specification_hash_tamper_rejected",
    "merge_three:selected_specification_hash_tamper_rejected",
    "merge_three:equivalence_class_hash_tamper_rejected",
    "singleton_noop:normal_confirmation_rejected",
    "singleton_noop:equivalence_scope_tamper_rejected",
    "singleton_noop:requested_specification_hash_tamper_rejected",
    "singleton_noop:selected_specification_hash_tamper_rejected",
    "singleton_noop:equivalence_class_hash_tamper_rejected",
    "drop:FULL_EXECUTION_TRACE:substitution_rejected",
    "drop:FINAL_STATE_ONLY:substitution_rejected",
    "merge_two:stale_membership_rejected"
  ],
  "outcome": "OUTCOME_A",
  "platform": "Windows-11-10.0.26200-SP0",
  "python": "3.12.13 (main, Aug  7 2026, 02:26:41) [MSC v.1944 64 bit (AMD64)]",
  "schema": {
    "skill_registry": 3,
    "stage2": 3,
    "v2_policy": "REBUILD_FROM_VERIFIED_RULE_MEMORY"
  },
  "status": "PASS",
  "trusted_import_no_torch": true,
  "unsafe_automatic_selections": 0
}
COMMAND: uv run python scripts/m26_fact_acceptance.py
{
  "status": "PASS",
  "case_count": 18,
  "correct_count": 18,
  "accuracy": "1.0000",
  "failures": [],
  "cases": [
    {
      "name": "current_exact",
      "expected": "EXACT_SINGLE",
      "actual": "EXACT_SINGLE"
    },
    {
      "name": "historical_valid_at",
      "expected": "EXACT_SINGLE",
      "actual": "EXACT_SINGLE"
    },
    {
      "name": "bitemporal",
      "expected": "EXACT_SINGLE",
      "actual": "EXACT_SINGLE"
    },
    {
      "name": "multi",
      "expected": "EXACT_MULTI",
      "actual": "EXACT_MULTI"
    },
    {
      "name": "corroborated",
      "expected": "EXACT_SINGLE",
      "actual": "EXACT_SINGLE"
    },
    {
      "name": "conflict",
      "expected": "CONFLICT",
      "actual": "CONFLICT"
    },
    {
      "name": "retracted",
      "expected": "RETRACTED_ONLY",
      "actual": "RETRACTED_ONLY"
    },
    {
      "name": "source_retracted",
      "expected": "STALE_ONLY",
      "actual": "STALE_ONLY"
    },
    {
      "name": "source_unavailable",
      "expected": "STALE_ONLY",
      "actual": "STALE_ONLY"
    },
    {
      "name": "supersession",
      "expected": "EXACT_SINGLE",
      "actual": "EXACT_SINGLE"
    },
    {
      "name": "quantity",
      "expected": "EXACT_SINGLE",
      "actual": "EXACT_SINGLE"
    },
    {
      "name": "event",
      "expected": "EXACT_MULTI",
      "actual": "EXACT_MULTI"
    },
    {
      "name": "no_fact",
      "expected": "NO_FACT",
      "actual": "NO_FACT"
    },
    {
      "name": "unknown_entity",
      "expected": "UNKNOWN_ENTITY",
      "actual": "UNKNOWN_ENTITY"
    },
    {
      "name": "ambiguous_alias",
      "expected": "AMBIGUOUS_ENTITY",
      "actual": "AMBIGUOUS_ENTITY"
    },
    {
      "name": "unknown_predicate",
      "expected": "UNKNOWN_PREDICATE",
      "actual": "UNKNOWN_PREDICATE"
    },
    {
      "name": "invalid_unit",
      "expected": "REJECTED",
      "actual": "REJECTED"
    },
    {
      "name": "invalid_interval",
      "expected": "REJECTED",
      "actual": "REJECTED"
    }
  ],
  "claim_ids": {
    "population_old": "claim_6b7590220c7b45dab32a1b80c1a1b08f",
    "population_current": "claim_8f6a3e6171b94030b358aac4ede6662b",
    "tag_a": "claim_753cacb035a6422abe8b984ba6cbc544",
    "tag_b": "claim_cad4f379048a48529f08777e13cbad4d",
    "conflict_a": "claim_e089e80cd0a846baa61ceb64a196253d",
    "conflict_b": "claim_9040f1d0a6f24d5095233e719955d1ef",
    "duplicate": "claim_654c36f5025142e891702497f384076a",
    "quantity": "claim_8e8615586abe4a91bad76f5e8efe5ab7",
    "event": "claim_fd7194333ee140d6a700af717820d0a0",
    "retracted": "claim_8954a3ac2c4e42ed938b360fa67c3983",
    "source_retracted": "claim_c526735f48074e7ebfe286ed67cbb067",
    "source_unavailable": "claim_cbfc8e6f42124d2387575446d9254f2c",
    "superseded_old": "claim_4d4253825ed5471196d8350046b5d50c",
    "superseded_new": "claim_b145cbf354c84fb19c835d4ab16a7dcc",
    "extra_10": "claim_408017d12523437f85b191788482204c",
    "extra_11": "claim_c1e394013a74452f9e7ba40003b1bb3f",
    "extra_12": "claim_ef7e9166f18445cd8e0656ef8b405cd4",
    "extra_13": "claim_556e2c2bfa1540ca8cd6b34a971c7cef",
    "extra_14": "claim_954e1e22bb6f45b7b40f980bea9d1677",
    "extra_15": "claim_98a4c63f4f72410ea312ee6115f1aba4",
    "extra_16": "claim_eae4d2c2dace4ba6a7e5c76c3e08cf53",
    "extra_17": "claim_dcc3943b9604469eba7444b9c1c23572"
  },
  "memory_snapshot_hash": "abed25ea57d9b1e94439a82a9eb748c0e333769fa30a07a8427a00b2af190ecc",
  "integrity": {
    "status": "VALID",
    "audit_event_count": 299,
    "blob_count": 22
  }
}
COMMAND: uv run python scripts/m261_fact_acceptance.py
{
  "status": "PASS",
  "case_count": 28,
  "correct_count": 28,
  "accuracy": "1.0000",
  "cases": [
    {
      "name": "one_supporting_source",
      "expected": "SUPPORTED:1",
      "actual": "SUPPORTED:1",
      "passed": true
    },
    {
      "name": "two_independent_supports",
      "expected": "CORROBORATED:2",
      "actual": "CORROBORATED:2",
      "passed": true
    },
    {
      "name": "mirrored_support",
      "expected": "SUPPORTED:1",
      "actual": "SUPPORTED:1",
      "passed": true
    },
    {
      "name": "support_plus_contradiction",
      "expected": "SUPPORTED:CONTESTED:1:1",
      "actual": "SUPPORTED:CONTESTED:1:1",
      "passed": true
    },
    {
      "name": "two_supports_plus_contradiction",
      "expected": "2:1:CONTESTED",
      "actual": "2:1:CONTESTED",
      "passed": true
    },
    {
      "name": "supporting_source_retracted",
      "expected": "STALE_ONLY",
      "actual": "STALE_ONLY",
      "passed": true
    },
    {
      "name": "contradicting_source_retracted",
      "expected": "EXACT_SINGLE:STALE",
      "actual": "EXACT_SINGLE:STALE",
      "passed": true
    },
    {
      "name": "model_source_only",
      "expected": "REJECTED",
      "actual": "REJECTED",
      "passed": true
    },
    {
      "name": "model_plus_official_support",
      "expected": "COMMITTED",
      "actual": "COMMITTED",
      "passed": true
    },
    {
      "name": "blank_reviewer",
      "expected": "REJECTED",
      "actual": "REJECTED",
      "passed": true
    },
    {
      "name": "lowercase_model_actor_bypass",
      "expected": "REJECTED",
      "actual": "REJECTED",
      "passed": true
    },
    {
      "name": "known_at_before_claim_retraction",
      "expected": "EXACT_SINGLE:NONE",
      "actual": "EXACT_SINGLE:NONE",
      "passed": true
    },
    {
      "name": "known_at_before_source_retraction",
      "expected": "CURRENT",
      "actual": "CURRENT",
      "passed": true
    },
    {
      "name": "known_at_before_conflict_resolution",
      "expected": "CONFLICT",
      "actual": "CONFLICT",
      "passed": true
    },
    {
      "name": "unresolved_conflict",
      "expected": "CONFLICT",
      "actual": "CONFLICT",
      "passed": true
    },
    {
      "name": "source_retracted_conflict",
      "expected": "CONFLICT:SOURCE_RETRACTED_OR_UNAVAILABLE_SIDE",
      "actual": "CONFLICT:SOURCE_RETRACTED_OR_UNAVAILABLE_SIDE",
      "passed": true
    },
    {
      "name": "claim_retraction_resolution",
      "expected": "EXACT_SINGLE:claim_3167ded22ff942b88703836a2f0207f1:RESOLVED_CONFLICT_HISTORY",
      "actual": "EXACT_SINGLE:claim_3167ded22ff942b88703836a2f0207f1:RESOLVED_CONFLICT_HISTORY",
      "passed": true
    },
    {
      "name": "supersession_resolution",
      "expected": "EXACT_SINGLE:claim_f1eea5e6960b46329a2a8456eb2220af:RESOLVED_CONFLICT_HISTORY",
      "actual": "EXACT_SINGLE:claim_f1eea5e6960b46329a2a8456eb2220af:RESOLVED_CONFLICT_HISTORY",
      "passed": true
    },
    {
      "name": "manual_resolution",
      "expected": "EXACT_SINGLE:claim_39839613ac40464a9894e3cce33b1d84:RESOLVED_CONFLICT_HISTORY",
      "actual": "EXACT_SINGLE:claim_39839613ac40464a9894e3cce33b1d84:RESOLVED_CONFLICT_HISTORY",
      "passed": true
    },
    {
      "name": "overlap_allowed",
      "expected": "0",
      "actual": "0",
      "passed": true
    },
    {
      "name": "overlap_forbidden",
      "expected": "1",
      "actual": "1",
      "passed": true
    },
    {
      "name": "include_evidence_true",
      "expected": "FULL:1",
      "actual": "FULL:1",
      "passed": true
    },
    {
      "name": "include_evidence_false",
      "expected": "REFERENCES_ONLY:0:1",
      "actual": "REFERENCES_ONLY:0:1",
      "passed": true
    },
    {
      "name": "current_source_status",
      "expected": "RETRACTED",
      "actual": "RETRACTED",
      "passed": true
    },
    {
      "name": "source_status_as_of",
      "expected": "ACTIVE",
      "actual": "ACTIVE",
      "passed": true
    },
    {
      "name": "duplicate_mixed_polarity",
      "expected": "2:1:CONTESTED",
      "actual": "2:1:CONTESTED",
      "passed": true
    },
    {
      "name": "v1_to_v2_migration",
      "expected": "VALID:2:TRUE",
      "actual": "VALID:2:TRUE",
      "passed": true
    },
    {
      "name": "migration_corrupt_source_rollback",
      "expected": "ROLLED_BACK",
      "actual": "ROLLED_BACK",
      "passed": true
    }
  ],
  "failures": []
}
COMMAND: migration battery
...                                                                      [100%]
3 passed, 26 deselected in 1.78s
COMMAND: temporal battery
....                                                                     [100%]
4 passed, 25 deselected in 1.59s
COMMAND: conflict battery
...                                                                      [100%]
3 passed, 26 deselected in 1.86s
COMMAND: evidence-polarity battery
......                                                                   [100%]
6 passed, 23 deselected in 2.26s
COMMAND: model-authority battery
.............                                                            [100%]
13 passed, 16 deselected in 3.16s
COMMAND: schema-v1 CLI migration smoke
{"created_at":"2026-08-26T05:07:21.088231Z","duration_seconds":"0.982603","evidence_polarity_counts":{"CONTRADICTS":0,"SUPPORTS":105},"initial_conflict_resolution_event_count":5,"integrity":{"audit_event_count":3,"blob_count":101,"status":"VALID"},"migration":"FACT_MEMORY_V1_TO_V2","migration_manifest_sha256":"b8957ef0b330f3f6834a666e38f036a3c70cd79582817b762bb99f71ad5c7023","migration_record_hash_count":1755,"record_counts":{"approvals":100,"audit_events":3,"claim_evidence":105,"claim_relations":0,"claim_status_events":105,"claims":100,"conflict_groups":5,"conflict_resolution_events":5,"entities":1000,"evidence":105,"fact_answers":0,"fact_queries":0,"predicate_definitions":25,"proposals":700,"source_status_events":10,"sources":200},"source_blobs":[{"sha256":"01057cfada2298f55a3ffc7a3369bd3b08734f99dcdf9e2be8b607f26fe59c71","size":71},{"sha256":"01f5ff17061c7addf7d2aff41321e30cb5af28bafb37669dfdef28c8fb922062","size":76},{"sha256":"02e0c1c5e4044a008f79748ebed57f16346db5cc5c619e7c989e3c72c6cd064f","size":71},{"sha256":"03222cb78fe63ef897acda49c09006136880d9098a991995a71274648dc1e14e","size":71},{"sha256":"04ff6ce538455ade1360be899429ebdca40fc193417d1ae86ed12db0fdae328f","size":93},{"sha256":"06e574b654bd50bda7f28e8cd467546e9aa240074d01c9b7780be8b816daf567","size":74},{"sha256":"0747da2e6a86fefdf5c1c77b76aeefee724e7a83160a4d5aeda307fa88be3979","size":93},{"sha256":"075c79fdd54dc948cb52d6fa364ceb0181bd5589dc15dbd952d2e21afea6cebf","size":77},{"sha256":"1362090dcc469ea3ecd276803545059d49e4c77281f066a43519ee770cbd19f1","size":155},{"sha256":"13c84e4cf7b6c4a0aa1257268b0dd6ec39fe092f846441a1d378f70a6c4cd6c6","size":90},{"sha256":"1503a465afda7c65eacc681d42fa29b29365394541c97aba06b8df647340de01","size":74},{"sha256":"1df1c91c693202889eee3e795dce53d7cafd3636a34e96ecc6a0a0e69b1ec7c2","size":76},{"sha256":"21043ef6f2ce8596725e0132eb91e3df5916e4677c148bc6da110d687cc89600","size":76},{"sha256":"2268abe6b65a745af85d9ce189788cdb33d5d665212bd28ad515853bdb39d14a","size":93},{"sha256":"2cbb44c801d411107c76d9612f2c025daad86d49add36939282428d6b3dde177","size":76},{"sha256":"2d686409946883bb791e3fdae8cbfb74772b5c034f22454f1760bc756eaee6c2","size":74},{"sha256":"324fb08b2b1ce5aeb57d04acca59c43e5fff18545e0fb00e920f96d96a7f9a46","size":77},{"sha256":"340583980ef5be31a17a610146eb136702126addf2e2621fa6f5f1ea43ac4c19","size":71},{"sha256":"36e63918b4110bed87469494ae636370be1446d1d25e31012625599ce3ee79ed","size":77},{"sha256":"376a3fb0d6c7b2b927870cf773371f438ed156bb952f0fb138bb9dd5bac5ad44","size":71},{"sha256":"37a20bc315ba083cb35a12625488e618ee9e7a7339ff616a1c9547d00c1e4fac","size":72},{"sha256":"386ed727b6f502ee269893ba59a6f432ac23904ceba2b30856c5ee6d122883eb","size":74},{"sha256":"38979d98fa14e503be9a239c06c9449a9abdc7e2245cc56f4ec894c9356e7298","size":93},{"sha256":"3dc4c08b5c17e0a1eb3e22fd1375881f0c1faca4363aa8a8c233e597ed75e62f","size":71},{"sha256":"3fec4bc32a47a7411df738a04f5758b66ccaf1d4eb277145c54c7794afe1a957","size":92},{"sha256":"41f2134779acb0fe950fff04fa6207ab59b45b638f4432e2482297109f5a7dcd","size":71},{"sha256":"44136fa355b3678a1146ad16f7e8649e94fb4fc21fe77e8310c060f61caaff8a","size":2},{"sha256":"4483db80770901372bb3c4298f6fe7fdf83ada01750adf33be18c1d37d2950be","size":72},{"sha256":"469ee131e1218f60834921de5e0f3df4116203896e020bad1289f7b3b24cfbd9","size":93},{"sha256":"48bb04b74e70f2a40dae387ea75c510936ffa3bcab2b120d8fc0c2f0a9098e60","size":93},{"sha256":"4a7a52dd6e7b446b3252871c268b41a577d6b5dd9497d27fa24df851cfc9a89c","size":74},{"sha256":"4b723b82f40e0c7513775272da7c903b583723b945d775bae236457ddfe81f6a","size":76},{"sha256":"4bc05615aacafa9341d520776fb26e4306860ba70802a4c5e1dafef5216f97a9","size":72},{"sha256":"4c5f77a23b7aab312456abcbba3a9e49606edb31b31046dabf1a57866c665d5c","size":173},{"sha256":"50d861d2f092b112240b70e7de2eff8b2a3b6e1b6b622ef1adc14b57ccbab90d","size":76},{"sha256":"512db9dbe5e9ee2bf19114c1630e87cc8dfdc3cdcca048277c0ff94db294dd4b","size":77},{"sha256":"54d3948625284cd75d5f9e3cb42f822d9b1bb12fcc62041be283ab815cf867f7","size":90},{"sha256":"58d1413f6e62a3e35411823a92088ac938635181ba07c8d1869474e79b9144c5","size":75},{"sha256":"6628d0640b8e39f6bd8cf5dd7e7780ee38706111dc9fb7771196cc93a7b0dfca","size":74},{"sha256":"6ac47d4fd2e8a7ec8143081716c74a5243fbc30c39c14d83687ecccc3df5587d","size":71},{"sha256":"6bdb79667430cc7002cc3951a726db0b1685cf3459f9bb7e895ab4162907dfd2","size":155},{"sha256":"6beda85059633eb9029876fc71ea63e1990d0a0cb58d36d97acd3fbde79714c0","size":76},{"sha256":"7066a857291b17c3913f17faad9ec97452d781be23eae20639bf186986795292","size":93},{"sha256":"71ad63ceee39ab99bdb90e6d83cbde42464e7c206cbbb5222053224311d235c3","size":76},{"sha256":"7202ec3dc330a9e92f569dc89790d47c461a2d4749d0335b5974737cb4749afc","size":76},{"sha256":"79bb9a4567168074688f852b5af3303afbafadb84b622045cd15546aa8ee57f5","size":76},{"sha256":"7e74df3a927c7cf2b756bcb1afdea9133616b7488115140d006104e877fe8507","size":90},{"sha256":"80d05191a441e76122ac3483171d71c3b83f5dd6b8c2f1f8512a13e360f9fdb0","size":76},{"sha256":"84bc56034b17a785a97b1b6cbcf5d982b0a2ccc57c0f3c6a54270533c7714d6d","size":90},{"sha256":"88adddd9b9f6f514b0915d08875eabe1549287a070c4e926e6b2d923ff7902de","size":76},{"sha256":"8a3484a1a4623597e2d6243e8e960514b7fe5db6740b99437b9afe17cf49f62d","size":74},{"sha256":"8fcf550550fb91091a2651ef621edfe74d8a138801c9e5142e1700f6695a4448","size":157},{"sha256":"91c06c22840bf582d5c990a03c5eab1d3323295d5f24d922f10b8143d1bd6232","size":158},{"sha256":"93b595a926cbe148ce2340998e08512a3cf71497c1ab1d0968a0524cf1538fce","size":76},{"sha256":"96af317ee8cb1b8398af25523304c6462bcbfa4d3039b9248dd0196bded51d85","size":76},{"sha256":"98ff39b9e7f2cec0dc337e32dc2f66c68dc781df1e1bfa9880f037c0c44673de","size":72},{"sha256":"9a3dd24d8ae080221706ecb11e0ae1ab9bcf408d122e81e599ce86a1db425f52","size":74},{"sha256":"9e5cf59ed798de26b6a5adc661c7c114c05ab52dc6a38fd5eb45d36dd72019e3","size":77},{"sha256":"9e913c06dc9784259eaf31c9cd14887e0c5db9d57003d78bafa9dabdf6f6223b","size":74},{"sha256":"9ea5eedbc222e835b585cb3c8a81e188752d30cb920a96240aeee8a7db1d939e","size":71},{"sha256":"a3161851ac4e30c052b4c7204a5cc78234b3df3805c2c69466821ebfe174d4c1","size":90},{"sha256":"a35ebc5f77b6ce66642825e5e2438f75b8d5a604b22f23a8360895b12e39337e","size":71},{"sha256":"a4bf70bed55c2abb7436163b7281922a43c76a4022412965a3b31f268cb65921","size":71},{"sha256":"a649c55b211afc4b38e5bf63274324c83d6b4c9f5eadd03a188e246c73bcdd98","size":72},{"sha256":"ab92a886eaf8748366bf68eebee6b701cc5640b66b0b3b0f7210dcdddd812039","size":74},{"sha256":"ac540ddf394724c644a0f593cf759927cc653b9554dc4d62d97667d835373936","size":71},{"sha256":"affa2d3f473287bac746211235eae1225270ecae7fe6f1e85e6346637743847d","size":90},{"sha256":"b3166fecf439b78e75f6e34d4855b5e4350e47002becac6d33691bdc23bfaa5b","size":77},{"sha256":"b5c5fef94efa8f02c10a37612545071f5d0e88fb7c370506c293d45107a1f23a","size":74},{"sha256":"b686f4d1bf05d504a104df46b44e91f1b4c230fbbbe0794a78cc1122ce99bf27","size":76},{"sha256":"b81ca2017225fef35d6b582f177d59263be7d3bd92a3a6b5607dbfece95171df","size":72},{"sha256":"be2b1757ced53991a2f746d496516696f4aedad3c220d7c96f908e7c46412c80","size":72},{"sha256":"c013bc9b473270fa97284fd66204e02a779e9f09bcc4653bb120e586988261b2","size":90},{"sha256":"c14c0806fa0b81f2d0f1f174782fee83d46374a22e03cca32a6234afbd000018","size":71},{"sha256":"c26f015774dfaf14c44672ceff854aa025a390efaaa08d595dbebf25673a7b39","size":74},{"sha256":"c597b79ec4a5166d60a5cd648b64f66d64bc04aef21cb02e3747042da0ee7f65","size":71},{"sha256":"c67147dc4d37dac7b8a19967bc84320bf3359452917cf5b05bfb4c362223dad9","size":93},{"sha256":"c9ba8a0623e512b062c1f19125a9580134dbc0bff1854abd262c83b29953fe47","size":90},{"sha256":"cad10180b9aab9b3cf0f6a0c98b9e0f6e0afa7b9c6d9826a87ac7df8f06fb68d","size":76},{"sha256":"cf8f7221cee5939d15dab28b006708c47bab2946e6eed5454d629b0e68f7d72d","size":72},{"sha256":"d17c417a54f847b8411620772bdb4d1725bbfaf3b113ddfe7daf6ae9eaf70cab","size":76},{"sha256":"d1e43a24ba81aba3047acfe48b58232e6a0fce3ae4ad30df24d7e9f23d2211e0","size":76},{"sha256":"d2301a835291feca396549380c211081ddc91d9ec47d89031da93a9e50f2a786","size":93},{"sha256":"d25909b67cdf2527a1b21b2a7f8811caa337e58dba72f89b4452c6b7a804de1b","size":90},{"sha256":"d46dfb050aa488d19468f83b335eb5dccb2638edc3522d5eb4303848ae9d9e44","size":93},{"sha256":"d4ddba5d10a48d161bfa910e87addd45c3424f127a524670f4f6275429fd0def","size":71},{"sha256":"d6191ee2e9f7dfbd6325690f6e3809b4a14a7c447083f9ec71f4c117922d98b5","size":72},{"sha256":"d77f507472c16a0a587bc5650d29e9b403ec7bae24a544941f0bc6bc32083a62","size":93},{"sha256":"d91371d631cd1843950889d3e86a747b94eaafcc3643161ad73bb9105da553f0","size":71},{"sha256":"db63a75d8ebb929c6908f631715d10a256828ec36575c9753eb5db5c9e5fba6a","size":71},{"sha256":"e05bf4679ecabed7fff58f2f8743d651b0d2144613553758a60ace57bc42c855","size":93},{"sha256":"e2a617dedb59da59d8f31f3e18b1e2767cb9a9f3cccf7e31766c6cb0a35445fd","size":72},{"sha256":"e3421d2dd6bb19fb5974955e615628d335ebab9f93a9eaf076d0aeced58f97fb","size":90},{"sha256":"e6fa7117d03ed15e46941f4db68f69d0587ee8e81cd3850a950ef37e0e4ee4c0","size":93},{"sha256":"e88fb098df8fc04e571b3275b015e6ce613dcf28ca554f42367f667cd23ee2fa","size":72},{"sha256":"ec2ac3ce6c47e4dd0f09a7363d6238bd364b370f19118418d92cb6488c379b82","size":90},{"sha256":"edac10ef18d4e9a984f3c16698ce9bd1b9d1743a3f6b4f684dcb3dcf6b0c1d5c","size":90},{"sha256":"ee02c5c1519beb92bdfccd838c2f3b253487dea0e4d4ae6d66abdcb35f37f5fd","size":71},{"sha256":"f2e2ff64139fd1a68f610cc34120910e45cd85b3d340fa577444f3826bc9f02d","size":74},{"sha256":"fdf1c80a475a7d30d1a582926c25bbf2959e6d4314b0344b2e1fa0d6a0110bfa","size":74},{"sha256":"fe822d58410d2f4f8b99980ec4fcf728ed1f9c95b8b010eee167b2c877e19546","size":74}],"source_database_sha256":"a8a17dbd40232b205eff7c1ce2e023f955319259db87acb0af1a7aa89cda5c61","source_root_hash":"e9627077590256cd43b8813eeb0a5f737fc39ab865395065937f8a615d25a4fd","source_schema_version":1,"source_snapshot_hash":"14c98fd27073c43379304d87caeb6649367c3d2fa29a998666ed91c4332a56b3","source_unchanged":true,"target_database_sha256":"2892533d80e4cb1756e6bb2f8e1ef3b0b8a320c44824b61d9bd9b401faf030cc","target_migration_version":2,"target_schema_version":2,"target_snapshot_hash":"de996884ab503f91df2f6cddd483e62a787528aac1b31b60ed869441ea6f6886"}
COMMAND: 100/1000 compatibility scale smoke
[(100, 'VALID', []), (1000, 'VALID', [])]
COMMAND: no-torch probe
NO_TORCH
COMMAND: facts CLI init
{"snapshot_hash":"ded3eb2608a70a2e28040c5e1e7c4faa49be0d27b4ffc4d3e2a3ffb91bf72fbb","status":"INITIALIZED"}
COMMAND: facts CLI verify
{"audit_event_count":0,"blob_count":0,"status":"VALID"}
COMMAND: git status --porcelain
M261_LOCAL_EXACT_SHA_GATE=PASS

